P_c,T_c
8.000000000000003e-7,272.8846826923393
8.01751104616267e-7,272.8624535507499
8.035060421917567e-7,272.845332284513
8.052648211163569e-7,272.8330939109374
8.070274497983245e-7,272.82551020526387
8.087939366643193e-7,272.82234968401656
8.105642901594477e-7,272.8233775687969
8.123385187472966e-7,272.82835576390454
8.141166309099837e-7,272.83704281869433
8.158986351481929e-7,272.8491938971369
8.176845399812099e-7,272.8645607512209
8.194743539469737e-7,272.8828916797371
8.212680856021113e-7,272.90393150541473
8.230657435219742e-7,272.92742153861985
8.248673363006896e-7,272.9530995454335
8.266728725511943e-7,272.98069971399605
8.284823609052796e-7,273.0099526226817
8.302958100136256e-7,273.0405852065035
8.321132285458528e-7,273.0723207232146
8.339346251905586e-7,273.1048787197083
8.357600086553533e-7,273.13797499792395
8.375893876669127e-7,273.1713215804168
8.394227709710139e-7,273.20469661995855
8.412601673325723e-7,273.23807967604387
8.43101585535694e-7,273.27147089020383
8.449470343837107e-7,273.3048702675202
8.46796522699225e-7,273.3382778095398
8.486500593241466e-7,273.37169351962507
8.505076531197435e-7,273.4051174014978
8.523693129666804e-7,273.43854945649423
8.542350477650555e-7,273.47198968977636
8.561048664344532e-7,273.5054381022818
8.579787779139822e-7,273.5388946985461
8.598567911623122e-7,273.572359481016
8.61738915157728e-7,273.60583245199683
8.636251588981647e-7,273.63931361613487
8.655155314012548e-7,273.67280297433746
8.674100417043639e-7,273.7063005317537
8.693086988646445e-7,273.7398062897961
8.712115119590747e-7,273.77332025211666
8.73118490084495e-7,273.80684242216546
8.750296423576635e-7,273.84037280148783
8.769449779152937e-7,273.8739113951908
8.788645059140929e-7,273.9074582041503
8.807882355308168e-7,273.9410132331708
8.82716175962306e-7,273.9745764843491
8.84648336425534e-7,274.0081479604245
8.865847261576433e-7,274.041727665713
8.88525354416001e-7,274.07531560129013
8.904702304782377e-7,274.10891177238966
8.924193636422858e-7,274.142516180126
8.943727632264356e-7,274.1761288287535
8.963304385693736e-7,274.20974972108996
8.982923990302227e-7,274.24337885919874
9.002586539885965e-7,274.27701624791916
9.022292128446384e-7,274.31066188813895
9.042040850190689e-7,274.3443157849979
9.06183279953224e-7,274.3779779400079
9.081668071091113e-7,274.41164835677597
9.101546759694493e-7,274.4453270388228
9.121468960377079e-7,274.47901398772336
9.141434768381641e-7,274.51270920859866
9.161444279159427e-7,274.54641270233003
9.18149758837056e-7,274.58012447384164
9.201594791884607e-7,274.6138445250823
9.221735985780963e-7,274.6475728590782
9.241921266349349e-7,274.6813094799168
9.262150730090196e-7,274.7150543888548
9.28242447371522e-7,274.7488075911365
9.302742594147826e-7,274.782569087738
9.323105188523518e-7,274.8163388833243
9.343512354190472e-7,274.85011698023516
9.363964188709952e-7,274.88390338108354
9.384460789856709e-7,274.9176980903237
9.405002255619573e-7,274.9515011090382
9.425588684201841e-7,274.9853124425061
9.446220174021782e-7,275.0191320918324
9.466896823713034e-7,275.052960061443
9.48761873212519e-7,275.0867963539913
9.508385998324212e-7,275.12064097181553
9.529198721592852e-7,275.154493919594
9.55005700143123e-7,275.1883551983252
9.57096093755727e-7,275.2222248132862
9.591910629907103e-7,275.2561027656947
9.612906178635664e-7,275.28998905980643
9.633947684117097e-7,275.3238836984848
9.655035246945278e-7,275.3577866839146
9.676168967934208e-7,275.3916980208938
9.697348948118616e-7,275.4256177103905
9.718575288754385e-7,275.4595457576764
9.739848091318976e-7,275.4934821640357
9.761167457512034e-7,275.52742693365036
9.782533489255806e-7,275.56138006947657
9.80394628869558e-7,275.5953415736542
9.825405958200288e-7,275.62931145102135
9.84691260036291e-7,275.6632897025475
9.86846631800102e-7,275.697276333515
9.890067214157173e-7,275.73127134521104
9.911715392099546e-7,275.7652747418543
9.93341095532235e-7,275.79928652636943
9.955154007546276e-7,275.8333067009579
9.9769446527191e-7,275.8673352704233
9.998782995016139e-7,275.9013722357652
1.0020669138840665e-6,275.93541760229357
1.0042603188824547e-6,275.96947137123726
1.0064585249828654e-6,276.00353354695756
1.0086615426943405e-6,276.03760413222477
1.010869382548919e-6,276.07168312941405
1.0130820551016991e-6,276.10577054320987
1.015299570930883e-6,276.13986637468344
1.0175219406378215e-6,276.17397062917377
1.019749174847076e-6,276.20808330780716
1.021981284206464e-6,276.2422044151747
1.0242182793871042e-6,276.276333953778
1.0264601710834786e-6,276.3104719262925
1.0287069700134764e-6,276.34461833717114
1.0309586869184488e-6,276.37877318762867
1.0332153325632528e-6,276.41293648300217
1.0354769177363142e-6,276.4471082243065
1.0377434532496733e-6,276.48128841641085
1.040014949939031e-6,276.5154770614533
1.0422914186638116e-6,276.54967416255863
1.0445728703072106e-6,276.58387972379177
1.046859315776238e-6,276.61809374662914
1.0491507660017849e-6,276.65231623632576
1.0514472319386668e-6,276.68654719382755
1.0537487245656796e-6,276.7207866242771
1.0560552548856448e-6,276.7550345293815
1.0583668339254737e-6,276.78929091288967
1.0606834727362138e-6,276.82355577826667
1.0630051823930965e-6,276.8578291274296
1.0653319739956015e-6,276.8921109654068
1.067663858667502e-6,276.92640129318517
1.0700008475569213e-6,276.9607001161051
1.072342951836379e-6,276.9950074354668
1.074690182702856e-6,277.0293232556886
1.0770425513778427e-6,277.06364757951485
1.0794000691073844e-6,277.09798040950653
1.08176274716215e-6,277.13232175023717
1.0841305968374786e-6,277.1666716029307
1.0865036294534263e-6,277.2010299729618
1.0888818563548343e-6,277.23539686135524
1.0912652889113743e-6,277.2697722730989
1.093653938517607e-6,277.3041562101944
1.0960478165930274e-6,277.33854867608204
1.098446934582134e-6,277.3729496745536
1.1008513039544746e-6,277.4073592073667
1.103260936204697e-6,277.4417772796635
1.1056758428526154e-6,277.4762038924313
1.10809603544326e-6,277.51063905101904
1.1105215255469244e-6,277.54508275677705
1.1129523247592353e-6,277.57953501413783
1.1153884447011986e-6,277.61399582585017
1.1178298970192595e-6,277.6484651945603
1.1202766933853487e-6,277.6829431247898
1.1227288454969525e-6,277.7174296178498
1.1251863650771618e-6,277.7519246791155
1.1276492638747204e-6,277.78642830959257
1.1301175536640963e-6,277.82094051442954
1.1325912462455303e-6,277.85546129539773
1.135070353445085e-6,277.88999065635795
1.1375548871147165e-6,277.92452860069795
1.1400448591323206e-6,277.9590751305495
1.1425402814017951e-6,277.9936302508372
1.1450411658530869e-6,278.0281939626759
1.1475475244422626e-6,278.06276627149987
1.1500593691515603e-6,278.0973471784327
1.152576711989438e-6,278.13193668839784
1.1550995649906458e-6,278.16653480353506
1.1576279402162766e-6,278.2011415272658
1.1601618497538167e-6,278.2357568634288
1.1627013057172172e-6,278.2703808138621
1.1652463202469431e-6,278.3050133836922
1.1677969055100358e-6,278.33965457396863
1.1703530737001614e-6,278.3743043901238
1.1729148370376845e-6,278.40896283339015
1.1754822077697172e-6,278.44362990854506
1.1780551981701735e-6,278.4783056179429
1.1806338205398393e-6,278.5129899648012
1.1832180872064268e-6,278.547682953163
1.1858080105246236e-6,278.5823845847611
1.1884036028761682e-6,278.6170948647977
1.1910048766698987e-6,278.6518137943171
1.1936118443418173e-6,278.68654137875615
1.1962245183551392e-6,278.7212776193857
1.198842911200368e-6,278.75602252097093
1.2014670353953473e-6,278.790776085895
1.2040969034853138e-6,278.82553831739864
1.2067325280429707e-6,278.86030921951254
1.2093739216685423e-6,278.89508879401956
1.2120210969898252e-6,278.92987704610374
1.2146740666622645e-6,278.9646739768381
1.2173328433690042e-6,278.99947959168946
1.2199974398209525e-6,279.0342938918827
1.2226678687568325e-6,279.0691168823144
1.2253441429432588e-6,279.1039485652041
1.2280262751747904e-6,279.1387889440476
1.2307142782739847e-6,279.1736380226404
1.2334081650914734e-6,279.208495802982
1.2361079485060168e-6,279.2433622901274
1.2388136414245578e-6,279.2782374852348
1.2415252567822987e-6,279.31312139379895
1.2442428075427527e-6,279.3480140169477
1.2469663066978112e-6,279.382915359813
1.2496957672677957e-6,279.4178254242862
1.2524312023015352e-6,279.4527442143519
1.255172624876421e-6,279.4876717333195
1.257920048098462e-6,279.5226079836224
1.2606734851023615e-6,279.5575529700112
1.263432949051574e-6,279.5925066938557
1.2661984531383584e-6,279.627469160601
1.2689700105838589e-6,279.66244037130696
1.2717476346381557e-6,279.6974203313608
1.2745313385803347e-6,279.7324090422569
1.2773211357185403e-6,279.7674065085873
1.2801170393900552e-6,279.8024127329907
1.2829190629613548e-6,279.83742771860216
1.285727219828165e-6,279.8724514695811
1.288541523415541e-6,279.90748398775105
1.291361987177924e-6,279.94252527831003
1.2941886245991973e-6,279.97757534240515
1.2970214491927667e-6,280.01263418556476
1.2998604745016146e-6,280.0477018089597
1.3027057140983704e-6,280.08277821775766
1.3055571815853638e-6,280.11786341383566
1.3084148905947065e-6,280.15295740132535
1.3112788547883499e-6,280.18806018340155
1.3141490878581409e-6,280.2231717627301
1.3170256035259046e-6,280.2582921438942
1.3199084155435019e-6,280.29342132845886
1.3227975376928862e-6,280.32855932180087
1.3256929837861867e-6,280.36370612502355
1.328594767665762e-6,280.39886174364966
1.331502903204274e-6,280.4340261789615
1.3344174043047408e-6,280.4691994359943
1.3373382849006216e-6,280.5043815168351
1.340265558955874e-6,280.5395724254137
1.3431992404650127e-6,280.5747721651298
1.346139343453193e-6,280.60998073851215
1.3490858819762695e-6,280.64519815026694
1.3520388701208556e-6,280.68042440191897
1.3549983220044065e-6,280.7156594988875
1.357964251775276e-6,280.75090344228886
1.3609366736127897e-6,280.7861562376625
1.3639156017273022e-6,280.82141788630224
1.3669010503602808e-6,280.85668839328895
1.3698930337843659e-6,280.8919677606651
1.37289156630343e-6,280.92725599248894
1.3758966622526644e-6,280.9625530920367
1.378908335998638e-6,280.99785906201043
1.381926601939358e-6,281.0331739069842
1.384951474504355e-6,281.0684976286267
1.3879829681547425e-6,281.1038302322867
1.3910210973832895e-6,281.13917171913687
1.39406587671448e-6,281.17452209475965
1.397117320704598e-6,281.20988136036584
1.400175443941791e-6,281.2452495212443
1.4032402610461281e-6,281.2806265791641
1.4063117866696896e-6,281.3160125386077
1.409390035496627e-6,281.35140740239376
1.4124750222432251e-6,281.38681117374284
1.4155667616579895e-6,281.42222385677803
1.4186652685217057e-6,281.4576454535685
1.4217705576475157e-6,281.49307596919795
1.4248826438809765e-6,281.5285154050298
1.4280015421001494e-6,281.56396376661456
1.4311272672156616e-6,281.5994210550972
1.4342598341707698e-6,281.6348872760154
1.4373992579414478e-6,281.6703624307679
1.4405455535364473e-6,281.7058465244137
1.4436987359973754e-6,281.74133955906507
1.4468588203987547e-6,281.77684153884906
1.4500258218481128e-6,281.8123524669924
1.453199755486046e-6,281.8478723463872
1.4563806364862825e-6,281.8834011814665
1.459568480055773e-6,281.91893897412007
1.462763301434755e-6,281.9544857295816
1.465965115896815e-6,281.9900414491662
1.469173938748981e-6,282.02560613847214
1.4723897853317836e-6,282.0611797986703
1.4756126710193346e-6,282.0967624352995
1.4788426112193892e-6,282.13235404980344
1.4820796213734368e-6,282.16795464725124
1.4853237169567672e-6,282.2035642297636
1.488574913478534e-6,282.23918280154135
1.4918332264818477e-6,282.2748103657447
1.4950986715438414e-6,282.31044692541053
1.4983712642757347e-6,282.3460924848546
1.5016510203229279e-6,282.38174704612595
1.5049379553650643e-6,282.41741061435755
1.508232085116111e-6,282.45308319098166
1.5115334253244213e-6,282.48876478156404
1.5148419917728302e-6,282.5244553872983
1.5181578002787183e-6,282.56015501381097
1.52148086669408e-6,282.5958636624233
1.5248112069056167e-6,282.63158133846224
1.5281488368348045e-6,282.66730804373094
1.5314937724379594e-6,282.70304378290814
1.5348460297063343e-6,282.73878855862233
1.538205624666181e-6,282.77454237456664
1.5415725733788346e-6,282.81030523444184
1.5449468919407768e-6,282.84607714088196
1.5483285964837323e-6,282.88185809856554
1.551717703174736e-6,282.9176481093258
1.555114228216201e-6,282.9534471784814
1.5585181878460154e-6,282.9892553073965
1.5619295983376096e-6,283.02507250170413
1.5653484760000254e-6,283.06089876261984
1.5687748371780125e-6,283.0967340957757
1.5722086982520943e-6,283.13257850254877
1.5756500756386523e-6,283.16843198826564
1.5790989857899921e-6,283.20429455476335
1.5825554451944408e-6,283.24016620676986
1.5860194703764166e-6,283.27604694687096
1.5894910778964979e-6,283.3119367789123
1.5929702843515219e-6,283.3478357064541
1.5964571063746547e-6,283.38374373234404
1.5999515606354604e-6,283.4196608610915
1.6034536638400002e-6,283.45558709474335
1.6069634327309002e-6,283.4915224384767
1.610480884087437e-6,283.52746689381627
1.6140060347256055e-6,283.56342046633165
1.6175389014982184e-6,283.5993831572959
1.6210795012949774e-6,283.63535497240616
1.6246278510425435e-6,283.67133591294333
1.6281839677046386e-6,283.7073259844772
1.6317478682821157e-6,283.7433251885472
1.635319569813031e-6,283.7793335303498
1.6388990893727445e-6,283.81535101192355
1.6424864440739895e-6,283.8513776378563
1.6460816510669597e-6,283.88741341091645
1.6496847275393788e-6,283.92345833485683
1.6532956907166023e-6,283.959512413346
1.6569145578616904e-6,283.99557564923947
1.6605413462754793e-6,284.03164804705364
1.6641760732966852e-6,284.06772960891976
1.6678187563019766e-6,284.10382033997143
1.6714694127060473e-6,284.1399202418415
1.67512805996172e-6,284.17602932005894
1.6787947155600162e-6,284.2121475759762
1.682469397030246e-6,284.2482750153042
1.68615212194008e-6,284.2844116393235
1.6898429078956516e-6,284.3205574537228
1.693541772541632e-6,284.3567124599109
1.6972487335613047e-6,284.39287666335866
1.7009638086766697e-6,284.429050065794
1.7046870156485187e-6,284.46523267228366
1.7084183722765086e-6,284.50142448505665
1.712157896399269e-6,284.5376255085976
1.7159056058944717e-6,284.573835745811
1.7196615186789248e-6,284.61005520042875
1.7234256527086436e-6,284.64628387615556
1.7271980259789567e-6,284.6825217759334
1.7309786565245835e-6,284.71876890421765
1.7347675624197075e-6,284.7550252632965
1.738564761778086e-6,284.7912908581981
1.742370272753125e-6,284.8275656907311
1.7461841135379548e-6,284.86384976632615
1.7500063023655398e-6,284.9001430864783
1.7538368575087498e-6,284.93644565685923
1.7576757972804563e-6,284.9727574788082
1.761523140033604e-6,285.0090785580834
1.7653789041613208e-6,285.0454088960193
1.7692431080969953e-6,285.08174849831335
1.7731157703143537e-6,285.11809736643835
1.7769969093275697e-6,285.1544555058918
1.7808865436913423e-6,285.1908229184208
1.7847846920009737e-6,285.2271996091906
1.78869137289248e-6,285.26358558035093
1.7926066050426656e-6,285.29998083661
1.7965304071692198e-6,285.33638538064156
1.8004627980307917e-6,285.37279921657887
1.8044037964271018e-6,285.4092223477297
1.8083534211990214e-6,285.44565477755503
1.8123116912286506e-6,285.48209651004356
1.8162786254394313e-6,285.51854754802497
1.820254242796227e-6,285.5550078960741
1.8242385623054013e-6,285.59147755650383
1.8282316030149322e-6,285.62795653435273
1.8322333840144874e-6,285.66444483153595
1.8362439244355234e-6,285.70094245344006
1.8402632434513618e-6,285.73744940169473
1.8442913602773038e-6,285.7739656819247
1.8483282941707105e-6,285.8104912955819
1.8523740644310838e-6,285.8470262484256
1.8564286904001814e-6,285.88357054182893
1.8604921914620973e-6,285.9201241815894
1.8645645870433442e-6,285.9566871690959
1.868645896612968e-6,285.99325951009257
1.8727361396826264e-6,286.0298412060723
1.87683533580669e-6,286.0664322626407
1.8809435045823194e-6,286.1030326814769
1.885060665649583e-6,286.1396424679681
1.8891868386915393e-6,286.1762616240575
1.893322043434318e-6,286.212890154839
1.8974662996472398e-6,286.2495280625907
1.9016196271428933e-6,286.28617535204603
1.9057820457772387e-6,286.32283202588366
1.909953575449687e-6,286.359498088412
1.9141342361032183e-6,286.3961735427717
1.9183240477244656e-6,286.43285839278855
1.9225230303437977e-6,286.46955264210936
1.92673120403544e-6,286.50625629405687
1.9309485889175587e-6,286.54296935277233
1.9351752051523425e-6,286.57969182112777
1.9394110729461264e-6,286.6164237036867
1.94365621254947e-6,286.65316500294114
1.9479106442572626e-6,286.6899157238085
1.9521743884088048e-6,286.726675868467
1.9564474653879302e-6,286.76344544212355
1.9607298956230896e-6,286.8002244467047
1.9650216995874367e-6,286.8370128876472
1.9693228977989514e-6,286.87381076668305
1.973633510820525e-6,286.91061808942425
1.977953559260045e-6,286.9474348574609
1.9822830637705223e-6,286.9842610765291
1.9866220450501668e-6,287.0210967481265
1.9909705238425017e-6,287.0579418780666
1.995328520936441e-6,287.09479646779835
1.9996960571664167e-6,287.1316605231703
2.004073153412464e-6,287.16853404562426
2.0084598306003097e-6,287.20541704100464
2.012856109701498e-6,287.2423095107822
2.0172620117334756e-6,287.279211460763
2.021677557759683e-6,287.31612289248034
2.026102768889678e-6,287.35304381166947
2.0305376662792197e-6,287.3899742199562
2.03498227113038e-6,287.4269141229775
2.0394366046916267e-6,287.46386352247777
2.0439006882579503e-6,287.50082242397104
2.048374543170953e-6,287.5377908293429
2.0528581908189407e-6,287.5747687439636
2.0573516526370454e-6,287.61175616987975
2.0618549501073207e-6,287.6487531122993
2.0663681047588273e-6,287.6857595734465
2.070891138167764e-6,287.7227755583518
2.075424071957553e-6,287.7598010694314
2.0799669277989524e-6,287.79683611152575
2.084519727410141e-6,287.83388068725304
2.0890824925568497e-6,287.87093480125515
2.093655245052452e-6,287.90799845636064
2.0982380067580548e-6,287.945071657005
2.10283079958263e-6,287.98215440623306
2.1074336454831056e-6,288.01924670827015
2.112046566464457e-6,288.0563485663803
2.1166695845798396e-6,288.093459984576
2.121302721930676e-6,288.1305809663421
2.12594600066677e-6,288.16771151547846
2.130599442986397e-6,288.2048516356875
2.135263071136433e-6,288.2420013305636
2.139936907412451e-6,288.2791606040148
2.1446209741588126e-6,288.3163294594484
2.1493152937688025e-6,288.3535079009563
2.154019888684721e-6,288.3906959317799
2.1587347813979785e-6,288.4278935561748
2.1634599944492303e-6,288.4651007772361
2.168195550428466e-6,288.5023175993641
2.1729414719751257e-6,288.53954402552546
2.177697781778192e-6,288.57678006024815
2.182464502576324e-6,288.614025706387
2.187241657157953e-6,288.6512809685818
2.192029268361378e-6,288.6885458495907
2.196827359074902e-6,288.72582035415076
2.201635952236928e-6,288.76310448493706
2.206455070836054e-6,288.8003982467713
2.2112847379112117e-6,288.83770164225757
2.216124976551757e-6,288.8750146762901
2.2209758098975913e-6,288.9123373514146
2.2258372611392517e-6,288.9496696725854
2.230709353518051e-6,288.9870116423008
2.235592110326174e-6,289.02436326556574
2.240485554906776e-6,289.06172454484044
2.245389710654121e-6,289.0990954851706
2.250304601013681e-6,289.1364760889887
2.2552302494822328e-6,289.173866361371
2.2601666796079985e-6,289.2112663047312
2.2651139149907406e-6,289.24867592416814
2.270071979281883e-6,289.2860952220851
2.2750408961846057e-6,289.32352420359484
2.2800206894539865e-6,289.36096287109854
2.285011382897099e-6,289.39841122971455
2.2900130003731153e-6,289.43586928185067
2.2950255657934458e-6,289.4733370326221
2.3000491031218393e-6,289.5108144844518
2.3050836363744852e-6,289.5483016424437
2.310129189620155e-6,289.5857985090436
2.3151857869803006e-6,289.6233050893358
2.320253452629176e-6,289.66082138579884
2.3253322107939356e-6,289.6983474034874
2.330422085754779e-6,289.7358831449215
2.3355231018450528e-6,289.7734286151177
2.3406352834513507e-6,289.8109838166472
2.345758655013661e-6,289.8485487544778
2.3508932410254683e-6,289.88612343124254
2.356039066033856e-6,289.9237078518498
2.3611961546396515e-6,289.9613020190058
2.3663645314975273e-6,289.9989059375476
2.371544221316126e-6,290.03651961026634
2.3767352488581604e-6,290.0741430419161
2.3819376389405593e-6,290.11177623538555
2.3871514164345746e-6,290.14941919533175
2.392376606265882e-6,290.18707192475586
2.3976132334147333e-6,290.2247344282027
2.4028613229160564e-6,290.2624067088015
2.408120899859565e-6,290.30008877096844
2.413391989389906e-6,290.3377806179781
2.418674616706758e-6,290.3754822541003
2.4239688070649658e-6,290.4131936827732
2.429274585774638e-6,290.4509149081008
2.4345919782012998e-6,290.48864593370547
2.4399210097659977e-6,290.52638676350483
2.445261705945407e-6,290.5641374013261
2.4506140922719833e-6,290.60189785088227
2.4559781943340704e-6,290.63966811621736
2.4613540377760066e-6,290.67744820083345
2.4667416482982766e-6,290.7152381089934
2.4721410516576173e-6,290.75303784398903
2.4775522736671475e-6,290.7908474103005
2.482975340196473e-6,290.82866681101154
2.4884102771718415e-6,290.8664960508164
2.493857110576248e-6,290.90433513259575
2.4993158664495476e-6,290.94218406125117
2.5047865708886078e-6,290.9800428394678
2.510269250047415e-6,291.0179114723464
2.5157639301372083e-6,291.0557899623861
2.521270637426584e-6,291.09367831487566
2.5267893982416534e-6,291.13157653214137
2.532320238966152e-6,291.16948461964506
2.537863186041551e-6,291.2074025795556
2.5434182659672144e-6,291.245330417492
2.54898550530051e-6,291.28326813548387
2.5545649306569208e-6,291.32121573928634
2.5601565687102037e-6,291.3591732308125
2.5657604461924962e-6,291.39714061593025
2.5713765898944542e-6,291.4351178964605
2.5770050266653595e-6,291.4731050783576
2.58264578341328e-6,291.5111021633787
2.588298887105181e-6,291.54910915753464
2.593964364767041e-6,291.5871260625507
2.5996422434840095e-6,291.6251528844599
2.6053325504005233e-6,291.66318962499156
2.6110353127204187e-6,291.70123629016405
2.6167505577070936e-6,291.7392928817496
2.622478312683618e-6,291.77735940571023
2.6282186050328726e-6,291.81543586390455
2.6339714621976616e-6,291.8535222621935
2.639736911680873e-6,291.89161860256905
2.6455149810455957e-6,291.9297248907417
2.6513056979152353e-6,291.96784112888815
2.6571090899736773e-6,292.0059673225149
2.6629251849654044e-6,292.04410347403905
2.6687540106956114e-6,292.0822495887055
2.6745955950303733e-6,292.12040566923156
2.6804499658967534e-6,292.1585717205385
2.6863171512829514e-6,292.1967477457081
2.6921971792384113e-6,292.23493374927114
2.698090077873992e-6,292.27312973474346
2.703995875362083e-6,292.31133570619676
2.7099145999367242e-6,292.34955166764513
2.715846279893771e-6,292.3877776226628
2.721790943591018e-6,292.42601357575296
2.7277486194483117e-6,292.4642595300321
2.7337193359477254e-6,292.5025154904398
2.73970312163367e-6,292.5407814596947
2.7457000051130418e-6,292.57905744311097
2.7517100150553382e-6,292.6173434430741
2.7577331801928266e-6,292.65563946520433
2.7637695293206668e-6,292.69394551162543
2.76981909129703e-6,292.7322615881909
2.7758818950432724e-6,292.77058769683765
2.781957969544055e-6,292.80892384357406
2.7880473438474655e-6,292.847270030232
2.7941500470651923e-6,292.88562626289007
2.8002661083726394e-6,292.92399254336266
2.8063955570090783e-6,292.96236887770823
2.8125384222777646e-6,293.0007552678167
2.818694733546112e-6,293.0391517196306
2.824864520245817e-6,293.07755823521416
2.83104781187298e-6,293.1159748202918
2.837244637988283e-6,293.1544014772078
2.843455028217113e-6,293.1928382113599
2.849679012249685e-6,293.2312850254836
2.8559166198412213e-6,293.2697419245357
2.8621678808120673e-6,293.3082089117605
2.8684328250478484e-6,293.34668599155333
2.8747114824995886e-6,293.38517316779036
2.8810038831838886e-6,293.42367044421485
2.8873100571830517e-6,293.46217782535814
2.8936300346452096e-6,293.50069531434764
2.8999638457845035e-6,293.5392229162818
2.9063115208812093e-6,293.57776063378776
2.9126730902818647e-6,293.61630847241287
2.91904858439945e-6,293.654866434405
2.925438033713511e-6,293.69343452563567
2.9318414687703143e-6,293.7320127481018
2.9382589201829718e-6,293.77060110786744
2.9446904186316207e-6,293.80919960681445
2.9511359948635542e-6,293.847808251059
2.9575956796933498e-6,293.88642704251197
2.964069504003052e-6,293.9250559871944
2.9705574987423017e-6,293.96369508719675
2.9770596949284683e-6,294.00234434829116
2.983576123646832e-6,294.04100377290496
2.990106816050708e-6,294.0796733663994
2.9966518033616104e-6,294.11835313170536
3.0032111168693734e-6,294.15704307360335
3.0097847879323405e-6,294.1957431957008
3.0163728479774937e-6,294.23445350204315
3.022975328500587e-6,294.27317399702713
3.0295922610663345e-6,294.31190468393226
3.0362236773085394e-6,294.3506455678537
3.042869608930231e-6,294.3893966514625
3.0495300877038502e-6,294.42815794038336
3.0562051454713785e-6,294.4669294368553
3.062894814144501e-6,294.50571114685255
3.0695991257047356e-6,294.5445030723659
3.076318112203623e-6,294.5833052195309
3.08305180576286e-6,294.6221175902832
3.089800238574436e-6,294.6609401907221
3.0965634429008232e-6,294.69977302292943
3.1033414510751125e-6,294.7386160927628
3.1101342955011492e-6,294.7774694026607
3.116942008653726e-6,294.8163329580239
3.1237646230787124e-6,294.8552067618663
3.1306021713932237e-6,294.8940908189093
3.13745468628575e-6,294.93298513297003
3.144322200516353e-6,294.97188970791166
3.1512047469168023e-6,295.0108045484284
3.158102358390712e-6,295.04972965756554
3.1650150679137375e-6,295.0886650407323
3.171942908533716e-6,295.12761070038124
3.1788859133708007e-6,295.1665666424062
3.1858441156176616e-6,295.205532868902
3.192817548539617e-6,295.2445093860083
3.199806245474805e-6,295.2834961957059
3.206810239834317e-6,295.32249330413083
3.213829565102399e-6,295.36150071340404
3.220864254836587e-6,295.40051842939954
3.227914342667853e-6,295.43954645464174
3.234979862300802e-6,295.47858479447416
3.2420608475138146e-6,295.5176334520983
3.2491573321591884e-6,295.5566924320541
3.2562693501633393e-6,295.5957617384866
3.263396935526938e-6,295.63484137496755
3.2705401223250844e-6,295.6739313465539
3.2776989447074453e-6,295.7130316560167
3.2848734368984575e-6,295.7521423090811
3.2920636331974704e-6,295.79126330800204
3.29926956797889e-6,295.83039465888316
3.3064912756923853e-6,295.8695363637581
3.3137287908630234e-6,295.9086884288092
3.3209821480914504e-6,295.94785085615365
3.328251382054028e-6,295.98702365174256
3.3355365275030416e-6,296.0262068180915
3.3428376192668444e-6,296.0654003605999
3.350154692250005e-6,296.1046042825089
3.357487781433513e-6,296.1438185883445
3.364836921874929e-6,296.1830432823765
3.3722021487085285e-6,296.22227836808656
3.379583497145514e-6,296.26152385070003
3.3869810024741515e-6,296.3007797328841
3.394394700059959e-6,296.3400460205185
3.4018246253458415e-6,296.37932271579655
3.4092708138523074e-6,296.41860982490573
3.4167333011776146e-6,296.45790734991755
3.42421212299792e-6,296.49721529696967
3.4317073150674925e-6,296.53653366837494
3.439218913218863e-6,296.57586246985255
3.4467469533629747e-6,296.61520170433124
3.4542914714893964e-6,296.65455137673075
3.461852503666466e-6,296.6939114909825
3.469430086041479e-6,296.733282050921
3.4770242548408314e-6,296.7726630615601
3.484635046370235e-6,296.81205452576285
3.492262497014872e-6,296.8514564493289
3.499906643239544e-6,296.8908688345418
3.5075675215888932e-6,296.9302916875889
3.5152451686875525e-6,296.9697250105778
3.5229396212403e-6,297.00916880967407
3.5306509160322785e-6,297.0486230872253
3.5383790899291415e-6,297.0880878489527
3.546124179877244e-6,297.1275630978732
3.553886222903792e-6,297.16704883883153
3.5616652561170586e-6,297.2065450759446
3.569461316706545e-6,297.24605181289274
3.577274441943133e-6,297.28556905489773
3.5851046691793072e-6,297.32509680468837
3.5929520358493135e-6,297.36463506822474
3.6008165794693143e-6,297.404183847732
3.6086983376376126e-6,297.44374314945287
3.6165973480348016e-6,297.4833129755706
3.624513648423961e-6,297.5228933321435
3.632447276650807e-6,297.5624842217868
3.6403982706439176e-6,297.60208564989284
3.6483666684148927e-6,297.6416976199973
3.6563525080585113e-6,297.6813201363927
3.6643558277529606e-6,297.7209532038535
3.672376665759996e-6,297.7605968254894
3.6804150604250987e-6,297.80025100704165
3.688471050177709e-6,297.8399157509008
3.696544673531374e-6,297.87959106328253
3.704635969083953e-6,297.9192769463686
3.712744975517766e-6,297.9589734063319
3.720871731599829e-6,297.9986804456693
3.729016276182012e-6,298.0383980699798
3.737178648201207e-6,298.07812628261433
3.7453588866795554e-6,298.11786508809246
3.753557030724613e-6,298.1576144910494
3.761773119529516e-6,298.19737449473945
3.7700071923732113e-6,298.2371451048555
3.7782592886206156e-6,298.2769263238508
3.7865294477228184e-6,298.31671815794823
3.79481770921724e-6,298.35652060936343
3.8031241127278663e-6,298.3963336842783
3.811448697965415e-6,298.43615738524886
3.819791504727504e-6,298.47599171783105
3.8281525728988844e-6,298.51583668551393
3.836531942451613e-6,298.5556922926941
3.844929653445215e-6,298.59555854419983
3.853345746026926e-6,298.6354354431455
3.86178026043185e-6,298.67532299538317
3.87023323698317e-6,298.7152212032998
3.878704716092308e-6,298.7551300731751
3.887194738259164e-6,298.7950496072896
3.895703344072288e-6,298.8349798117226
3.904230574209052e-6,298.8749206892829
3.912776469435886e-6,298.91487224520654
3.921341070608454e-6,298.95483448348216
3.929924418671828e-6,298.9948074080183
3.938526554660722e-6,299.0347910241254
3.947147519699667e-6,299.07478533457123
3.955787355003215e-6,299.1147903454856
3.964446101876109e-6,299.15480605916014
3.973123801713529e-6,299.1948324818706
3.981820496001262e-6,299.2348696161144
3.990536226315878e-6,299.2749174676237
3.99927103432498e-6,299.31497603979864
4.008024961787373e-6,299.3550453371871
4.016798050553245e-6,299.3951253646128
4.0255903425644144e-6,299.4352161252422
4.034401879854493e-6,299.47531762499176
4.043232704549112e-6,299.5154298662744
4.052082858866083e-6,299.555552855406
4.060952385115652e-6,299.59568659477566
4.0698413257006795e-6,299.6358310903606
4.078749723116814e-6,299.6759863452729
4.087677619952747e-6,299.71615236442153
4.096625058890392e-6,299.7563291523287
4.105592082705063e-6,299.79651671244704
4.114578734265729e-6,299.8367150505409
4.123585056535186e-6,299.87692416913507
4.1326110925702785e-6,299.91714407454236
4.141656885522072e-6,299.9573747691404
4.15072247863611e-6,299.99761625900163
4.159807915252596e-6,300.0378685471536
4.168913238806573e-6,300.0781316386391
4.178038492828185e-6,300.1184055378999
4.1871837209428575e-6,300.1586902484859
4.1963489668714825e-6,300.19898577614066
4.205534274430675e-6,300.2392921234279
4.214739687532955e-6,300.2796092966721
4.223965250186965e-6,300.3199372982842
4.2332110064976555e-6,300.3602761343263
4.242477000666542e-6,300.40062580790834
4.2517632769918915e-6,300.44098632400005
4.261069879868909e-6,300.48135768719
4.270396853790001e-6,300.52173990091904
4.279744243344962e-6,300.56213297105387
4.289112093221165e-6,300.60253690011746
4.298500448203821e-6,300.6429516944604
4.3079093531761645e-6,300.683377356578
4.317338853119679e-6,300.7238138924053
4.326788993114287e-6,300.76426130531854
4.336259818338604e-6,300.8047196
4.345751374070144e-6,300.84518878139306
4.355263705685496e-6,300.88566885266056
4.364796858660602e-6,300.92615981989076
4.374350878570944e-6,300.96666168553816
4.38392581109174e-6,301.00717445593665
4.3935217019982065e-6,301.04769813378016
4.403138597165753e-6,301.0882327246909
4.41277654257021e-6,301.1287782325696
4.4224355842880205e-6,301.1693346615626
4.432115768496507e-6,301.2099020171249
4.441817141474069e-6,301.25048030206807
4.451539749600379e-6,301.29106952270035
4.461283639356654e-6,301.33166968148555
4.471048857325845e-6,301.3722807845858
4.480835450192875e-6,301.41290283512717
4.490643464744831e-6,301.4535358381461
4.500472947871234e-6,301.49417979834135
4.510323946564244e-6,301.5348347191274
4.5201965079188525e-6,301.57550060651215
4.530090679133164e-6,301.616177463033
4.540006507508595e-6,301.65686529505894
4.549944040450068e-6,301.697564105305
4.559903325466303e-6,301.7382738994373
4.569884410169995e-6,301.77899468142147
4.579887342278072e-6,301.8197264553874
4.589912169611877e-6,301.8604692268968
4.59995894009746e-6,301.90122299873974
4.610027701765772e-6,301.94198777728036
4.620118502752871e-6,301.9827635650676
4.630231391300209e-6,302.02355036815766
4.6403664157548295e-6,302.0643481899792
4.650523624569575e-6,302.10515703526045
4.6607030663033776e-6,302.1459769091188
4.670904789621443e-6,302.1868078146717
4.6811288432955125e-6,302.22764975816693
4.691375276204055e-6,302.2685027421353
4.701644137332556e-6,302.3093667728395
4.711935475773723e-6,302.35024185339074
4.7222493407276954e-6,302.39112798893103
4.732585781502334e-6,302.4320251842129
4.742944847513428e-6,302.47293344267285
4.753326588284901e-6,302.51385277041254
4.763731053449113e-6,302.5547831700142
4.774158292747047e-6,302.59572464783696
4.784608356028579e-6,302.63667720682537
4.795081293252666e-6,302.67764085238406
4.805577154487652e-6,302.7186155890124
4.816095989911474e-6,302.75960142039537
4.82663784981187e-6,302.80059835251717
4.837202784586687e-6,302.84160638802473
4.847790844744082e-6,302.88262553331805
4.8584020809027405e-6,302.9236557912736
4.869036543792176e-6,302.96469716743565
4.8796942842529334e-6,303.0057496661792
4.89037535323685e-6,303.0468132913287
4.9010798018072625e-6,303.08788804881544
4.911807681139308e-6,303.1289739413311
4.92255904252014e-6,303.17007097529137
4.933333937349142e-6,303.21117915357587
4.944132417138239e-6,303.25229848176
4.954954533512105e-6,303.2934289642325
4.965800338208386e-6,303.33457060482743
4.976669883078005e-6,303.37572340950555
4.987563220085372e-6,303.4168873809698
4.9984804013086495e-6,303.45806252563665
5.009421478939962e-6,303.4992488464523
5.020386505285708e-6,303.54044634891926
5.03137553276678e-6,303.5816550375759
5.0423886139187795e-6,303.6228749161401
5.053425801392334e-6,303.6641059906777
5.064487147953318e-6,303.70534826387774
5.075572706483074e-6,303.74660174213096
5.086682529978724e-6,303.7878664285289
5.097816671553385e-6,303.82914232839016
5.108975184436443e-6,303.87042944652706
5.1201581219737674e-6,303.9117277864372
5.131365537628022e-6,303.95303735434146
5.142597484978898e-6,303.99435815291946
5.1538540177233325e-6,304.03569018847793
5.165135189675833e-6,304.0770334643663
5.176441054768697e-6,304.1183879855932
5.1877716670522445e-6,304.15975375734376
5.199127080695135e-6,304.2011307828381
5.210507349984588e-6,304.2425190684534
5.221912529326662e-6,304.2839186169154
5.2333426732464676e-6,304.3253294343339
5.244797836388501e-6,304.3667515244871
5.256278073516869e-6,304.40818489191815
5.267783439515516e-6,304.44962954225167
5.279313989388551e-6,304.4910854784383
5.290869778260487e-6,304.5325527069442
5.3024508613764596e-6,304.57403123066774
5.314057294102564e-6,304.6155210553422
5.325689131926075e-6,304.65702218540156
5.337346430455732e-6,304.6985346247518
5.349029245421965e-6,304.7400583794713
5.360737632677219e-6,304.78159345233644
5.3724716481962e-6,304.82313984974473
5.384231348076098e-6,304.86469757498816
5.396016788536928e-6,304.9062666332306
5.407828025921764e-6,304.94784702963557
5.4196651166969735e-6,304.98943876750417
5.4315281174525585e-6,305.0310418532434
5.4434170849023755e-6,305.0726562896596
5.455332075884433e-6,305.11428208281296
5.46727314736112e-6,305.15591923672275
5.479240356419538e-6,305.1975677557501
5.4912337602717516e-6,305.2392276457554
5.503253416255015e-6,305.2808989096343
5.515299381832127e-6,305.322581553856
5.527371714591663e-6,305.3642755815907
5.539470472248217e-6,305.4059809982279
5.551595712642751e-6,305.44769780877874
5.56374749374282e-6,305.48942601670643
5.5759258736428756e-6,305.5311656283942
5.588130910564497e-6,305.5729166466757
5.600362662856737e-6,305.6146790776688
5.612621188996369e-6,305.6564529253921
5.624906547588128e-6,305.6982381942546
5.6372187973650664e-6,305.7400348901492
5.649557997188792e-6,305.7818430159996
5.6619242060497216e-6,305.82366257827636
5.674317483067429e-6,305.8654935802619
5.686737887490882e-6,305.9073360272463
5.6991854786987484e-6,305.9491899244324
5.711660316199636e-6,305.99105527517634
5.724162459632441e-6,306.03293208593817
5.7366919687666065e-6,306.0748203596485
5.749248903502366e-6,306.1167201022462
5.7618333238711026e-6,306.1586313181513
5.7744452900356015e-6,306.2005540114183
5.787084862290303e-6,306.2424881882096
5.799752101061658e-6,306.28443385141264
5.812447066908372e-6,306.3263910073855
5.8251698205217206e-6,306.36835965981567
5.837920422725787e-6,306.41033981354303
5.850698934477828e-6,306.4523314742504
5.863505416868528e-6,306.4943346450224
5.8763399311222574e-6,306.5363493323766
5.8892025385974335e-6,306.57837553954465
5.902093300786768e-6,306.62041327197943
5.915012279317585e-6,306.6624625348311
5.927959535952069e-6,306.70452333155924
5.940935132587629e-6,306.7465956686395
5.9539391312571605e-6,306.788679549073
5.9669715941293045e-6,306.8307749787747
5.98003258350882e-6,306.8728819623401
5.993122161836842e-6,306.9150005037248
6.006240391691145e-6,306.9571306092165
6.019387335786517e-6,306.99927228175704
6.032563056975009e-6,307.04142552759504
6.045767618246258e-6,307.0835903507892
6.059001082727741e-6,307.12576675584654
6.072263513685153e-6,307.1679547487757
6.085554974522668e-6,307.2101543325814
6.098875528783207e-6,307.2523655137077
6.1122252401488175e-6,307.29458829582046
6.125604172440938e-6,307.33682268388486
6.139012389620668e-6,307.37906868361716
6.152449955789147e-6,307.421326298165
6.1659169351878124e-6,307.46359553406097
6.179413392198731e-6,307.50587639471274
6.192939391344855e-6,307.54816888543826
6.20649499729041e-6,307.59047301167925
6.2200802748411615e-6,307.6327887767675
6.233695288944692e-6,307.6751161872536
6.24734010469078e-6,307.7174552463862
6.261014787311684e-6,307.75980595975085
6.274719402182403e-6,307.8021683325447
6.288454014821078e-6,307.84454236829527
6.302218690889245e-6,307.8869280735303
6.316013496192182e-6,307.9293254514107
6.329838496679163e-6,307.9717345077171
6.343693758443859e-6,308.0141552474464
6.357579347724614e-6,308.05658767430737
6.371495330904717e-6,308.0990317947888
6.385441774512803e-6,308.14148761201005
6.399418745223131e-6,308.1839551318887
6.413426309855861e-6,308.226434359274
6.4274645353774545e-6,308.2689252980217
6.441533488900942e-6,308.3114279545841
6.455633237686269e-6,308.35394233206944
6.469763849140566e-6,308.3964684364804
6.483925390818547e-6,308.43900627257943
6.4981179304228e-6,308.4815558443212
6.512341535804061e-6,308.524117158136
6.526596274961626e-6,308.5666902171398
6.540882216043632e-6,308.6092750273758
6.555199427347345e-6,308.6518715935831
6.569547977319566e-6,308.6944799197591
6.583927934556904e-6,308.7371000123347
6.59833936780613e-6,308.7797318744449
6.612782345964454e-6,308.8223755121331
6.627256938079936e-6,308.8650309301794
6.641763213351771e-6,308.9076981325655
6.656301241130584e-6,308.9503771257458
6.670871090918842e-6,308.99306791288694
6.6854728323711405e-6,309.0357704999917
6.700106535294504e-6,309.07848489194333
6.714772269648795e-6,309.12121109265274
6.729470105546997e-6,309.163949108617
6.744200113255576e-6,309.20669894305206
6.758962363194762e-6,309.24946060187676
6.7737569259389654e-6,309.2922340901349
6.78858387221708e-6,309.3350194116214
6.803443272912771e-6,309.37781657288355
6.818335199064904e-6,309.4206255772163
6.833259721867838e-6,309.4634464304059
6.848216912671728e-6,309.5062791377065
6.863206842982948e-6,309.5491237027656
6.878229584464373e-6,309.5919801321738
6.893285208935759e-6,309.634848429351
6.908373788374023e-6,309.67772859989435
6.92349539491367e-6,309.72062064930674
6.938650100847102e-6,309.7635245810792
6.953837978624918e-6,309.8064404018148
6.969059100856344e-6,309.8493681151287
6.9843135403095395e-6,309.8923077263611
6.999601369911902e-6,309.93525924128784
7.0149226627505015e-6,309.9782226632607
7.030277492072372e-6,310.02119799883815
7.045665931284891e-6,310.06418525192873
7.061088053956074e-6,310.10718442753324
7.076543933815009e-6,310.15019553170964
7.092033644752171e-6,310.1932185677195
7.107557260819726e-6,310.2362535419853
7.123114856231978e-6,310.2793004588422
7.1387065053656744e-6,310.32235932285295
7.154332282760323e-6,310.36543014034623
7.169992263118632e-6,310.40851291458074
7.185686521306812e-6,310.45160765173284
7.201415132354959e-6,310.49471435667823
7.217178171457359e-6,310.5378330334819
7.232975713972931e-6,310.5809636886904
7.24880783542555e-6,310.624106325691
7.264674611504355e-6,310.66726095031487
7.280576118064206e-6,310.71042756796845
7.296512431126e-6,310.75360618230707
7.31248362687699e-6,310.7967967999596
7.328489781671239e-6,310.8399994246236
7.344530972029924e-6,310.88321406166284
7.360607274641733e-6,310.9264407169731
7.376718766363173e-6,310.9696793939459
7.392865524219022e-6,311.0129300991014
7.409047625402661e-6,311.056192836684
7.425265147276389e-6,311.0994676114403
7.441518167371889e-6,311.1427544296859
7.457806763390551e-6,311.18605329475133
7.4741310132037986e-6,311.2293642128277
7.490490994853553e-6,311.2726871889146
7.5068867865525435e-6,311.3160222270511
7.523318466684713e-6,311.3593693338396
7.5397861138055335e-6,311.4027285128179
7.556289806642469e-6,311.4460997696759
7.57282962409531e-6,311.48948311010076
7.589405645236503e-6,311.5328785376436
7.606017949311621e-6,311.57628605891006
7.622666615739696e-6,311.61970567798545
7.639351724113551e-6,311.6631373998583
7.656073354200277e-6,311.70658123077493
7.672831585941547e-6,311.7500371741156
7.689626499454036e-6,311.7935052361467
7.706458175029738e-6,311.8369854218457
7.723326693136438e-6,311.8804777353328
7.740232134418062e-6,311.92398218322273
7.757174579695007e-6,311.96749876912
7.774154109964621e-6,312.0110274986982
7.791170806401531e-6,312.05456837774625
7.808224750358061e-6,312.09812140981614
7.825316023364562e-6,312.14168660148687
7.842444707129886e-6,312.18526395706897
7.859610883541742e-6,312.2288534813738
7.87681463466703e-6,312.27245518079576
7.894056042752332e-6,312.316069058788
7.911335190224263e-6,312.35969512145437
7.928652159689806e-6,312.40333337414006
7.946007033936814e-6,312.44698382072283
7.963399895934332e-6,312.4906464678698
7.980830828833034e-6,312.5343213194967
7.99829991596555e-6,312.5780083809157
8.015807240846966e-6,312.62170765828
8.033352887175172e-6,312.6654191550668
8.050936938831211e-6,312.709142877633
8.068559479879786e-6,312.7528788309632
8.086220594569602e-6,312.7966270192751
8.103920367333729e-6,312.8403874492103
8.1216588827901e-6,312.8841601245034
8.139436225741847e-6,312.9279450507722
8.157252481177744e-6,312.9717422339868
8.175107734272548e-6,313.0155516777098
8.193002070387501e-6,313.05937338843404
8.21093557507069e-6,313.1032073709121
8.22890833405741e-6,313.14705362961837
8.246920433270663e-6,313.19091217114925
8.264971958821535e-6,313.2347829991818
8.283062997009544e-6,313.2786661194916
8.301193634323159e-6,313.3225615379583
8.319363957440144e-6,313.36646925821833
8.337574053228006e-6,313.4103892868197
8.355824008744348e-6,313.45432162844185
8.374113911237378e-6,313.498266287673
8.392443848146283e-6,313.54222327109784
8.410813907101593e-6,313.5861925824116
8.4292241759257e-6,313.630174227425
8.44767474263323e-6,313.6741682120357
8.466165695431412e-6,313.71817453990803
8.484697122720597e-6,313.7621932175835
8.503269113094623e-6,313.80622424983477
8.521881755341263e-6,313.8502676412018
8.540535138442585e-6,313.8943233983066
8.559229351575479e-6,313.9383915249274
8.577964484112033e-6,313.98247202679374
8.596740625619908e-6,314.02656490992655
8.615557865862871e-6,314.0706701779767
8.634416294801171e-6,314.114787837417
8.653316002591915e-6,314.158917893267
8.672257079589607e-6,314.2030603498773
8.691239616346506e-6,314.2472152139319
8.710263703613106e-6,314.2913824893852
8.729329432338477e-6,314.33556218175676
8.748436893670828e-6,314.3797542972721
8.767586178957878e-6,314.4239588395711
8.78677737974724e-6,314.4681758149753
8.806010587786968e-6,314.512405228875
8.825285895025945e-6,314.55664708534846
8.844603393614262e-6,314.6009013911016
8.86396317590377e-6,314.6451681504279
8.883365334448448e-6,314.6894473684751
8.902809962004887e-6,314.7337390517113
8.922297151532652e-6,314.77804320385206
8.941826996194842e-6,314.82235983094387
8.961399589358478e-6,314.86668893882063
8.9810150245949e-6,314.91103053130445
9.00067339568031e-6,314.95538461498353
9.020374796596184e-6,314.99975119475073
9.040119321529653e-6,315.0441302751777
9.059907064874069e-6,315.0885218629469
9.07973812122938e-6,315.13292596205866
9.09961258540262e-6,315.1773425781018
9.119530552408291e-6,315.22177171735507
9.139492117468925e-6,315.266213383539
9.159497376015485e-6,315.3106675829437
9.179546423687766e-6,315.3551343211643
9.199639356334958e-6,315.3996136022242
9.21977627001606e-6,315.44410543280776
9.239957261000276e-6,315.488609817572
9.260182425767581e-6,315.5331267613848
9.280451861009123e-6,315.5776562708823
9.300765663627709e-6,315.62219835001446
9.3211239307382e-6,315.6667530045312
9.341526759668088e-6,315.7113202406581
9.361974247957899e-6,315.7559000621678
9.38246649336161e-6,315.80049247541314
9.403003593847226e-6,315.8450974859773
9.423585647597195e-6,315.8897150979485
9.44421275300881e-6,315.9343453180209
9.464885008694807e-6,315.9789881509224
9.485602513483756e-6,316.02364360151324
9.506365366420566e-6,316.0683116764618
9.527173666766888e-6,316.1129923798176
9.5480275140017e-6,316.1576857172615
9.568927007821732e-6,316.2023916951256
9.589872248141878e-6,316.2471103172285
9.610863335095789e-6,316.29184158983423
9.631900369036302e-6,316.33658551874566
9.652983450535851e-6,316.381342107964
9.674112680387076e-6,316.42611136411597
9.695288159603214e-6,316.47089329229783
9.71650998941863e-6,316.51568789707585
9.73777827128922e-6,316.56049518519404
9.759093106893015e-6,316.60531516100207
9.780454598130608e-6,316.6501478298604
9.801862847125573e-6,316.6949931983176
9.823317956225092e-6,316.73985127032233
9.844820028000364e-6,316.78472205185824
9.866369165247047e-6,316.8296055491089
9.887965470985867e-6,316.8745017659681
9.909609048463028e-6,316.9194107088558
9.931300001150751e-6,316.96433238344605
9.953038432747681e-6,317.0092667938942
9.974824447179512e-6,317.0542139468855
9.996658148599415e-6,317.0991738474523
1.0018539641388481e-5,317.14414650030216
1.0040469030156338e-5,317.18913191218536
1.0062446419741596e-5,317.23413008749867
1.0084471915212278e-5,317.2791410316403
1.0106545621866454e-5,317.32416475119555
1.0128667645232655e-5,317.369201250203
1.0150838091070423e-5,317.414250534605
1.0173057065370735e-5,317.4593126107001
1.0195324674356629e-5,317.5043874824313
1.0217641024483654e-5,317.5494751561412
1.0240006222440317e-5,317.5945756377347
1.026242037514871e-5,317.63968893129845
1.028488358976497e-5,317.6848150434423
1.0307395973679725e-5,317.72995397958437
1.0329957634518725e-5,317.7751057441684
1.0352568680143281e-5,317.8202703439515
1.0375229218650823e-5,317.8654477837839
1.039793935837533e-5,317.91063806865566
1.042069920788797e-5,317.95584120530606
1.0443508875997565e-5,318.001057198118
1.0466368471751042e-5,318.046286052625
1.0489278104434081e-5,318.091527775422
1.0512237883571557e-5,318.1367823706228
1.0535247918928098e-5,318.1820498441928
1.0558308320508535e-5,318.2273302025066
1.0581419198558547e-5,318.2726234495864
1.060458066356513e-5,318.31792959172736
1.0627792826257057e-5,318.363248635019
1.0651055797605538e-5,318.4085805835482
1.0674369688824686e-5,318.4539254438498
1.0697734611371983e-5,318.49928322167113
1.0721150676948946e-5,318.5446539213017
1.0744617997501566e-5,318.5900375494344
1.0768136685220897e-5,318.63543411142774
1.0791706852543498e-5,318.6808436118929
1.0815328612152106e-5,318.72626605760905
1.0839002076976104e-5,318.7717014535079
1.0862727360192002e-5,318.81714980462317
1.08865045752241e-5,318.8626111177253
1.0910333835744976e-5,318.9080853973849
1.0934215255675955e-5,318.9535726490479
1.0958148949187791e-5,318.9990728794063
1.0982135030701118e-5,319.0445860927876
1.1006173614887047e-5,319.09011229497827
1.1030264816667622e-5,319.13565149255385
1.1054408751216511e-5,319.1812036897002
1.1078605533959478e-5,319.2267688924818
1.110285528057487e-5,319.2723471073256
1.1127158106994314e-5,319.3179383383637
1.1151514129403197e-5,319.36354259188244
1.1175923464241149e-5,319.40915987413604
1.1200386228202743e-5,319.4547901892759
1.1224902538237962e-5,319.5004335437619
1.1249472511552802e-5,319.54608994365674
1.1274096265609734e-5,319.5917593931922
1.1298773918128414e-5,319.63744189895954
1.1323505587086172e-5,319.6831374668174
1.1348291390718509e-5,319.7288461011268
1.1373131447519793e-5,319.7745678085735
1.1398025876243764e-5,319.8203025948065
1.1422974795904037e-5,319.86605046435204
1.1447978325774795e-5,319.91181142396147
1.1473036585391277e-5,319.9575854790712
1.1498149694550395e-5,320.00337263440053
1.1523317773311211e-5,320.04917289674074
1.1548540941995651e-5,320.09498627131893
1.1573819321189018e-5,320.1408127630648
1.1599153031740482e-5,320.1866523787884
1.1624542194763812e-5,320.2325051235172
1.1649986931637883e-5,320.27837100239753
1.1675487364007181e-5,320.3242500222358
1.1701043613782526e-5,320.37014218789477
1.1726655803141568e-5,320.41604750471356
1.1752324054529406e-5,320.4619659794836
1.1778048490659092e-5,320.50789761694193
1.180382923451235e-5,320.55384242258947
1.1829666409340098e-5,320.5998004031983
1.185556013866296e-5,320.64577156341096
1.188151054627201e-5,320.6917559088642
1.1907517756229283e-5,320.73775344630786
1.1933581892868297e-5,320.78376418031746
1.1959703080794795e-5,320.8297881166398
1.1985881444887243e-5,320.87582526200424
1.2012117110297477e-5,320.92187562093983
1.20384102024512e-5,320.9679391992825
1.2064760847048732e-5,321.0140160037427
1.2091169170065533e-5,321.0601060388211
1.2117635297752736e-5,321.1062093104224
1.21441593566379e-5,321.15232582524317
1.2170741473525533e-5,321.19845558776836
1.2197381775497633e-5,321.2445986039547
1.2224080389914435e-5,321.2907548804897
1.2250837444414927e-5,321.3369244218541
1.2277653066917513e-5,321.3831072340402
1.2304527385620514e-5,321.4293033237322
1.2331460529002939e-5,321.47551269541674
1.2358452625825024e-5,321.52173535510565
1.2385503805128767e-5,321.5679713094866
1.2412614196238705e-5,321.6142205630607
1.2439783928762444e-5,321.6604831218443
1.2467013132591215e-5,321.70675899253524
1.2494301937900637e-5,321.75304817965747
1.2521650475151247e-5,321.7993506892173
1.2549058875089167e-5,321.84566652792773
1.2576527268746632e-5,321.8919957003462
1.2604055787442765e-5,321.93833821245306
1.2631644562784133e-5,321.98469407098145
1.2659293726665296e-5,322.0310632805338
1.2687003411269597e-5,322.07744584704835
1.2714773749069704e-5,322.1238417772821
1.2742604872828184e-5,322.1702510758959
1.2770496915598274e-5,322.2166737487692
1.2798450010724428e-5,322.263109802684
1.2826464291843003e-5,322.3095592423776
1.2854539892882785e-5,322.3560220736508
1.28826769480658e-5,322.40249830331135
1.2910875591907864e-5,322.4489879361934
1.2939135959219158e-5,322.4954909779991
1.2967458185105023e-5,322.5420074355578
1.2995842404966527e-5,322.58853731382817
1.3024288754501042e-5,322.63508061838974
1.3052797369703039e-5,322.68163735608823
1.3081368386864639e-5,322.7282075320378
1.3110001942576322e-5,322.77479115167034
1.313869817372746e-5,322.82138822183794
1.3167457217507146e-5,322.8679987478497
1.3196279211404762e-5,322.91462273495983
1.3225164293210556e-5,322.9612601900233
1.3254112601016465e-5,323.0079111185628
1.328312427321669e-5,323.05457552564957
1.3312199448508282e-5,323.1012534181322
1.3341338265891965e-5,323.1479448017491
1.3370540864672689e-5,323.194649681404
1.3399807384460354e-5,323.24136806392136
1.3429137965170372e-5,323.28809995525336
1.3458532747024486e-5,323.3348453601604
1.3487991870551378e-5,323.3816042854215
1.3517515476587242e-5,323.4283767371938
1.3547103706276627e-5,323.4751627201304
1.3576756701073036e-5,323.5219622409372
1.3606474602739509e-5,323.5687753059633
1.3636257553349475e-5,323.61560191980004
1.3666105695287315e-5,323.66244208904806
1.36960191712491e-5,323.70929582022893
1.3725998124243165e-5,323.7561631179304
1.3756042697590953e-5,323.8030439886089
1.3786153034927624e-5,323.849938438933
1.381632928020265e-5,323.89684647355756
1.384657157768068e-5,323.94376809875075
1.387688007194211e-5,323.990703321294
1.3907254907883834e-5,324.0376521459945
1.3937696230719826e-5,324.0846145788803
1.3968204185981996e-5,324.1315906268063
1.3998778919520811e-5,324.1785802948304
1.40294205775059e-5,324.22558358868156
1.406012930642692e-5,324.2726005152414
1.4090905253094188e-5,324.3196310799311
1.4121748564639276e-5,324.366675288116
1.4152659388515899e-5,324.4137331466808
1.41836378725005e-5,324.4608046614407
1.4214684164693016e-5,324.50788983742314
1.4245798413517475e-5,324.55498868148237
1.427698076772287e-5,324.6021011997813
1.4308231376383787e-5,324.6492273971202
1.4339550388901035e-5,324.69636728025927
1.4370937955002525e-5,324.7435208556534
1.4402394224743914e-5,324.7906881280044
1.4433919348509217e-5,324.83786910390495
1.4465513477011711e-5,324.88506379003684
1.4497176761294541e-5,324.9322721911515
1.4528909352731493e-5,324.9794943135918
1.4560711403027603e-5,325.0267301641912
1.4592583064220064e-5,325.07397974791814
1.4624524488678858e-5,325.12124307077283
1.4656535829107397e-5,325.168520139656
1.4688617238543433e-5,325.2158109599405
1.4720768870359698e-5,325.263115537182
1.475299087826455e-5,325.31043387828623
1.4785283416302888e-5,325.3577659891363
1.4817646638856761e-5,325.40511187483384
1.4850080700646181e-5,325.4524715422543
1.4882585756729724e-5,325.49984499770477
1.4915161962505467e-5,325.5472322460257
1.4947809473711633e-5,325.59463329395646
1.498052844642725e-5,325.6420481481268
1.5013319037073066e-5,325.68947681333646
1.5046181402412226e-5,325.7369192960699
1.5079115699550913e-5,325.7843756031659
1.5112122085939293e-5,325.83184573962774
1.5145200719372135e-5,325.8793297115551
1.517835175798964e-5,325.9268275258687
1.521157536027806e-5,325.97433918804495
1.5244871685070649e-5,326.0218647036557
1.5278240891548332e-5,326.0694040796266
1.5311683139240363e-5,326.11695732201656
1.5345198588025283e-5,326.1645244358998
1.537878739813159e-5,326.21210542814435
1.5412449730138405e-5,326.25970030525576
1.5446185744976435e-5,326.3073090720996
1.5479995603928614e-5,326.3549317353337
1.551387946863093e-5,326.4025683017604
1.5547837501073085e-5,326.4502187763525
1.558186986359945e-5,326.4978831653922
1.5615976718909753e-5,326.545561475813
1.565015823005975e-5,326.59325371304124
1.5684414560462203e-5,326.6409598828026
1.5718745873887567e-5,326.6886799920394
1.5753152334464677e-5,326.73641404683474
1.5787634106681717e-5,326.78416205233407
1.5822191355386894e-5,326.83192401542715
1.5856824245789265e-5,326.87969994268815
1.589153294345943e-5,326.9274898390424
1.592631761433049e-5,326.9752937111376
1.596117842469875e-5,327.0231115658433
1.5996115541224436e-5,327.0709434082707
1.603112913093265e-5,327.11878924461473
1.6066219361214115e-5,327.16664908183157
1.6101386399825833e-5,327.2145229256493
1.613663041489212e-5,327.2624107815906
1.6171951574905256e-5,327.3103126566141
1.620735004872636e-5,327.3582285570971
1.6242826005586078e-5,327.40615848808545
1.6278379615085578e-5,327.4541024563948
1.631401104719726e-5,327.50206046882124
1.6349720472265475e-5,327.5500325304085
1.6385508061007544e-5,327.59801864758487
1.642137398451446e-5,327.6460188273176
1.6457318414251615e-5,327.694033075158
1.6493341522059825e-5,327.7420613968849
1.6529443480156e-5,327.79010379947334
1.6565624461134062e-5,327.8381602892224
1.6601884637965603e-5,327.8862308712861
1.663822418400094e-5,327.93431555254347
1.6674643272969827e-5,327.9824143397796
1.67111420789822e-5,328.0305272380695
1.6747720776529195e-5,328.07865425391503
1.6784379540483884e-5,328.1267953942988
1.682111854610203e-5,328.17495066480717
1.6857937969023088e-5,328.22312007126334
1.6894837985270954e-5,328.27130362065793
1.6931818771254847e-5,328.31950131936276
1.6968880503770018e-5,328.36771317255557
1.7006023359998803e-5,328.41593918711413
1.7043247517511383e-5,328.4641793698914
1.7080553154266494e-5,328.51243372605103
1.7117940448612525e-5,328.56070226203417
1.715540957928824e-5,328.60898498484175
1.7192960725423536e-5,328.65728190030114
1.7230594066540514e-5,328.70559301407366
1.7268309782554187e-5,328.75391833316434
1.7306108053773414e-5,328.8022578641503
1.734398906090163e-5,328.85061161218175
1.738195298503791e-5,328.8989795840559
1.7420000007677733e-5,328.9473617867367
1.7458130310713745e-5,328.99575822560126
1.7496344076436844e-5,329.04416890686383
1.7534641487536927e-5,329.0925938375423
1.7573022727103686e-5,329.1410330238689
1.7611487978627674e-5,329.1894864712305
1.765003742600105e-5,329.2379541866
1.7688671253518526e-5,329.28643617681576
1.77273896458781e-5,329.33493244709274
1.776619278818217e-5,329.38344300400075
1.7805080865938294e-5,329.4319678545691
1.784405406505998e-5,329.48050700468207
1.7883112571867777e-5,329.5290604600821
1.7922256573090084e-5,329.5776282278031
1.79614862558639e-5,329.62621031452625
1.8000801807735967e-5,329.6748067254779
1.8040203416663505e-5,329.7234174674424
1.807969127101518e-5,329.7720425474487
1.8119265559571868e-5,329.8206819711179
1.815892647152778e-5,329.86933574452405
1.8198674196491242e-5,329.9180038747143
1.82385089244855e-5,329.9666863682288
1.8278430845949863e-5,330.01538323038136
1.831844015174043e-5,330.06409446808004
1.8358537033131116e-5,330.11282008833416
1.8398721681814388e-5,330.16156009664536
1.8438994289902428e-5,330.2103144992965
1.847935504992792e-5,330.2590833033467
1.8519804154844873e-5,330.3078665152441
1.856034179802975e-5,330.3566641403996
1.8600968173282313e-5,330.4054761857867
1.8641683474826394e-5,330.4543026584043
1.8682487897311082e-5,330.5031435637237
1.872338163581149e-5,330.5519989081398
1.876436488582977e-5,330.60086869872475
1.8805437843295884e-5,330.6497529419021
1.8846600704568772e-5,330.69865164314757
1.8887853666437196e-5,330.747564809466
1.892919692612053e-5,330.79649244786674
1.8970630681269968e-5,330.84543456385063
1.9012155129969336e-5,330.894391163844
1.905377047073592e-5,330.94336225493237
1.909547690252166e-5,330.99234784358936
1.9137274624713937e-5,331.0413479353085
1.91791638371366e-5,331.09036253709905
1.922114474005078e-5,331.13939165600453
1.926321753415607e-5,331.1884352976095
1.9305382420591375e-5,331.23749346829504
1.934763960093574e-5,331.2865661751602
1.938998927720957e-5,331.33565342479716
1.9432431651875464e-5,331.3847552226805
1.947496692783907e-5,331.43387157579286
1.9517595308450298e-5,331.48300249122343
1.9560316997504112e-5,331.5321479747168
1.9603132199241614e-5,331.58130803252243
1.964604111835084e-5,331.630482671753
1.9689043959967974e-5,331.67967189916766
1.973214092967824e-5,331.72887572022245
1.977533223351672e-5,331.77809414182605
1.9818618077969616e-5,331.8273271710983
1.9861998669975108e-5,331.87657481406904
1.9905474216924203e-5,331.92583707674584
1.9949044926661995e-5,331.97511396625595
1.9992711007488482e-5,332.0244054895407
2.0036472668159647e-5,332.07371165210213
2.0080330117888294e-5,332.12303246069547
2.0124283566345283e-5,332.1723679224552
2.0168333223660434e-5,332.2217180437879
2.021247930042338e-5,332.2710828304209
2.025672200768484e-5,332.32046228946035
2.0301061556957493e-5,332.3698564279995
2.034549816021687e-5,332.4192652517405
2.039003202990262e-5,332.46868876716206
2.0434663378919357e-5,332.51812698141384
2.047939242063775e-5,332.5675799012667
2.0524219368895396e-5,332.6170475322847
2.0569144437998077e-5,332.6665298814492
2.061416784272066e-5,332.71602695591764
2.0659289798308018e-5,332.7655387618574
2.070451052047628e-5,332.8150653052958
2.0749830225413758e-5,332.86460659339645
2.0795249129781847e-5,332.91416263321463
2.084076745071632e-5,332.9637334304005
2.0886385405828182e-5,333.01331899164205
2.0932103213204814e-5,333.062919324112
2.0977921091410832e-5,333.1125344345165
2.102383925948939e-5,333.16216432852013
2.106985793696311e-5,333.21180901318854
2.1115977343834986e-5,333.2614684957023
2.1162197700589703e-5,333.3111427822028
2.120851922819456e-5,333.3608318788393
2.12549421481004e-5,333.4105357928002
2.1301466682242924e-5,333.46025453116897
2.1348093053043586e-5,333.5099880996567
2.1394821483410724e-5,333.5597365049836
2.1441652196740475e-5,333.6094997543465
2.14885854169181e-5,333.65927785454045
2.15356213683189e-5,333.70907081126575
2.1582760275809195e-5,333.75887863158516
2.1630002364747627e-5,333.8087013227044
2.1677347860986133e-5,333.85853889096813
2.1724796990870873e-5,333.90839134242646
2.177234998124359e-5,333.9582586842862
2.18200070594425e-5,334.00814092372076
2.18677684533035e-5,334.0580380666145
2.1915634391161035e-5,334.1079501195477
2.1963605101849506e-5,334.1578770897425
2.2011680814704187e-5,334.2078189842022
2.2059861759562208e-5,334.2577758086564
2.2108148166763925e-5,334.3077475700543
2.2156540267153883e-5,334.35773427562725
2.220503829208177e-5,334.407735932089
2.2253642473403826e-5,334.4577525452891
2.2302353043483734e-5,334.5077841223907
2.2351170235193848e-5,334.5578306706341
2.2400094281916112e-5,334.60789219634904
2.244912541754345e-5,334.6579687057301
2.2498263876480762e-5,334.70806020602436
2.2547509893645877e-5,334.7581667044462
2.259686370447098e-5,334.8082882069734
2.2646325544903585e-5,334.85842472022205
2.2695895651407534e-5,334.9085762514497
2.2745574260964393e-5,334.95874280775917
2.279536161107441e-5,335.00892439498136
2.2845257939757734e-5,335.0591210200363
2.2895263485555375e-5,335.1093326901908
2.294537848753062e-5,335.1595594123686
2.2995603185270048e-5,335.20980119242347
2.30459378188845e-5,335.26005803747705
2.3096382629010555e-5,335.31032995480587
2.3146937856811507e-5,335.3606169511054
2.3197603743978383e-5,335.41091903238487
2.3248380532731392e-5,335.4612362058846
2.329926846582088e-5,335.5115684788905
2.3350267786528597e-5,335.56191585783716
2.3401378738668667e-5,335.61227834898875
2.3452601566589025e-5,335.662655959638
2.350393651517247e-5,335.7130486970701
2.355538382983767e-5,335.76345656747196
2.3606943756540623e-5,335.8138795774004
2.3658616541775705e-5,335.86431773415995
2.371040243257669e-5,335.9147710450006
2.3762301676518222e-5,335.9652395159619
2.3814314521716813e-5,336.01572315383
2.3866441216832118e-5,336.0662219659192
2.3918682011067935e-5,336.11673595942
2.397103715417368e-5,336.1672651403061
2.4023506896445445e-5,336.21780951553603
2.4076091488727047e-5,336.2683690924341
2.412879118241151e-5,336.31894387811843
2.4181606229442078e-5,336.36953387855476
2.4234536882313528e-5,336.42013910082926
2.428758339407316e-5,336.47075955227655
2.4340746018322313e-5,336.52139523993833
2.439402500921744e-5,336.5720461698118
2.4447420621471147e-5,336.62271234907564
2.4500933110353737e-5,336.6733937850744
2.4554562731694266e-5,336.72409048477886
2.4608309741881614e-5,336.7748024542391
2.4662174397866027e-5,336.8255297006998
2.4716156957160124e-5,336.87627223151617
2.4770257677840245e-5,336.92703005359857
2.4824476818547473e-5,336.9778031730591
2.4878814638489178e-5,337.02859159718867
2.4933271397440105e-5,337.0793953333529
2.4987847355743467e-5,337.13021438841906
2.504254277431248e-5,337.18104876855836
2.5097357914631472e-5,337.23189848109405
2.5152293038756986e-5,337.2827635334029
2.520734840931931e-5,337.3336439323284
2.5262524289523562e-5,337.384539684091
2.5317820943151032e-5,337.435450796037
2.5373238634560242e-5,337.48637727555376
2.5428777628688507e-5,337.53731912948393
2.5484438191053082e-5,337.58827636408205
2.5540220587752226e-5,337.63924898671
2.559612508546683e-5,337.6902370047664
2.565215195146151e-5,337.7412404251161
2.5708301453585732e-5,337.7922592540304
2.576457386027542e-5,337.84329349888145
2.582096944055401e-5,337.8943431670785
2.587748846403386e-5,337.94540826553117
2.5934131200917307e-5,337.9964888005124
2.5990897921998298e-5,338.0475847793974
2.604778889866351e-5,338.09869620960706
2.61048044028935e-5,338.14982309811535
2.6161944707264306e-5,338.2009654511849
2.6219210084948618e-5,338.2521232761866
2.6276600809716892e-5,338.30329658055183
2.633411715593901e-5,338.35448537133703
2.6391759398585348e-5,338.4056896547887
2.644952781322823e-5,338.45690943826156
2.6507422676043006e-5,338.50814472919916
2.6565444263809694e-5,338.5593955347504
2.6623592853914163e-5,338.61066186115113
2.6681868724349283e-5,338.6619437157241
2.674027215371657e-5,338.7132411059245
2.6798803421227377e-5,338.76455403899894
2.6857462806704046e-5,338.8158825211899
2.6916250590581584e-5,338.86722655976666
2.6975167053908784e-5,338.9185861621954
2.703421247834967e-5,338.96996133581786
2.7093387146184637e-5,339.02135208691635
2.7152691340312116e-5,339.07275842267615
2.721212534424978e-5,339.1241803505756
2.727168944213571e-5,339.17561787803805
2.7331383918730106e-5,339.2270710114377
2.739120905941647e-5,339.27853975783745
2.7451165150202807e-5,339.3300241247274
2.751125247772333e-5,339.3815241195884
2.7571471329239605e-5,339.43303974896116
2.7631821992642034e-5,339.48457101973577
2.7692304756451003e-5,339.5361179394145
2.775291990981861e-5,339.58768051550163
2.7813667742529872e-5,339.6392587547965
2.7874548545003936e-5,339.69085266396036
2.793556260829582e-5,339.7424622505061
2.799671022409762e-5,339.7940875219502
2.8057991684739744e-5,339.84572848535913
2.8119407283192645e-5,339.8973851472072
2.8180957313067998e-5,339.94905751497913
2.8242642068620214e-5,340.0007455962036
2.8304461844747625e-5,340.0524493981732
2.836641693699423e-5,340.1041689272824
2.8428507641550933e-5,340.1559041909218
2.84907342552568e-5,340.2076551966327
2.855309707560081e-5,340.259421951875
2.8615596400723115e-5,340.3112044631049
2.8678232529416277e-5,340.3630027375362
2.8741005761127067e-5,340.4148167827229
2.8803916395957638e-5,340.4666466062155
2.88669647346671e-5,340.51849221470945
2.8930151078672704e-5,340.5703536151415
2.899347573005165e-5,340.62223081507847
2.905693899154235e-5,340.67412382208863
2.9120541166545684e-5,340.7260326432502
2.9184282559126837e-5,340.77795728517737
2.9248163474016545e-5,340.82989775542455
2.931218421661239e-5,340.88185406157316
2.93763450929806e-5,340.9338262110032
2.9440646409857305e-5,340.985814210206
2.9505088474650084e-5,341.03781806661055
2.9569671595439232e-5,341.08983778781084
2.9634396080979563e-5,341.141873381369
2.969926224070172e-5,341.19392485391614
2.976427038471348e-5,341.24599221261275
2.9829420823801585e-5,341.2980754650664
2.9894713869433048e-5,341.3501746188863
2.9960149833756467e-5,341.40228968112507
3.0025729029603885e-5,341.4544206585381
3.0091451770492025e-5,341.5065675587362
3.015731837062393e-5,341.55873038934226
3.0223329144890212e-5,341.61090915778226
3.0289484408870916e-5,341.6631038706259
3.035578447883687e-5,341.7153145353504
3.0422229671750982e-5,341.76754115959193
3.0488820305270142e-5,341.8197837509719
3.055555669774656e-5,341.87204231625174
3.062243916822909e-5,341.9243168625761
3.068946803646513e-5,341.9766073975944
3.075664362290191e-5,342.0289139289581
3.082396624868814e-5,342.0812364639297
3.0891436235675295e-5,342.13357500922
3.095905390641955e-5,342.18592957244954
3.1026819584183083e-5,342.2383001612838
3.109473359293551e-5,342.29068678331566
3.116279625735572e-5,342.3430894452319
3.123100790283333e-5,342.39550815440145
3.129936885546997e-5,342.4479429185036
3.1367879442081285e-5,342.50039374521924
3.143653999019819e-5,342.5528606417066
3.150535082806861e-5,342.60534361484025
3.1574312284658784e-5,342.6578426723032
3.1643424689655176e-5,342.71035782179104
3.171268837346592e-5,342.76288907088804
3.1782103667222174e-5,342.81543642630544
3.18516709027801e-5,342.86799989551906
3.1921390412722247e-5,342.9205794862385
3.1991262530358956e-5,342.97317520617474
3.206128758973035e-5,343.02578706248903
3.213146592560763e-5,343.07841506214095
3.2201797873494886e-5,343.1310592128493
3.227228376963034e-5,343.1837195223397
3.234292395098843e-5,343.236395998238
3.2413718755281166e-5,343.2890886473143
3.2484668520959594e-5,343.34179747706827
3.255577358721578e-5,343.3945224952398
3.262703429398416e-5,343.4472637095709
3.2698450981943336e-5,343.50002112734313
3.2770023992517404e-5,343.55279475549946
3.284175366787799e-5,343.60558460177987
3.29136403509457e-5,343.65839067394114
3.2985684385391556e-5,343.7112129796933
3.305788611563902e-5,343.7640515259099
3.3130245886865485e-5,343.8169063200285
3.320276404500366e-5,343.8697773698204
3.327544093674368e-5,343.92266468305917
3.334827690953449e-5,343.97556826723195
3.342127231158559e-5,344.0284881292205
3.349442749186849e-5,344.0814242767464
3.356774280011877e-5,344.1343767175982
3.364121858683752e-5,344.18734545956505
3.371485520329283e-5,344.240330509759
3.378865300152189e-5,344.2933318754266
3.386261233433246e-5,344.3463495643713
3.393673355530433e-5,344.399383584399
3.401101701879146e-5,344.4524339432193
3.4085463079923376e-5,344.5055006477411
3.4160072094607e-5,344.55858370556365
3.423484441952809e-5,344.61168312450803
3.430978041215335e-5,344.6647989123975
3.438488043073194e-5,344.71793107674506
3.4460144834296986e-5,344.77107962453704
3.453557398266768e-5,344.8242445635627
3.461116823645084e-5,344.87742590166044
3.4686927957042377e-5,344.9306236466716
3.4762853506629485e-5,344.98383780583157
3.4838945248192064e-5,345.0370683864105
3.49152035455046e-5,345.09031539626244
3.4991628763137636e-5,345.14357884324374
3.506822126645991e-5,345.19685873516937
3.5144981421639934e-5,345.2501550790825
3.522190959564748e-5,345.3034678825432
3.529900615625582e-5,345.35679715342314
3.53762714720432e-5,345.4101428995971
3.5453705912394444e-5,345.4635051287938
3.553130984750314e-5,345.51688384802804
3.56090836483731e-5,345.57027906504607
3.568702768682029e-5,345.6236907877378
3.576514233547432e-5,345.6771190239962
3.584342796778068e-5,345.7305637814312
3.5921884958002255e-5,345.7840250671375
3.600051368122096e-5,345.83750288897255
3.60793145133399e-5,345.89099725484476
3.615828783108504e-5,345.9445081726658
3.623743401200668e-5,345.9980356499151
3.6316753434481785e-5,346.0515796938313
3.6396246477715464e-5,346.10514031233066
3.6475913521742924e-5,346.15871751334055
3.655575494743101e-5,346.2123113047906
3.663577113648046e-5,346.26592169403966
3.671596247142751e-5,346.3195486884935
3.6796329335645504e-5,346.3731922960952
3.687687211334715e-5,346.426852524791
3.6957591189586176e-5,346.48052938252124
3.7038486950258904e-5,346.5342228765715
3.711955978210657e-5,346.58793301448355
3.720081007271686e-5,346.64165980421956
3.728223821052593e-5,346.69540325374453
3.736384458481994e-5,346.74916337100495
3.7445629585737376e-5,346.80294016326167
3.75275936042707e-5,346.85673363814885
3.760973703226798e-5,346.9105438036479
3.7692060262435203e-5,346.9643706677429
3.777456368833797e-5,347.01821423839056
3.785724770440311e-5,347.0720745228578
3.7940112705921025e-5,347.1259515288364
3.802315908904729e-5,347.1798452643275
3.810638725080472e-5,347.23375573733466
3.818979758908488e-5,347.28768295583257
3.827339050265055e-5,347.3416269271155
3.8357166391137345e-5,347.3955876589046
3.844112565505538e-5,347.44956515922007
3.85252686957917e-5,347.50355943608514
3.860959591561192e-5,347.5575704975021
3.869410771766195e-5,347.6115983508112
3.877880450597035e-5,347.665643003735
3.886368668544998e-5,347.7197044643135
3.894875466190011e-5,347.7737827405901
3.903400884200797e-5,347.82787784059917
3.9119449633351266e-5,347.88198977175256
3.920507744439981e-5,347.93611854174446
3.9290892684517294e-5,347.99026415863455
3.9376895763963666e-5,348.04442663048616
3.9463087093896905e-5,348.09860596536424
3.954946708637473e-5,348.1528021707916
3.9636036154357026e-5,348.2070152543964
3.972279471170754e-5,348.26124522425897
3.980974317319598e-5,348.31549208846263
3.98968819544997e-5,348.3697558550939
3.998421147220616e-5,348.4240365318348
4.00717321438147e-5,348.4783341262127
4.015944438773825e-5,348.53264864632433
4.024734862330584e-5,348.5869801002736
4.033544527076438e-5,348.6413284961672
4.042373475128039e-5,348.6956938418558
4.0512217486942526e-5,348.75007614478454
4.0600893900763256e-5,348.80447541304073
4.0689764416681066e-5,348.8588916547487
4.077882945956214e-5,348.91332487803544
4.086808945520288e-5,348.96777509090583
4.0957544830331717e-5,349.0222423007847
4.1047196012610896e-5,349.0767265157026
4.1137043430639005e-5,349.1312277438046
4.122708751395279e-5,349.18574599323904
4.131732869302893e-5,349.2402812721265
4.1407767399286645e-5,349.29483358797813
4.149840406508938e-5,349.3494029486996
4.1589239123747067e-5,349.403989362457
4.168027300951783e-5,349.4585928374196
4.177150615761061e-5,349.51321338176007
4.1862939004186954e-5,349.5678510032339
4.1954571986362854e-5,349.62250570952875
4.2046405542211375e-5,349.67717750883116
4.2138440110764444e-5,349.73186640933176
4.223067613201474e-5,349.78657241922417
4.2323114046918286e-5,349.8412955465351
4.241575429739621e-5,349.89603579880406
4.2508597326337054e-5,349.950793184173
4.2601643577598516e-5,350.00556771085377
4.269489349601012e-5,350.0603593870615
4.278834752737506e-5,350.1151682209921
4.288200611847207e-5,350.1699942202693
4.297586971705811e-5,350.2248373928605
4.306993877187013e-5,350.27969774699886
4.3164213732627404e-5,350.33457529092146
4.3258695050033314e-5,350.38947003286864
4.335338317577804e-5,350.4443819808076
4.344827856254049e-5,350.49931114241423
4.3543381663990125e-5,350.5542575259262
4.363869293478972e-5,350.60922113960186
4.3734212830597254e-5,350.66420199170364
4.3829941808067816e-5,350.7192000904534
4.392588032485632e-5,350.7742154435092
4.4022028839619366e-5,350.82924805895135
4.411838781201756e-5,350.8842979450605
4.4214957702717397e-5,350.93936511012066
4.431173897339398e-5,350.9944495624198
4.440873208673296e-5,351.04955130998445
4.45059375064325e-5,351.1046703605578
4.460335569720599e-5,351.15980672242534
4.4700987124784035e-5,351.2149604038935
4.47988322559164e-5,351.270131413272
4.489689155837477e-5,351.32531975885456
4.4995165500954635e-5,351.38052544840707
4.5093654553477734e-5,351.43574849000584
4.51923591867939e-5,351.49098889197955
4.529127987278387e-5,351.54624666266074
4.539041708436129e-5,351.6015218103855
4.548977129547466e-5,351.65681434334965
4.558934298111018e-5,351.7121242693028
4.568913261729376e-5,351.76745159653143
4.578914068109297e-5,351.82279633339016
4.58893676506199e-5,351.87815848823817
4.598981400503311e-5,351.93353806943776
4.6090480224540026e-5,351.9889350850198
4.619136679039895e-5,352.04434954290645
4.629247418492187e-5,352.09978145147295
4.63938028914765e-5,352.15523081910123
4.649535339448829e-5,352.2106976541761
4.659712617944333e-5,352.2661819650729
4.669912173289041e-5,352.32168375967785
4.6801340542442994e-5,352.3772030461398
4.690378309678217e-5,352.43273983286366
4.7006449885658604e-5,352.4882941282574
4.710934139989506e-5,352.5438659407336
4.7212458131388363e-5,352.5994552786448
4.731580057311233e-5,352.6550621498505
4.741936921911984e-5,352.7106865626466
4.752316456454491e-5,352.7663285254643
4.762718710560563e-5,352.82198804673953
4.7731437339606255e-5,352.8776651349116
4.7835915764939295e-5,352.93335979830374
4.7940622881088456e-5,352.9890720448126
4.8045559188630674e-5,353.04480188282446
4.815072518923868e-5,353.1005493207982
4.825612138568301e-5,353.15631436719684
4.8361748281835013e-5,353.2120970304873
4.846760638266892e-5,353.2678973189773
4.857369619426403e-5,353.3237152406205
4.868001822380767e-5,353.3795508038606
4.8786572979597346e-5,353.43540401718394
4.889336097104285e-5,353.49127488908124
4.900038270866933e-5,353.54716342804676
4.910763870411932e-5,353.6030696423999
4.921512947015534e-5,353.658993540145
4.932285552066204e-5,353.7149351297629
4.9430817370649144e-5,353.7708944197682
4.953901553625372e-5,353.8268714186793
4.964745053474227e-5,353.88286613501873
4.9756122884513847e-5,353.93887857714793
4.986503310510221e-5,353.9949087531047
4.9974181717178e-5,354.0509566713944
5.008356924255188e-5,354.1070223405592
5.019319620417656e-5,354.16310576914634
5.030306312614956e-5,354.21920696570635
5.0413170533715255e-5,354.27532593867033
5.052351895326804e-5,354.33146269609847
5.063410891235453e-5,354.38761724650453
5.0744940939675745e-5,354.44378959845943
5.08560155650903e-5,354.4999797605385
5.0967333319616606e-5,354.55618774132097
5.107889473543509e-5,354.61241354932275
5.119070034589137e-5,354.66865719263825
5.130275068549839e-5,354.72491867976305
5.141504628993919e-5,354.7811980192973
5.152758769606904e-5,354.8374952198447
5.164037544191863e-5,354.8938102900135
5.175341006669635e-5,354.9501432383989
5.1866692110790514e-5,355.0064940731805
5.198022211577263e-5,355.06286280279124
5.209400062439961e-5,355.1192494358599
5.220802818061609e-5,355.1756539810193
5.232230532955766e-5,355.23207644690683
5.2436832617553046e-5,355.28851684216374
5.25516105921269e-5,355.3449751751591
5.2666639802002055e-5,355.40145145419405
5.278192079710274e-5,355.4579456879248
5.289745412855688e-5,355.5144578850137
5.301324034869847e-5,355.57098805412755
5.31292800110708e-5,355.6275362039368
5.32455736704288e-5,355.6841023430172
5.336212188274137e-5,355.74068647959183
5.347892520519469e-5,355.7972886222915
5.3595984196194436e-5,355.85390877980797
5.371329941536869e-5,355.91054696083756
5.383087142357015e-5,355.96720317408057
5.394870078287949e-5,356.02387742823714
5.4066788056607716e-5,356.0805697316519
5.418513380929851e-5,356.1372800928132
5.430373860673163e-5,356.19400852044237
5.442260301592523e-5,356.2507550232656
5.454172760513827e-5,356.30751961001323
5.4661112943873916e-5,356.36430228942004
5.478075960288179e-5,356.4211030701199
5.4900668154160905e-5,356.4779219604275
5.5020839170962e-5,356.5347589690481
5.5141273227790923e-5,356.5916141047378
5.5261970900411044e-5,356.64848737625726
5.538293276584568e-5,356.7053787923714
5.550415940238151e-5,356.7622883618501
5.562565138957101e-5,356.8192160931876
5.574740930823491e-5,356.8761619948785
5.586943374046561e-5,356.933126075709
5.599172526962953e-5,356.99010834447034
5.611428448037013e-5,357.047108809958
5.6237111958610226e-5,357.10412748097224
5.6360208291555515e-5,357.16116436629295
5.6483574067697e-5,357.21821947433955
5.660720987681348e-5,357.27529281379293
5.673111630997507e-5,357.3323843934754
5.685529395954552e-5,357.3894942222133
5.6979743419185334e-5,357.4466223088372
5.7104465283854116e-5,357.5037686621831
5.7229460149814116e-5,357.56093329102004
5.7354728614632726e-5,357.61811620379314
5.7480271277184986e-5,357.67531740929167
5.760608873765716e-5,357.7325369163729
5.7732181597549256e-5,357.7897747338992
5.785855045967752e-5,357.84703087073683
5.7985195928178075e-5,357.9043053357572
5.811211860850928e-5,357.9615981377323
5.823931910745489e-5,358.0189092851635
5.8366798033126516e-5,358.0762387869051
5.8494555994967154e-5,358.13358665185046
5.862259360375385e-5,358.19095288889747
5.875091147160017e-5,358.2483375069489
5.887951021195992e-5,358.30574051491226
5.9008390439629644e-5,358.36316192159154
5.913755277075128e-5,358.4206017355397
5.926699782281575e-5,358.4780599656519
5.93967262146655e-5,358.5355366208579
5.952673856649766e-5,358.59303171009196
5.965703549986653e-5,358.65054524229316
5.978761763768728e-5,358.70807722640575
5.991848560423859e-5,358.76562767129826
6.00496400251652e-5,358.82319658556224
6.0181081527481725e-5,358.88078397811483
6.031281073957522e-5,358.9383898579228
6.044482829120783e-5,358.9960142339569
6.057713481352056e-5,359.0536571151933
6.070973093903577e-5,359.11131851061305
6.084261730166046e-5,359.1689984291669
6.097579453668882e-5,359.2266968794987
6.110926328080597e-5,359.28441387051737
6.12430241720907e-5,359.34214941122633
6.137707785001805e-5,359.3999035106335
6.151142495546321e-5,359.4576761777525
6.164606613070416e-5,359.5154674216015
6.178100201942435e-5,359.57327725120166
6.191623326671659e-5,359.6311056753201
6.20517605190856e-5,359.68895270279876
6.218758442445128e-5,359.74681834267847
6.232370563215144e-5,359.8047026040051
6.246012479294557e-5,359.86260549582914
6.25968425590176e-5,359.9205270272068
6.273385958397862e-5,359.97846720719815
6.287117652287079e-5,360.0364260447749
6.300879403217007e-5,360.0944035486891
6.314671276978899e-5,360.15239972799304
6.328493339508053e-5,360.21041459177076
6.342345656884086e-5,360.2684481491108
6.35622829533126e-5,360.32650040910687
6.370141321218759e-5,360.3845713808575
6.384084801061081e-5,360.4426610734639
6.398058801518314e-5,360.5007694957835
6.41206338939642e-5,360.55889665676193
6.426098631647629e-5,360.6170425655212
6.440164595370721e-5,360.67520723118844
6.45426134781131e-5,360.7333906628954
6.46838895636224e-5,360.79159286977944
6.482547488563857e-5,360.84981386098235
6.496737012104361e-5,360.9080536456156
6.51095759482007e-5,360.9663122325274
6.525209304695827e-5,361.0245896308101
6.53949220986529e-5,361.08288584962935
6.553806378611209e-5,361.1412008981559
6.568151879365839e-5,361.19953478556516
6.582528780711226e-5,361.25788752103864
6.596937151379491e-5,361.31625911376193
6.611377060253244e-5,361.37464957285624
6.625848576365855e-5,361.4330589072282
6.640351768901817e-5,361.4914871260504
6.654886707197015e-5,361.54993423853267
6.669453460739146e-5,361.6084002538898
6.684052099168004e-5,361.6668851813422
6.69868269227578e-5,361.72538903011485
6.713345310007468e-5,361.78391180943845
6.728040022461165e-5,361.84245352847483
6.742766899888364e-5,361.9010141961894
6.75752601269437e-5,361.95959382180456
6.772317431438583e-5,362.0181924145745
6.787141226834867e-5,362.0768099837592
6.801997469751823e-5,362.1354465386232
6.816886231213218e-5,362.194102088437
6.831807582398285e-5,362.2527766424757
6.846761594642015e-5,362.3114702099765
6.861748339435584e-5,362.3701827999542
6.876767888426655e-5,362.4289144216574
6.89182031341968e-5,362.487665084385
6.906905686376317e-5,362.54643479744203
6.922024079415732e-5,362.60522357013866
6.937175564814964e-5,362.66403141179046
6.952360215009214e-5,362.72285833171793
6.967578102592278e-5,362.781704339241
6.982829300316853e-5,362.84056944346463
6.998113881094837e-5,362.8994536536154
7.013431917997768e-5,362.95835697903846
7.028783484257131e-5,363.0172794290842
7.044168653264658e-5,363.0762210131086
7.059587498572774e-5,363.13518174047283
7.075040093894886e-5,363.1941616205438
7.090526513105765e-5,363.2531606626934
7.106046830241841e-5,363.3121788762154
7.121601119501646e-5,363.37121627026096
7.137189455246122e-5,363.43027285420783
7.152811911998937e-5,363.4893486374526
7.168468564446922e-5,363.54844362939747
7.184159487440395e-5,363.60755783944995
7.199884755993461e-5,363.66669127702284
7.215644445284472e-5,363.72584395153484
7.231438630656317e-5,363.78501587240953
7.247267387616821e-5,363.84420704890726
7.26313079183904e-5,363.90341749032
7.279028919161713e-5,363.96264720609094
7.294961845589581e-5,364.02189620566884
7.310929647293708e-5,364.0811644985078
7.32693240061193e-5,364.1404520940678
7.342970182049177e-5,364.1997590018142
7.359043068277795e-5,364.25908523121774
7.375151136138004e-5,364.3184307917513
7.391294462638199e-5,364.37779569270754
7.407473124955354e-5,364.4371799434707
7.423687200435331e-5,364.4965835535363
7.439936766593333e-5,364.5560065324061
7.456221901114241e-5,364.61544888958707
7.472542681852929e-5,364.67491063459187
7.488899186834732e-5,364.73439177693876
7.505291494255775e-5,364.7938923261517
7.521719682483298e-5,364.85341229175987
7.538183830056124e-5,364.91295168314235
7.554684015684973e-5,364.9725105097153
7.571220318252866e-5,365.03208878102765
7.587792816815447e-5,365.0916865066344
7.604401590601448e-5,365.1513036960957
7.621046719013024e-5,365.2109403589781
7.637728281626084e-5,365.27059650485313
7.654446358190766e-5,365.33027214329843
7.671201028631758e-5,365.3899672838974
7.687992373048707e-5,365.44968193617177
7.704820471716543e-5,365.50941610952816
7.721685405085955e-5,365.56916981355823
7.738587253783728e-5,365.6289430578705
7.755526098613082e-5,365.68873585207945
7.772502020554155e-5,365.7485482058054
7.789515100764339e-5,365.80838012867423
7.806565420578623e-5,365.8682316303178
7.823653061510077e-5,365.92810272037354
7.840778105250176e-5,365.9879934084837
7.857940633669226e-5,366.04790370414923
7.875140728816686e-5,366.10783361692444
7.892378472921661e-5,366.1677831564723
7.909653948393249e-5,366.227752332462
7.926967237820879e-5,366.2877411545685
7.944318423974808e-5,366.34774963247224
7.961707589806468e-5,366.4077777758599
7.979134818448813e-5,366.46782559442397
7.996600193216813e-5,366.52789309786283
8.01410379760779e-5,366.5879802958757
8.031645715301845e-5,366.64808719801715
8.0492260301622e-5,366.7082138139292
8.066844826235689e-5,366.7683601533358
8.084502187753116e-5,366.8285262259672
8.102198199129607e-5,366.88871204155953
8.11993294496511e-5,366.9489176098545
8.137706510044758e-5,367.0091429406004
8.155518979339212e-5,367.0693880435507
8.173370438005176e-5,367.12965292846513
8.191260971385738e-5,367.1899376051096
8.209190665010803e-5,367.2502420831493
8.227159604597446e-5,367.3105663722488
8.245167876050413e-5,367.37091048219435
8.263215565462487e-5,367.43127442277785
8.281302759114846e-5,367.4916582037972
8.299429543477582e-5,367.5520618350563
8.317596005210054e-5,367.61248532636523
8.33580223116126e-5,367.6729286875395
8.354048308370351e-5,367.7333919284017
8.372334324066978e-5,367.7938750587796
8.390660365671749e-5,367.8543780884893
8.409026520796566e-5,367.9149010272189
8.42743287724516e-5,367.9754438847818
8.445879523013456e-5,368.0360066710323
8.464366546289933e-5,368.09658939583113
8.482894035456159e-5,368.15719206904475
8.501462079087163e-5,368.21781470054606
8.520070765951795e-5,368.2784573002138
8.538720185013267e-5,368.3391198779328
8.5574104254295e-5,368.39980244359435
8.57614157655359e-5,368.4605050070953
8.594913727934165e-5,368.5212275783194
8.613726969315914e-5,368.581970167034
8.63258139063997e-5,368.6427327831293
8.651477082044279e-5,368.70351543652924
8.670414133864146e-5,368.7643181371637
8.689392636632605e-5,368.82514089496914
8.708412681080807e-5,368.88598371988775
8.727474358138552e-5,368.94684662186825
8.74657775893466e-5,369.0077296108653
8.765722974797435e-5,369.06863269684015
8.784910097255038e-5,369.12955588976007
8.804139218036028e-5,369.19049919959775
8.823410429069743e-5,369.2514626362358
8.842723822486693e-5,369.3124462095851
8.862079490619103e-5,369.37344992963966
8.881477526001303e-5,369.4344738064003
8.900918021370115e-5,369.49551784987347
8.920401069665406e-5,369.55658207007224
8.939926764030457e-5,369.6176664770159
8.959495197812451e-5,369.6787710807299
8.979106464562838e-5,369.7398958912463
8.998760658037895e-5,369.801040918603
9.018457872199124e-5,369.86220617284454
9.038198201213643e-5,369.9233916640194
9.057981739454742e-5,369.98459740208347
9.077808581502283e-5,370.0458233970467
9.097678822143101e-5,370.1070696589805
9.11759255637156e-5,370.1683361979633
9.137549879389936e-5,370.2296230240796
9.157550886608913e-5,370.2909301474198
9.177595673647961e-5,370.35225757808155
9.197684336335904e-5,370.4136053261679
9.217816970711325e-5,370.47497340178927
9.237993673022968e-5,370.5363618150617
9.25821453973031e-5,370.59777057610813
9.278479667503964e-5,370.65919969505757
9.298789153226094e-5,370.7206491820104
9.319143093990974e-5,370.78211904700794
9.339541587105397e-5,370.84360930019386
9.35998473008916e-5,370.905119951725
9.380472620675466e-5,370.9666510117644
9.401005356811502e-5,371.0282024904818
9.421583036658847e-5,371.08977439805346
9.442205758593888e-5,371.15136674466174
9.462873621208406e-5,371.212979540496
9.483586723309984e-5,371.2746127957516
9.504345163922425e-5,371.33626652063055
9.525149042286347e-5,371.39794072534164
9.545998457859566e-5,371.45963542009997
9.566893510317627e-5,371.5213506151068
9.587834299554189e-5,371.5830863204955
9.608820925681625e-5,371.64484254649005
9.629853489031446e-5,371.706619303334
9.650932090154715e-5,371.76841660127644
9.672056829822648e-5,371.8302344505735
9.693227809027039e-5,371.8920728614882
9.714445128980678e-5,371.9539318442894
9.735708891117963e-5,372.0158114092532
9.757019197095294e-5,372.077711566662
9.778376148791611e-5,372.1396323268049
9.799779848308787e-5,372.2015736999775
9.821230397972251e-5,372.26353569648194
9.842727900331406e-5,372.32551832662733
9.864272458160065e-5,372.3875216007064
9.88586417445706e-5,372.4495455289599
9.907503152446678e-5,372.5115901217106
9.929189495579085e-5,372.57365538929577
9.950923307530955e-5,372.63574134205896
9.972704692205872e-5,372.69784799035097
9.994533753734874e-5,372.7599753445287
0.00010016410596476874,372.822123414956
0.00010038335325019275,372.8842922120035
0.00010060308044178369,372.94648174604845
0.00010082328858999911,373.0086920274747
0.00010104397874759553,373.07092306667295
0.00010126515196963422,373.1331748740406
0.00010148680931348554,375.7194477566769
0.00010170895183883432,373.25774083490734
0.00010193158060768522,373.32005500920786
0.00010215469668436707,373.38238999324176
0.00010237830113553882,373.44474579743854
0.0001026023950301939,373.5071224322376
0.00010282697943966565,373.56951990808506
0.0001030520554376327,373.6319382354343
0.00010327762410012346,373.69437742474463
0.00010350368650552205,373.756837486483
0.00010373024373457271,373.81931843112284
0.00010395729687038531,373.88182026914416
0.00010418484699844084,373.9443430110344
0.00010441289520659585,374.00688666728695
0.00010464144258508851,374.06945124840325
0.00010487049022654307,374.1320367648906
0.00010510003922597538,374.1946432272632
0.0001053300906807985,374.25727064604274
0.00010556064569082718,374.3199190317399
0.00010579170535828391,374.3825883948308
0.00010602327078780355,374.44527874585435
0.00010625534308643882,374.5079900953606
0.00010648792336366602,374.5707224539068
0.00010672101273138948,374.6334758320571
0.00010695461230394783,374.69625024038277
0.00010718872319811851,374.75904568946135
0.00010742334653312346,374.82186218987783
0.00010765848343063478,374.88469975222426
0.00010789413501477935,374.9475583870992
0.00010813030241214507,375.0104381051084
0.00010836698675178545,375.0733389168649
0.00010860418916522541,375.13626083298783
0.00010884191078646694,375.19920386410433
0.00010908015275199377,375.2621680208479
0.00010931891620077775,375.32515331385906
0.00010955820227428343,375.3881597537859
0.0001097980121164739,375.4511873512485
0.0001100383468738166,375.51423611687784
0.00011027920769528798,375.5773060613436
0.0001105205957323799,375.640397195323
0.00011076251213910441,375.7035095294998
0.00011100495807199951,375.7666430745653
0.00011124793469013509,375.8297978412178
0.00011149144315511763,375.8929738401623
0.0001117354846310967,375.9561710821114
0.0001119800602847697,376.0193895777842
0.00011222517128538781,376.08262933790746
0.00011247081880476188,376.1458903732145
0.00011271700401726727,376.2091726944461
0.00011296372809985037,376.27247631235025
0.00011321099223203342,376.33580123768155
0.00011345879759592049,376.3991474812023
0.00011370714537620345,376.46251505368156
0.00011395603676016692,376.5259039658958
0.00011420547293769478,376.5893142286283
0.00011445545510127505,376.6527458526684
0.00011470598444600599,376.7161988487795
0.00011495706216960213,376.7796732277523
0.00011520868947239919,376.84316900040056
0.00011546086755736074,376.9066861775445
0.00011571359763008306,376.9702247700118
0.00011596688089880176,377.0337847886372
0.00011622071857439681,377.097366244263
0.00011647511187039863,377.1609691477381
0.00011673006200299431,377.22459350991954
0.00011698557019103248,377.2882393416705
0.00011724163765603023,377.3519066538622
0.00011749826562217804,377.41559545737306
0.00011775545531634595,377.47930576308823
0.00011801320796808986,377.54303758190053
0.00011827152480965657,377.60679092471
0.00011853040707599056,377.67056580242394
0.0001187898560047391,377.7343622259571
0.00011904987283625854,377.79818020623105
0.0001193104588136206,377.86201975417526
0.00011957161518261738,377.92588088072597
0.00011983334319176844,377.989763596827
0.00012009564409232577,378.0536679134297
0.00012035851913828027,378.1175938414911
0.00012062196958636798,378.18154139195263
0.00012088599669607531,378.24551057577816
0.00012115060172964607,378.3095014039497
0.00012141578595208654,378.37351388745554
0.00012168155063117197,378.4375480372922
0.00012194789703745302,378.5016038644628
0.0001222148264442609,378.5656813799787
0.0001224823401277145,378.62978059485795
0.0001227504393667256,378.6939015201265
0.0001230191254430054,378.75804416681706
0.00012328839964107096,378.8222085459704
0.00012355826324825047,378.8863946686343
0.00012382871755469048,378.9506025458644
0.00012409976385336112,379.0148321887232
0.00012437140344006265,379.07908360828105
0.0001246436376134321,379.14335681561573
0.00012491646767494855,379.2076518218123
0.00012518989492894033,379.27196863796337
0.0001254639206825905,379.33630727516913
0.00012573854624594325,379.4006677445368
0.0001260137729319108,379.46505005718205
0.0001262896020562786,379.5294542242268
0.0001265660349377128,379.59388025680164
0.0001268430728977654,379.65832816604404
0.00012712071726088132,379.72279796309874
0.00012739896935440477,379.78728965911876
0.00012767783050858492,379.85180326526404
0.0001279573020565832,379.91633879270245
0.00012823738533447872,379.9808962526044
0.00012851808168127518,380.04547565613854
0.0001287993924389076,380.1100770144946
0.00012908131895224774,380.1747003388715
0.00012936386256911172,380.2393456404752
0.00012964702464026543,380.30401293052006
0.00012993080651943145,380.3687022202266
0.00013021520956329587,380.43341352082444
0.0001305002351315139,380.4981468435499
0.0001307858845867174,380.56290219964717
0.00013107215929452043,380.6276796003682
0.00013135906062352627,380.6924790569723
0.0001316465899453343,380.7573005807267
0.0001319347486345456,380.8221441829059
0.0001322235380687707,380.88700987479234
0.00013251295962863499,380.9518976676761
0.00013280301469778606,381.0168075728548
0.0001330937046629005,381.0817396016339
0.00013338503091368955,381.1466937653263
0.00013367699484290697,381.21167007525287
0.0001339695978463547,381.2766685427419
0.0001342628413228899,381.34168917912945
0.00013455672667443203,381.40673199575946
0.0001348512553059687,381.4717970039835
0.0001351464286255634,381.53688421516085
0.00013544224804436125,381.60199364065846
0.00013573871497659629,381.66712529185105
0.00013603583083959846,381.7322791801211
0.00013633359705379959,381.7974553168589
0.00013663201504274117,381.8626537134625
0.00013693108623308027,381.9278743813377
0.0001372308120545967,381.99311733189774
0.0001375311939402004,382.0583825765643
0.00013783223332593708,382.12367012676634
0.00013813393165099648,382.18897999394096
0.00013843629035771804,382.2543121895327
0.00013873931089159833,382.3196667249939
0.00013904299470129838,382.38504361178553
0.00013934734323864964,382.4504428613753
0.0001396523579586619,382.51586448523955
0.00013995804031952948,382.58130849486207
0.00014026439178263842,382.64677490173426
0.0001405714138125741,382.712263717356
0.00014087910787712702,382.7777749532347
0.00014118747544730113,382.84330862088365
0.00014149651799731978,382.908864731823
0.00014180623700463325,382.97444329758434
0.00014211663394992618,383.04004432970686
0.00014242771031712368,383.10566783973786
0.0001427394675933996,383.1713138392325
0.00014305190726918255,383.2369823397538
0.00014336503083816357,383.30267335287243
0.00014367883979730364,383.3683868901677
0.00014399333564683978,383.4341229632261
0.00014430851989029344,383.49988158364243
0.00014462439403447672,383.56566276301965
0.0001449409595894999,383.63146651296785
0.00014525821806877918,383.69729284510623
0.00014557617098904282,383.7631417710609
0.00014589481987033965,383.82901330246654
0.00014621416623604525,383.8949074509658
0.00014653421161286965,383.9608242282088
0.00014685495753086517,384.58269732205036
0.0001471764055234326,384.0927257155693
0.0001474985571273298,384.15871044902747
0.00014782141388267788,384.2247178579118
0.00014814497733296915,384.2907479539128
0.00014846924902507493,384.3568007487291
0.00014879423050925174,384.4228762540672
0.00014911992333915017,384.48897448164206
0.00014944632907182097,384.5550954431761
0.0001497734492677232,384.6212391504003
0.00015010128549073197,384.68740561505336
0.00015042983930814495,384.75359484888247
0.00015075911229069103,384.8198068636424
0.0001510891060125368,384.8860416710965
0.00015141982205129452,384.952299283016
0.00015175126198803006,385.01857971118
0.00015208342740726948,385.0848829673761
0.0001524163198970078,385.1512090633998
0.0001527499410487155,385.2175580110547
0.0001530842924573466,385.2839298221527
0.0001534193757213467,385.3503245085138
0.00015375519244265973,385.41674208196594
0.00015409174422673652,385.4831825543455
0.00015442903268254158,385.5496459374968
0.00015476705942256172,385.6161322432726
0.00015510582606281296,385.68264148353364
0.00015544533422284855,385.74917367014865
0.00015578558552576714,385.8157288149948
0.00015612658159821962,385.8823069299576
0.000156468324070418,385.9489080269305
0.0001568108145761422,386.01553211781527
0.0001571540547527482,386.08217921452166
0.0001574980462411766,386.1488493289682
0.00015784279068595898,386.215542473081
0.0001581882897352274,386.282258658795
0.00015853454504072091,386.3489978980529
0.00015888155825779412,386.41576020280604
0.00015922933104542536,386.4825455850137
0.00015957786506622375,386.5493540566435
0.0001599271619864382,386.6161856296716
0.0001602772234759645,386.683040316082
0.00016062805120835346,386.74991812786743
0.00016097964686081971,386.81681907702875
0.0001613320121142484,386.883743175575
0.00016168514865320466,386.95069043552354
0.0001620390581659403,387.0176608689004
0.00016239374234440268,387.0846544877394
0.00016274920288424297,387.15167130408287
0.00016310544148482337,387.2187113299818
0.00016346245984922642,387.2857745774954
0.00016382025968426196,387.3528610586908
0.00016417884270047585,387.41997078564367
0.00016453821061215867,387.48710377043875
0.0001648983651373527,387.5542600251682
0.00016525930799786144,387.62143956193285
0.00016562104091925672,387.6886423928424
0.00016598356563088748,387.75586853001397
0.00016634688386588846,387.8231179855742
0.00016671099736118738,387.8903907716574
0.00016707590785751457,387.9576869004064
0.00016744161709941004,388.0250063839726
0.00016780812683523245,388.0923492345157
0.00016817543881716794,388.159715464204
0.0001685435548012372,388.22710508521425
0.00016891247654730545,388.2945181097311
0.0001692822058190894,388.36195454994856
0.00016965274438416643,388.42941441806863
0.00017002409401398338,388.49689772630137
0.00017039625648386395,388.56440448686595
0.00017076923357301846,388.6319347119899
0.0001711430270645512,388.69948841390897
0.0001715176387454694,388.76706560486764
0.00017189307040669255,388.83466629712103
0.00017226932384305932,388.9022905029337
0.0001726464008533379,388.9699382345761
0.00017302430324023322,389.03760950432724
0.0001734030328103961,389.1053043244745
0.00017378259137443243,389.1730227073138
0.00017416298074691064,389.2407646651493
0.00017454420274637167,389.30853021029446
0.00017492625919533655,389.3763193550705
0.00017530915192031556,389.44413211180773
0.00017569288275181758,389.51196849284497
0.00017607745352435746,389.5798285105293
0.00017646286607646638,389.647712177217
0.00017684912225069926,389.71561950527234
0.00017723622389364415,389.78355050706847
0.00017762417285593164,389.851505194987
0.00017801297099224236,389.91948358141843
0.00017840262016131738,389.98748567876174
0.00017879312222596577,390.0555114994244
0.00017918447905307405,390.12356105582285
0.0001795766925136157,390.1916343603817
0.00017996976448265883,390.2597314255347
0.00018036369683937652,390.3278522637241
0.00018075849146705465,390.3959968874005
0.00018115415025310138,390.4641653090237
0.00018155067508905665,390.5323575410618
0.00018194806787060014,390.6005735959917
0.0001823463304975616,390.66881348629886
0.00018274546487392874,390.73707722447784
0.00018314547290785693,390.80536482303137
0.00018354635651167872,390.8736762944713
0.0001839481176019119,390.942011651318
0.00018435075809926995,391.01037090610066
0.00018475427992867,391.0787540713571
0.00018515868501924266,391.147161159634
0.00018556397530434168,391.2155921834867
0.00018597015272155197,391.2840471554791
0.00018637721921270034,391.35252608818456
0.0001867851767238634,391.4210289941842
0.00018719402720537758,391.4895558860686
0.0001876037726118489,391.55810677643734
0.000188014414902161,391.62668167789775
0.00018842595603948598,391.69528060306703
0.00018883839799129268,391.7639035645763
0.0001892517427293564,391.8325505750745
0.00018966599222976896,391.90122164720606
0.0001900811484729469,391.96991679362355
0.00019049721344364243,392.0386360269885
0.0001909141891309515,392.1073793599714
0.00019133207752832402,392.17614680525134
0.0001917508806335739,392.2449383755164
0.00019217060044888722,392.3137540834635
0.0001925912389808334,392.3825939417984
0.00019301279824037343,392.4514579632359
0.00019343528024287003,392.52034616049906
0.00019385868700809788,392.58925854632076
0.000194283020560252,392.65819513344206
0.00019470828292795882,392.72715593461334
0.00019513447614428466,392.7961409625934
0.00019556160224674596,392.8651502301505
0.00019598966327731963,392.9341837500613
0.00019641866128245147,393.0032415351118
0.00019684859831306748,393.07232359809683
0.00019727947642458223,393.14142995182004
0.00019771129767690943,393.210560609094
0.0001981440641344723,393.2797155827404
0.00019857777786621192,393.3488948855896
0.00019901244094559903,393.4180985304813
0.00019944805545064214,393.48732653026383
0.00019988462346389845,393.5565788977948
0.0002003221470724841,393.6258556459405
0.00020076062836808296,393.6951567875887
0.00020120006944695812,393.76448233564696
0.00020164047240996052,393.8338323030103
0.0002020818393625396,393.9032067025817
0.00020252417241475406,393.97260554727364
0.00020296747368128042,394.04202885000757
0.00020341174528142473,394.1114766237137
0.0002038569893391312,394.1809488813315
0.0002043032079829939,394.25044563580974
0.00020475040334626548,394.3199669001057
0.00020519857756686813,394.38951268718574
0.0002056477327874042,394.4590830100262
0.00020609787115516523,394.5286778816111
0.00020654899482214364,394.5982973149344
0.00020700110594504173,394.66794132299935
0.00020745420668528256,394.73760991881755
0.00020790829920902095,394.80730311541026
0.0002083633856871523,394.87702092580747
0.00020881946829532467,394.9467633630485
0.00020927654921394778,395.016530440182
0.00020973463062820392,395.0863221702651
0.00021019371472805917,395.1561385663645
0.00021065380370827237,395.2259796415633
0.0002111148997684072,395.29584540898435
0.00021157700511284134,395.3657358817284
0.00021204012195077756,395.4356510728997
0.000212504252496255,395.50559099561167
0.0002129693989681581,395.5755556629869
0.0002134355635902292,395.6455450881573
0.00021390274859107734,395.71555928426363
0.0002143709562041898,395.7855982644563
0.00021484018866794335,395.8556620418946
0.0002153104482256134,395.9257506297471
0.0002157817371253865,395.99586404119174
0.00021625405762036964,396.0660022894153
0.00021672741196860143,396.1361653876139
0.00021720180243306385,396.2063533489933
0.00021767723128169133,396.2765661867679
0.00021815370078738346,396.346803914162
0.00021863121322801424,396.4170665444084
0.0002191097708864437,396.4873540907499
0.0002195893760505294,396.5576665664435
0.00022007003101313593,396.62800398479936
0.0002205517380721475,396.69836635909945
0.00022103449953047745,396.76875370262485
0.00022151831769607995,396.8391660286655
0.00022200319488196175,396.90960335052046
0.00022248913340619143,396.98006568149856
0.00022297613559191262,397.0505530349178
0.00022346420376735324,397.12106542410527
0.00022395334026583744,397.19160286239753
0.0002244435474257975,397.2621653631406
0.00022493482759078324,397.3327529396893
0.0002254271831094752,397.4033656054087
0.00022592061633569416,397.47400337367236
0.00022641512962841325,397.5446662578635
0.00022691072535176965,397.61535427137494
0.00022740740587507454,397.68606742760875
0.00022790517357282612,397.7568057399839
0.0002284040308247194,397.82756922198126
0.00022890398001565825,397.8983578870448
0.00022940502353576754,397.9691717486154
0.00022990716378040287,398.04001082014327
0.0002304104031501639,398.110875115088
0.0002309147440509043,398.1817646469188
0.00023142018889374378,398.2526794291138
0.00023192674009508044,398.32361947516137
0.00023243440007660068,398.3945847985586
0.00023294317126529255,398.4655754128123
0.0002334530560934559,398.5365913314388
0.0002339640569987144,398.60763256796355
0.0002344761764240283,398.6786991359219
0.00023498941681770417,398.74979104885824
0.00023550378063340853,398.8209083203269
0.00023601927033017805,398.8920509639408
0.0002365358883724319,398.96321899331974
0.00023705363722998428,399.03441242204735
0.00023757251937805458,399.1056312637174
0.0002380925372972811,399.1768755319327
0.00023861369347373125,399.24814524030563
0.00023913599039891413,399.31944040245855
0.00023965943056979317,399.3907610320227
0.00024018401648879644,399.46210714263896
0.00024070975066383044,399.53347874795827
0.0002412366356082905,399.6048758616406
0.0002417646738410734,399.6762984973557
0.0002422938678865903,399.7477466687829
0.00024282422027477695,399.81922038961073
0.00024335573354110788,399.8907196735726
0.0002438884102266066,399.96224453444995
0.00024442225287785884,400.0337949859642
0.000244957264047025,400.10537104184374
0.00024549344629185097,400.1769727158271
0.0002460308021756823,400.2486000216618
0.0002465693342674746,400.32025297310554
0.0002471090451418066,400.39193158392544
0.0002476499373788932,400.4636358678979
0.00024819201356459617,400.5353658388097
0.00024873527629043826,400.60712151045635
0.0002492797281536142,400.6789028966435
0.0002498253717570036,400.75071001118664
0.00025037220970918416,400.82254286792846
0.00025092024462444246,400.8944014807971
0.0002514694791227885,400.96628586365216
0.00025201991582996636,401.03819603034873
0.00025257155737746763,401.11013199475235
0.00025312440640254456,401.1820937707378
0.0002536784655482212,401.2540813721896
0.00025423373746330763,401.3260948130021
0.0002547902248024113,401.3981341070792
0.0002553479302259502,401.47019926833474
0.00025590685640016647,401.5422903106921
0.00025646700599713727,401.61440724808426
0.0002570283816947897,401.68655009445456
0.00025759098617691154,401.758718863834
0.0002581548221331654,401.8309135702467
0.00025871989225910176,401.90313422766684
0.00025928619925617044,401.9753808500779
0.0002598537458317354,402.0476534514731
0.00026042253469908585,402.1199520458556
0.00026099256857745013,402.19227664723826
0.0002615638501920095,402.2646272696439
0.00026213638227390914,402.33700392710466
0.00026271016756027353,402.4094066336632
0.0002632852087942176,402.4818354033712
0.0002638615087248604,402.55429025029616
0.0002644390701073397,402.62677118861654
0.0002650178957028225,402.69927823245774
0.0002655979882785209,402.7718113959123
0.00026617935060770326,402.84437069308376
0.0002667619854697083,402.9169561380844
0.00026734589564995914,402.98956774503705
0.0002679310839399749,403.0622055280742
0.00026851755313738596,403.13486950133824
0.00026910530604594565,403.2075596789814
0.0002696943454755443,403.28027607516566
0.0002702846742422236,403.3530187040633
0.00027087629516818826,403.4257875799461
0.00027146921108182133,403.49858271708575
0.0002720634248176959,403.57140412968596
0.0002726589392165907,403.6442518319599
0.00027325575712550164,403.71712583813127
0.00027385388139765653,403.790026162433
0.00027445331489252934,403.8629528191083
0.0002750540604758518,403.93590582241035
0.0002756561210196298,404.00888518660224
0.00027625949940215467,404.08189092595677
0.00027686419850801795,404.15492305476556
0.0002774702212281262,404.2279815874523
0.0002780775704597126,404.301066538366
0.00027868624910635316,404.3741779218213
0.0002792962600779787,404.44731575214297
0.00027990760629088943,404.5204800436657
0.0002805202906677699,404.59367081073424
0.00028113431613770087,404.66688806770327
0.0002817496856361758,404.7401318289374
0.0002823664021051126,404.8134021088114
0.0002829844684928687,404.8866989217099
0.00028360388775425607,404.9600222821299
0.0002842246628505531,405.03337220457354
0.0002848467967495215,405.103926743127
0.0002854702924254179,405.1751210792696
0.0002860951528590093,405.2535814882648
0.0002867213810375883,405.32703780307156
0.0002873489799549849,405.4005207520865
0.00028797795261158355,405.47403034977657
0.00028860830201433535,405.54756661061896
0.0002892400311767731,405.62112954910253
0.00028987314311902684,405.6947191798524
0.0002905076408678362,405.76833551746097
0.000291143527456567,405.84197857644773
0.000291780805925224,405.91564837134257
0.0002924194793204661,405.98934491668484
0.0002930595506956219,406.0630682270248
0.00029370102311070204,406.1368183169222
0.0002943438996324166,406.21059520094735
0.00029498818333418723,406.28439889368036
0.000295633877296163,406.3582294097481
0.000296280984605236,406.4320867639215
0.00029692950835505383,406.50597097083454
0.00029757945164603705,406.57988204511025
0.0002982308175853917,406.653820001382
0.0002988836092871252,406.72778485429285
0.0002995378298720619,406.80177661849615
0.0003001934824678563,406.87579530865605
0.0003008505702090099,406.9498409394462
0.00030150909623688455,407.0239135255643
0.00030216906369971805,407.0980130818798
0.0003028304757526403,407.17213962315265
0.0003034933355576862,407.24629316409994
0.00030415764628381303,407.3204737194487
0.0003048234111069139,407.3946813039362
0.0003054906332098332,407.46891593231027
0.0003061593157823835,407.5431776193286
0.00030682946202135797,407.61746637975943
0.0003075010751305486,407.6917822284004
0.000308174158320759,407.7661251802304
0.000308848714809821,407.8404952500976
0.0003095247478226107,407.9148924528134
0.0003102022605910619,407.98931680319964
0.0003108812563541839,408.06376831608804
0.000311561738358075,408.13824700632114
0.00031224370985593865,408.21275288875137
0.0003129271741081002,408.2872859782416
0.00031361213438202017,408.3618462897334
0.0003142985939523125,408.43643383830306
0.00031498655610075785,408.5110486388573
0.00031567602411632035,408.5856907063032
0.0003163670012951642,408.660360055557
0.0003170594909406672,408.73505670154617
0.0003177534963634392,408.8097806592083
0.00031844902088133567,408.88453194349097
0.00031914606781947434,408.9593105693633
0.0003198446405102522,409.0341165519933
0.0003205447422933593,409.1089499064377
0.000321246376515797,409.18381064768835
0.0003219495465318921,409.2586987907471
0.0003226542557033133,409.33361435062636
0.00032336050739908886,409.4085573423493
0.00032406830499561996,409.483527780949
0.00032477765187669975,409.55852568146975
0.000325488551433527,409.6335510591324
0.0003262010070647235,409.7086039291365
0.0003269150221763512,409.78368430655894
0.0003276306001819261,409.8587922064878
0.00032834774450243745,409.93392764402137
0.0003290664585663615,410.0090906342685
0.00032978674580967914,410.0842811923482
0.00033050860967589313,410.1594993333906
0.0003312320536160423,410.2347450727086
0.00033195708108872083,410.3100184255963
0.0003326836955600923,410.385319407217
0.0003334119005039072,410.46064803274453
0.00033414169940152084,410.536004317364
0.00033487309574190737,410.61138827626985
0.0003356060930216792,410.68679992466815
0.00033634069474510137,410.76223927778386
0.0003370769044241095,410.8377063510682
0.00033781472557832727,410.91320115985593
0.00033855416173508114,410.9887237193972
0.0003392952164294197,411.06427404495287
0.00034003789320412856,411.13985215179395
0.0003407821956097477,411.2154580552021
0.00034152812720459025,411.2910917704701
0.00034227569155475634,411.366753312963
0.00034302489223415346,411.44244269824964
0.0003437757328245108,411.51815994168334
0.0003445282169153977,411.59390505860097
0.0003452823481042414,411.6696780643506
0.0003460381299963423,411.74547897429073
0.0003467955662048938,411.8213078037898
0.0003475546603509969,411.89716456823163
0.000348315416063679,411.9730492832282
0.0003490778369799118,412.04896196431497
0.00034984192674462666,412.1249026269058
0.0003506076890107347,412.2008712864257
0.0003513751274391417,412.2768679583099
0.0003521442456987667,412.3528926580042
0.00035291504746656066,412.4289454009655
0.0003536875364275215,412.50502620279036
0.00035446171627471465,412.58113507919614
0.00035523759070928807,412.6572720456792
0.00035601516344049123,412.7334371177416
0.0003567944381856936,412.8096303108959
0.0003575754186704001,412.8858516406656
0.00035835810862827204,412.9621011225844
0.0003591425118011415,413.038378772286
0.00035992863193903265,413.1146846056045
0.00036071647280017674,413.1910186381293
0.00036150603815103153,413.26738088543993
0.0003622973317663001,413.343771363127
0.00036309035742894646,413.4201900867909
0.0003638851189302165,413.49663707204405
0.0003646816200696537,413.57311233459615
0.0003654798646551182,413.6496158903719
0.00036627985650280624,413.72614775504167
0.00036708159943726567,413.8027079442628
0.0003678850972914175,413.8792964737037
0.0003686903539065713,413.95591335904345
0.0003694973731324448,414.03255861597194
0.0003703061588271835,414.10923226031485
0.0003711167148573763,414.18593430806555
0.0003719290450980773,414.2626647749591
0.00037274315343282133,414.3394236767315
0.00037355904375364386,414.4162110291294
0.0003743767199611007,414.49302684791036
0.00037519618596428407,414.56987114884265
0.0003760174456808441,414.64674394792877
0.00037684050303700515,414.7236452611674
0.00037766536196758564,414.8005751043623
0.00037849202641601783,414.8775334933281
0.0003793205003343644,414.9545204438901
0.0003801507876833399,415.03153597188447
0.00038098289243232745,415.10858009319105
0.00038181681855939853,415.1856528239951
0.0003826525700513335,415.2627541802531
0.00038349015090363746,415.3398841778478
0.0003843295651205631,415.4170428326728
0.00038517081671512646,415.4942301606327
0.00038601390970912784,415.5714461776423
0.00038685884813317173,415.64869089979726
0.00038770563602668376,415.7259643433214
0.00038855427743793286,415.8032665241707
0.0003894047764240479,415.88059745830685
0.00039025713705103846,415.9579571617028
0.00039111136339381523,416.0353456503426
0.00039196745953620684,416.1127629402672
0.0003928254295709825,416.1902090478364
0.0003936852775998688,416.26768398914305
0.0003945470077335705,416.3451877802177
0.00039541062409179144,416.4227204371023
0.0003962761308032515,416.5002819758495
0.00039714353200570926,416.5778724125267
0.00039801283184597925,416.65549176350834
0.00039888403447995287,416.7331400450656
0.00039975714407261944,416.8108172732989
0.0004006321647980834,416.8885234643186
0.00040150910083958737,416.96625863424634
0.00040238795638952935,417.044022799215
0.0004032687356494842,417.1218159755793
0.00040415144283022437,417.19963817978453
0.00040503608215173794,417.2774894280012
0.00040592265784325146,417.3553697364096
0.0004068111741432476,417.43327912120054
0.0004077016352994865,417.5112175985756
0.0004085940455690274,417.58918518491316
0.0004094884092182462,417.6671818967795
0.00041038473052285886,417.7452077504231
0.0004112830137679392,417.8232627620938
0.0004121832632479406,417.9013469480518
0.0004130854832667177,417.97946032456906
0.0004139896781375441,418.0576029080852
0.0004148958521831363,418.1357747152549
0.00041580400973567145,418.21397576239974
0.0004167141551368094,418.2922060658391
0.0004176262927377145,418.3704656419032
0.0004185404268990737,418.4487545069338
0.00041945656199112065,418.52707267747047
0.0004203747023936536,418.6054201702278
0.0004212948524960577,418.68379700159204
0.0004222170166973272,418.76220318795237
0.0004231411994060835,418.8406387457091
0.00042406740504059967,418.9191036912739
0.0004249956380288187,418.99759804133345
0.00042592590280837554,419.07612181261794
0.0004268582038266201,419.15467502157634
0.0004277925455406352,419.23325768466816
0.00042872893241726153,419.31186981836424
0.00042966736893311567,419.3905114391572
0.0004306078595746131,419.46918256391626
0.00043155040883799086,419.5478832093348
0.00043249502122932583,419.62661339193164
0.00043344170126456005,419.70537312823694
0.0004343904534695191,419.7841624347921
0.0004353412823799349,419.8629813282208
0.0004362941925414691,419.9418298255282
0.0004372491885097312,420.0207079433677
0.00043820627485030453,420.0996156983294
0.0004391654561387642,420.17855310701395
0.00044012673696070106,420.25752018603345
0.00044109012191174436,420.3365169522371
0.000442055615597581,420.41554342263214
0.0004430232226339809,420.4945996138729
0.000443992947646816,420.5736855426202
0.0004449647952720837,420.6528012255461
0.00044593877015593056,420.73194667936366
0.000446914876954671,420.81112192120804
0.00044789312033481345,420.89032696793356
0.0004488735049730794,420.969561836261
0.0004498560355564271,421.0488265429226
0.00045084071678207547,421.1281211046614
0.000451827553357523,421.207445538447
0.0004528165500005746,421.28679986145227
0.00045380771143936,421.366184090468
0.00045480104241235863,421.445598242286
0.00045579654766842305,421.52504233371
0.0004567942319667988,421.6045163816081
0.00045779410007715064,421.6840204032846
0.000458796156779582,421.7635544156936
0.0004598004068646597,421.84311843568764
0.0004608068551334377,421.9227124801309
0.0004618155063974771,422.00233656589893
0.00046282636547887276,422.08199071024086
0.00046383943721027326,422.1616749303525
0.0004648547264349051,422.2413892431472
0.0004658722380065975,422.3211336655495
0.0004668919767898023,422.4009082144953
0.00046791394765962095,422.4807129071258
0.0004689381555018243,422.5605477608604
0.0004699646052128779,422.6404127926923
0.0004709933016999662,422.720308019607
0.00047202424988101305,422.8002334586011
0.00047305745468470913,422.8801891267784
0.0004740929210505318,422.9601750416736
0.0004751306539287705,423.0401912203982
0.0004761706582805516,423.12023767999835
0.0004772129390778589,423.20031443753186
0.00047825750130356116,423.28042151011175
0.00047930434995143226,423.36055891532965
0.0004803534900261786,423.4407266704274
0.0004814049265434599,423.5209247925126
0.0004824586645299146,423.6011532987041
0.00048351470902318537,423.6814122061524
0.00048457306507193956,423.7617015324858
0.0004856337377358975,423.8420212950695
0.00048669673208585326,423.9223715110723
0.00048776205320370005,424.00275219767457
0.0004888297061824565,424.08316337207924
0.000489899696126287,424.1636050519588
0.0004909720281505305,424.24407725477977
0.0004920467073817212,424.3245799977728
0.000493123738957615,424.4051132981797
0.0004942031280272147,424.485677173264
0.0004952848797507921,424.5662716407643
0.000496368999299916,424.6468967182196
0.0004974554918574736,424.72755242292175
0.0004985443626176972,424.8082387721746
0.0004996356167861897,424.88895578330954
0.0005007292595799467,424.9697034741564
0.000501825296227385,425.0504818622946
0.0005029237319683646,425.131290965078
0.0005040245720542144,425.21213079987245
0.0005051278217477599,425.29300138408973
0.0005062334863233439,425.37390273566604
0.0005073415710668565,425.45483487219445
0.0005084520812757559,425.53579781109096
0.0005095650222590964,425.61679156978323
0.0005106803993375544,425.6978161657874
0.0005117982178434505,425.77887161714074
0.0005129184831207795,425.859957941432
0.0005140412005252316,425.93574344292546
0.0005151663754242204,426.0220209545995
0.0005162940131969093,426.103402326935
0.0005174241192342343,426.18461231878297
0.0005185566989389333,426.2658532718816
0.0005196917577255689,426.3471252037716
0.0005208293010205552,426.4284281320052
0.0005219693342621857,426.5097620744517
0.0005231118629006559,426.59112704918977
0.000524256892398093,426.67252307381847
0.0005254044282285784,426.75395016594115
0.000526554475878176,426.8354083431819
0.0005277070408449592,426.9168976236841
0.0005288621286390343,426.9984180253912
0.0005300197447825704,427.07996956595747
0.0005311798948098225,427.1615522630495
0.0005323425842671595,427.2431661344377
0.0005335078187130919,427.32481119844283
0.0005346756037182956,427.4064874728883
0.0005358459448656415,427.4881949754915
0.0005370188477502195,427.56993372398176
0.0005381943179793666,427.6517037363993
0.0005393723611726948,427.7335050310429
0.000540552982962115,427.81533762569296
0.0005417361889918677,427.8972015381303
0.0005429219849185463,427.9790967861732
0.0005441103764111258,428.06102338822114
0.0005453013691509914,428.1429813623414
0.0005464949688319626,428.2249707263661
0.0005476911811603233,428.3069914981391
0.0005488900118548469,428.3890436957287
0.000550091466646824,428.4711273376327
0.0005512955512800924,428.55324244177643
0.0005525022715110597,428.63538902605535
0.0005537116331087363,428.71756710839173
0.0005549236418547585,428.79977670728715
0.0005561383035434177,428.8820178409757
0.0005573556239816903,428.964290527405
0.000558575608989261,429.0465947845343
0.0005597982643985554,429.12893063056345
0.0005610235960547639,429.2112980841204
0.0005622516098158716,429.2936971632429
0.0005634823115526871,429.3761278859417
0.0005647157071488677,429.4585902702752
0.0005659518025009517,429.5410843349242
0.0005671906035183822,429.6236100981836
0.0005684321161235373,429.70616757811604
0.0005696763462517606,429.788756792797
0.0005709232998513849,429.87137776067317
0.0005721729828837654,429.95403050041733
0.0005734254013233046,430.0367150301521
0.0005746805611574819,430.1194313680049
0.0005759384683868844,430.2021795322404
0.0005771991290252317,430.2849595417248
0.0005784625490994089,430.36777141473846
0.0005797287346494911,430.4506151694611
0.0005809976917287752,430.5334908241011
0.0005822694264038089,430.61639839749154
0.0005835439447544173,430.69933790817186
0.0005848212528737353,430.782309374374
0.0005861013568682335,430.8653128143425
0.0005873842628577487,430.94834824672364
0.000588669976975515,431.03141569037234
0.0005899585053681894,431.1145151635785
0.000591249854195885,431.19764668463904
0.0005925440296321974,431.2808102720625
0.0005938410378642352,431.36400594489857
0.0005951408850926516,431.4472337215509
0.0005964435775316702,431.53049362036944
0.0005977491214091187,431.61378565979913
0.0005990575229664554,431.69710985896177
0.0006003687884588002,431.7804662364234
0.0006016829241549666,431.863854810587
0.0006029999363374874,431.9472755998899
0.0006043198313026494,432.03072862344146
0.0006056426153605195,432.11421389999987
0.0006069682948349766,432.1977314480199
0.0006082968760637435,432.28128128597115
0.0006096283653984133,432.3648634329004
0.0006109627692044842,432.44847790776896
0.0006123000938613862,432.5321247290852
0.0006136403457625127,432.6158039153696
0.0006149835313152537,432.69951548559845
0.0006163296569410213,432.7832594589214
0.0006176787290752863,432.86703585390353
0.0006190307541676038,432.9508446891187
0.0006203857386816463,433.03468598350844
0.0006217436890952363,433.11855975636286
0.0006231046119003729,433.2024660263145
0.0006244685136032683,433.2864048119904
0.0006258354007243739,433.3703761323301
0.0006272052797984133,433.4543800067292
0.0006285781573744163,433.5384164538905
0.0006299540400157447,433.62248549249495
0.0006313329343001296,433.70658714150557
0.0006327148468196974,433.79072142040144
0.0006340997841810061,433.8748883479528
0.0006354877530050731,433.95908794289346
0.0006368787599274082,434.04332022423307
0.0006382728115980478,434.1275852115207
0.0006396699146815814,434.2118829235845
0.0006410700758571893,434.29621337921327
0.00064247330181867,434.3805765974835
0.0006438795992744734,434.4649725980021
0.000645288974947736,434.5494013996474
0.0006467014355763072,434.6338630212616
0.0006481169879127878,434.71835748201283
0.0006495356387245572,434.8028848015506
0.0006509573947938075,434.88744499879465
0.0006523822629175787,434.97203809264164
0.0006538102499077855,435.05666410237825
0.0006552413625912563,435.14132304767406
0.00065667560780976,435.2260149474866
0.0006581129924200417,435.31073982076595
0.0006595535232938573,435.3954976869525
0.0006609972073180007,435.4802885656999
0.0006624440513943438,435.5651124760049
0.0006638940624398633,435.64996943687265
0.0006653472473866765,435.7348594679383
0.0006668036131820762,435.8197825887879
0.0006682631667885592,435.90473881846765
0.0006697259151838655,435.9897281760543
0.0006711918653610061,436.0747506813831
0.0006726610243282989,436.159806353946
0.0006741333991094045,436.2448952128434
0.0006756089967433546,436.3300172772601
0.000677087824284591,436.4151725671939
0.0006785698888029951,436.5003611020441
0.0006800551973839234,436.585582900966
0.000681543757128243,436.67083798330526
0.0006830355751523617,436.75612636915116
0.0006845306585882671,436.8414480778291
0.0006860290145835553,436.92680312854975
0.000687530650301468,437.0121915408896
0.0006890355729209283,437.0976133349237
0.0006905437896365706,437.18306852993965
0.00069205530765878,437.2685571452023
0.0006935701342137221,437.35407920061385
0.0006950882765433801,437.43963471608373
0.0006966097419055907,437.52522371091953
0.0006981345375740748,437.6108462044865
0.000699662670838477,437.6965022169925
0.0007011941490043962,437.78219176812075
0.0007027289793934222,437.86791487723355
0.0007042671693431731,437.95367156390444
0.0007058087262073255,438.03946184846933
0.000707353657355655,438.12528575045565
0.0007089019701740665,438.21114328928115
0.0007104536720646319,438.29703448486293
0.0007120087704456277,438.38295935743093
0.0007135672727515648,438.4689179264562
0.0007151291864332307,438.55491021143865
0.0007166945189577193,438.64093623272385
0.0007182632778084692,438.7269960102227
0.0007198354704853015,438.813089563451
0.0007214111045044507,438.89921691214306
0.0007229901873986061,438.98537807681845
0.0007245727267169434,439.0715730771615
0.0007261587300251621,439.1578019327437
0.0007277482049055247,439.24406466373114
0.000729341158956887,439.3303612904614
0.0007309375997947412,439.4166918325513
0.0007325375350512463,439.50305630970354
0.0007341409723752673,439.5894547425248
0.0007357479194324142,439.6758871509659
0.0007373583839050726,439.76235355469686
0.0007389723734924472,439.84885397378616
0.0007405898959105933,439.9353884288551
0.0007422109588924551,440.0219569396574
0.0007438355701879063,440.1085595259448
0.0007454637375637806,440.19519620835257
0.0007470954688039155,440.28186700707727
0.0007487307717091844,440.36857194188804
0.0007503696540975355,440.4553110328624
0.0007520121238040321,440.54208430079655
0.0007536581886808843,440.62889176558457
0.000755307856597493,440.7157334470645
0.0007569611354404818,440.8026093659317
0.0007586180331137371,440.88951954256174
0.0007602785575384487,440.9764639968234
0.0007619427166531414,441.0634427488795
0.0007636105184137198,441.15045581965467
0.0007652819707935006,441.23750322915504
0.0007669570817832534,441.32458499732235
0.0007686358593912406,441.4117011449853
0.0007703183116432507,441.49885169260904
0.0007720044465826431,441.58603666016245
0.0007736942722703805,441.6732560679661
0.0007753877967850702,441.7605099370389
0.000777085028223005,441.8477982874624
0.0007787859746981963,441.93278546476296
0.0007804906443424194,442.0224785135946
0.0007821990453052463,442.10987043079854
0.0007839111857540882,442.19729691098615
0.0007856270738742353,442.28475797472726
0.0007873467178688919,442.3722536430653
0.000789070125959221,442.45978393613734
0.0007907973063843786,442.5473488741931
0.0007925282674015547,442.634948478464
0.0007942630172860165,442.7225827693625
0.0007960015643311408,442.8102517670588
0.0007977439168484614,442.89795549250704
0.0007994900831677021,442.98569396661986
0.0008012400716368202,443.07346720961135
0.0008029938906220474,443.161275242022
0.0008047515485079252,443.249118085185
0.0008065130536973511,443.3369957594514
0.0008082784146116128,443.4249082851567
0.0008100476396904317,443.5128556836538
0.0008118207373920049,443.60083797562356
0.0008135977161930401,443.68885518138086
0.0008153785845888031,443.7769073219481
0.0008171633510931519,443.8649944184998
0.0008189520242385809,443.95311649139666
0.0008207446125762632,444.0412735613196
0.0008225411246760862,444.1294656497827
0.0008243415691266988,444.21769277729396
0.0008261459545355475,444.30595496435376
0.0008279542895289192,444.39425223251084
0.0008297665827519849,444.48258460256375
0.0008315828428688359,444.5709520949754
0.0008334030785625315,444.65935473106236
0.0008352272985351346,444.74779253203826
0.0008370555115077556,444.83626551840933
0.0008388877262205974,444.92477371115973
0.0008407239514329904,445.0133171318952
0.0008425641959234416,445.10189580120925
0.0008444084684896699,445.1905097398739
0.0008462567779486544,445.2791589696617
0.0008481091331366714,445.36784351135776
0.0008499655429093383,445.45656338562964
0.0008518260161416594,445.5453186142198
0.0008536905617280616,445.6341092181942
0.0008555591885824441,445.7229352182083
0.0008574319056382151,445.81179663580957
0.0008593087218483369,445.90069349241793
0.0008611896461853714,445.9896258087321
0.0008630746876415168,446.0785936060344
0.0008649638552286576,446.16759690609223
0.0008668571579784019,446.2566357296705
0.0008687546049421268,446.3457100978655
0.000870656205191024,446.4348200326494
0.0008725619678161381,446.52396555491606
0.000874471901928416,446.6131466856451
0.0008763860166587449,446.70236344689414
0.0008783043211579982,446.79161585973605
0.0008802268245970826,446.88090394509214
0.0008821535361669747,446.97022772500907
0.0008840844650787732,447.05958722077685
0.0008860196205637354,447.14898245330625
0.0008879590118733255,447.2384134445582
0.0008899026482792602,447.3278802160675
0.0008918505390735474,447.41738278877165
0.0008938026935685379,447.5069211844918
0.0008957591210969631,447.5964954250243
0.000897719831011983,447.6861055313519
0.000899684832687233,447.77575152515055
0.0009016541355168627,447.8654334284551
0.000903627748915588,447.95515126230464
0.0009056056823187299,448.0449050482699
0.0009075879451822621,448.13469480856446
0.0009095745469828588,448.22452056430234
0.0009115654972179343,448.31438233698475
0.0009135608054056949,448.40428014895616
0.0009155604810851787,448.49421402141934
0.0009175645338163032,448.5841839758335
0.0009195729731799146,448.6741900346394
0.0009215858087778263,448.7642322191359
0.0009236030502328733,448.8543105507621
0.0009256247071889502,448.9444250520325
0.0009276507893110615,449.0345757443421
0.00092968130628537,449.12476264912925
0.0009317162678192365,449.21498578896677
0.0009337556836412738,449.30524518534304
0.0009357995635013866,449.39554085970974
0.0009378479171708212,449.4858728346919
0.0009399007544422146,449.5762411318627
0.000941958085129635,449.6666457727001
0.0009440199190686362,449.7570867798791
0.0009460862661162982,449.84756417504775
0.0009481571361512767,449.93807797972147
0.0009502325390738536,450.0286282166264
0.0009523124848059773,450.1192149074735
0.0009543969832913185,450.2098380738249
0.0009564860444953101,450.3004977384624
0.0009585796784051981,450.39119392314643
0.0009606778950300926,450.48192664949545
0.0009627807044010083,450.57269594035085
0.0009648881165709207,450.6635018175095
0.000967000141614807,450.7543443026564
0.0009691167896296973,450.8452234186954
0.0009712380707347259,450.93613918744626
0.0009733639950711729,451.0270916306736
0.0009754945728025201,451.1180807713427
0.000977629814114493,451.2091066312855
0.000979769729215113,451.30016923236025
0.0009819143283347476,451.3912685975883
0.0009840636217261544,451.4824047488046
0.0009862176196645364,451.57357770798046
0.000988376332447585,451.6647874981798
0.0009905397703955322,451.75603414123526
0.0009927079438512025,451.84731765925386
0.0009948808631800555,451.93863807532153
0.000997058538770244,452.0299954112666
0.000999240981032656,452.12138968936057
0.0010014282004009673,452.21282093267905
0.0010036202073316956,452.3042891630505
0.001005817012304242,452.3957944029445
0.00100801862582095,452.4873366753833
0.0010102250584071483,452.5789160022046
0.0010124363206112047,452.67053240611824
0.0010146524230045786,452.76218591003493
0.0010168733761818656,452.8538765358233
0.0010190991907608551,452.9456043064672
0.0010213298773825749,453.03736924470866
0.0010235654467113445,453.12917137249525
0.0010258059094348298,453.2210107130543
0.001028051276264086,453.3128872889575
0.001030301557933618,453.4048011222765
0.0010325567652014246,453.4967522364235
0.0010348169088490516,453.58874065381696
0.0010370819996816483,453.68076639670426
0.0010393520485280103,453.772829488605
0.0010416270662406408,453.86492995180987
0.001043907063695795,453.95706780880545
0.001046192051793534,454.0492430831184
0.0010484820414577813,454.14145579694997
0.0010507770436363683,454.23370597309975
0.0010530770693010928,454.3259936349791
0.001055382129447766,454.4183188047472
0.0010576922350962676,454.5106815056048
0.0010600073972906019,454.6030817606995
0.0010623276270989425,454.69551959225623
0.0010646529356136943,454.78799502383964
0.0010669833339515392,454.88050807829615
0.001069318833253492,454.9730587780335
0.001071659444684957,455.0656471468299
0.001074005179435774,455.15827320729255
0.0010763560487202805,455.25093698211595
0.0010787120637773574,455.34363849511146
0.0010810732358704864,455.4363777687241
0.0010834395762878064,455.5291548260542
0.001085811096342161,455.6219696907353
0.00108818780737116,455.7148223851518
0.001090569720737227,455.8077129329169
0.0010929568478276568,455.90064135727056
0.001095349200054672,455.9936076807435
0.0010977467888554718,456.08661192729437
0.0011001496256922937,456.1796541198105
0.0011025577220524622,456.27273428113267
0.0011049710894484453,456.3658524353039
0.0011073897394179146,456.45900860497585
0.001109813683523791,456.5522028134626
0.0011122429333543101,456.64543508459343
0.0011146775005230697,456.7387054409428
0.001117117396669088,456.832013906411
0.001119562633456863,456.92536050434575
0.0011220132225764204,457.0187452575345
0.001124469175743379,457.1121681901934
0.0011269305046989963,457.20562932528327
0.0011293972212102351,457.29912868601883
0.0011318693370698115,457.39266629656737
0.0011343468640962536,457.48624217967324
0.001136829814133963,457.5798563591921
0.0011393181990532624,457.6735088588383
0.0011418120307504622,457.767199701462
0.0011443113211479082,457.86092891140026
0.0011468160821940438,457.95469651186175
0.0011493263258634686,458.0485025261179
0.001151842064156989,458.14234697854334
0.0011543633091016846,458.23622989204904
0.0011568900727509568,458.3301512905876
0.001159422367184591,458.42411119807997
0.0011619602045088169,458.51810963751103
0.001164503596856359,458.6121466333795
0.001167052556386503,458.7062222090316
0.001169607095285147,458.80033638792423
0.001172167225764862,458.89448919456765
0.0011747329600649552,458.9886806519915
0.0011773043104515181,459.0829107844179
0.0011798812892174972,459.17717961579655
0.0011824639086827427,459.2714871693223
0.0011850521811940717,459.36583346969434
0.0011876461191253301,459.46021854028476
0.0011902457348774446,459.55464240488527
0.0011928510408784905,459.6491050880339
0.001195462049583743,459.7436066128775
0.00119807877347574,459.83814700402365
0.001200701225064347,459.9327262852983
0.001203329416886806,460.02734448023017
0.0012059633615078072,460.1220016136663
0.0012086030715195396,460.2166977089355
0.0012112485595417546,460.3114327903793
0.0012138998382218308,460.406206882331
0.0012165569202348253,460.5010200081901
0.0012192198182835446,460.595872192915
0.001221888545098596,460.690763460129
0.001224563113438453,460.78569383391243
0.0012272435360895192,460.88066333902344
0.0012299298258661815,460.97230650331784
0.0012326219956108808,461.0707198383662
0.0012353200581941646,461.16580688149276
0.001238024026514753,461.2609331521666
0.001240733913499603,461.35609867541996
0.0012434497321039627,461.4513034747446
0.0012461714953114426,461.5465475750382
0.0012488992161340687,461.64183100055016
0.001251632907612349,461.7371537751453
0.0012543725828153393,461.83251592403445
0.0012571182548406974,461.92791747085244
0.0012598699368147545,462.02335844044603
0.0012626276418925707,462.11883885733357
0.0012653913832580007,462.2143587453772
0.001268161174123761,462.3099181299164
0.001270937027731484,462.40551703473443
0.0012737189573517914,462.5011554846689
0.001276506976284349,462.5968335044488
0.0012793010978579343,462.692551117982
0.0012821013354305032,462.78830835071716
0.0012849077023892458,462.88410522656375
0.0012877202121506601,462.97994177041534
0.0012905388781606077,463.07581800714223
0.0012933637138943812,463.171733960738
0.0012961947328567727,463.2676896567564
0.0012990319485821303,463.3636851191989
0.0013018753746344318,463.4597203730899
0.001304725024607341,463.55579544336564
0.0013075809121242767,463.6519103541462
0.001310443050838482,463.74806513108746
0.0013133114544330792,463.84425979825016
0.0013161861366211478,463.940494380859
0.0013190671111457785,464.03676890384327
0.0013219543917801448,464.13308339149796
0.0013248479923275713,464.22943786956347
0.001327747926621592,464.32583236214435
0.0013306542085260253,464.42226689471687
0.0013335668519350325,464.5187414921376
0.0013364858707731872,464.6152561789397
0.0013394112789955463,464.71181098090375
0.0013423430905877072,464.808405922193
0.001345281319565886,464.90504102855124
0.001348225979976974,465.0017163247153
0.0013511770858986093,465.09843183553977
0.0013541346514392492,465.19518758675963
0.0013570986907382268,465.2919836026563
0.0013600692179658296,465.3888199092097
0.0013630462473233588,465.48569653101265
0.0013660297930432,465.5826134933535
0.0013690198693888961,465.67957082177986
0.0013720164906552057,465.776568540809
0.0013750196711681826,465.8736066765652
0.0013780294252852341,465.9706852535237
0.0013810457673951947,466.0678042974902
0.0013840687119183977,466.16496383367695
0.001387098273306736,466.26216388700817
0.001390134466043741,466.359404483582
0.0013931773046446433,466.4566856479043
0.001396226803656445,466.5540074061774
0.001399282977657994,466.6513697832931
0.0014023458412600444,466.7487728047565
0.001405415409105337,466.8462164963821
0.0014084916958686593,466.94370088294755
0.0014115747162569204,467.0412259908283
0.0014146644850092254,467.13879184471347
0.0014177610168969357,467.2363984707705
0.0014208643267237511,467.3340458943099
0.001423974429325771,467.43173414068434
0.0014270913395715687,467.52946323610666
0.0014302150723622675,467.6272332053819
0.0014333456426316024,467.72504407504425
0.0014364830653460013,467.822895870015
0.001439627355504648,467.920788616451
0.0014427785281395582,468.01872233999273
0.0014459365983156543,468.1166970659939
0.0014491015811308285,468.2147128209169
0.001452273491716027,468.31276962968025
0.0014554523452353107,468.41086751895693
0.0014586381568859328,468.509006513859
0.0014618309418984166,468.6071866406395
0.0014650307155366163,468.7054079251371
0.0014682374930978035,468.8036703928337
0.0014714512899127294,468.9019740703486
0.0014746721213457017,469.0003189827514
0.0014779000027946635,469.09870515687527
0.0014811349496912565,469.1971326179492
0.0014843769775009057,469.2956013924522
0.001487626101722883,469.3941115062764
0.001490882337890392,469.49266298516017
0.0014941457015706313,469.5912558557886
0.0014974162083648756,469.6898901434258
0.0015006938739085525,469.7885658750724
0.001503978713871308,469.8872830760229
0.0015072707439570932,469.98604177308187
0.0015105699799042285,470.0848419920639
0.0015138764374854838,470.1836837591194
0.0015171901325081582,470.28256710085503
0.0015205110808141449,470.3814920428358
0.0015238392982800193,470.48045861216565
0.0015271748008171043,470.5794668342328
0.0015305176043715505,470.67851673617866
0.0015338677249244178,470.7776083436618
0.0015372251784917398,470.87674168342727
0.0015405899811246143,470.9759167817789
0.0015439621489092678,471.0751336647975
0.001547341697967138,471.1743923594984
0.0015507286444549546,471.27369289152733
0.0015541230045648072,471.37303528823105
0.0015575247945242335,471.4724195752089
0.0015609340305962867,471.57184577975164
0.0015643507290796178,471.6713139277898
0.0015677749063085589,471.7708240461898
0.0015712065786531889,471.87037616152014
0.0015746457625194258,471.96997030003143
0.0015780924743490931,472.06960648894676
0.0015815467306200036,472.1692847541189
0.001585008547846043,472.2690051230912
0.0015884779425772372,472.36876762165235
0.0015919549313998449,472.46857227733744
0.001595439530936425,472.56841911618955
0.0015989317578459215,472.6683081654282
0.0016024316288237475,472.76823945163375
0.0016059391606018537,472.86821300146596
0.0016094543699488222,472.9682288421583
0.0016129772736699338,473.0682869999134
0.0016165078886072547,473.16838750238986
0.0016200462316397208,473.26853037559476
0.0016235923196832082,473.3687156473378
0.0016271461696906254,473.4689433436962
0.0016307077986519845,473.56921349237473
0.0016342772235944864,473.6695261197678
0.001637854461582608,473.7698812532358
0.001641439529718171,473.8702789197025
0.0016450324451404378,473.97071914602105
0.0016486332250261818,474.07120195969975
0.0016522418865897743,474.1717273871956
0.0016558584470832717,474.27229545640125
0.0016594829237964865,474.3729061935905
0.001663115334057083,474.47355962682576
0.0016667556952306487,474.57425578240344
0.0016704040247207826,474.67499468835865
0.0016740603399691832,474.7757763712
0.0016777246584557194,474.87660085875353
0.0016813969976985292,474.97746817791455
0.0016850773752540894,475.0783783561329
0.001688765808717307,475.1793314208152
0.0016924623157216065,475.2803273989885
0.0016961669139390035,475.3813663185358
0.0016998796210802019,475.48244820618345
0.0017036004548946677,475.5835730901278
0.0017073294331707179,475.6847409969522
0.0017110665737356111,475.7859519550152
0.0017148118944556212,475.88720599090124
0.0017185654132361359,475.98850313299414
0.0017223271480217303,476.089843408011
0.0017260971167962582,476.19122684423485
0.0017298753375829432,476.29265346863497
0.0017336618284444524,476.3941233092815
0.0017374566074829974,476.49563639350214
0.0017412596928404074,476.5971927490541
0.0017450711026982223,476.6987924036942
0.0017488908552777847,476.800435384848
0.001752718968840314,476.90212172067
0.001756555461687009,477.0038514383364
0.0017604003521591216,477.1056245662943
0.001764253658638051,477.2074411315699
0.0017681153995454358,477.309301162809
0.0017719855933432311,477.41120468697795
0.0017758642585338096,477.51315173283615
0.0017797514136600385,477.6151423273696
0.0017836470773053726,477.71717649937716
0.0017875512680939495,477.8192542759344
0.0017914640046906654,477.92137568581427
0.001795385305801279,478.0235407562428
0.0017993151901724885,478.12574951591137
0.0018032536765920258,478.2280019922485
0.0018072007838887529,478.33029821381484
0.0018111565309327385,478.43263820828685
0.0018151209366353627,478.5350220040548
0.0018190940199493953,478.6374496290783
0.0018230757998690908,478.73992111154524
0.0018270662954302864,478.84243647971607
0.001831065525710478,482.5149220382541
0.0018350735098289278,479.047598985686
0.0018390902669467425,479.15024617986
0.0018431158162669694,479.2529373728675
0.0018471501770346954,479.3556725924416
0.0018511933685371245,479.4584518675279
0.001855245410103686,479.56127522578953
0.0018593063211061133,479.6641426963228
0.0018633761209585417,479.767054306752
0.001867454829117608,479.8700100862959
0.00187154246508253,479.97301006256714
0.0018756390483952133,480.07605426488146
0.001879744598640334,480.17914272086233
0.0018838591354454358,480.28227545990364
0.0018879826784810312,480.385452509657
0.0018921152474606808,480.48867389957854
0.001896256862141104,480.591939657362
0.0019004075423222594,480.69524981251453
0.001904567307847445,480.7986043927814
0.0019087361786034,480.90200342771294
0.0019129141745203844,481.00544694511296
0.0019171013155722923,481.10893497456925
0.0019212976217767312,481.2124675439488
0.0019255031131951256,481.31604468287406
0.0019297178099328175,481.4196664192768
0.0019339417321391492,481.5233327828137
0.0019381749000075758,481.62704380148085
0.0019424173337757472,481.73079950497106
0.0019466690537256112,481.83459992134226
0.001950930080183516,481.9384450803264
0.001955200433520295,482.0423350100407
0.001959480134151377,482.1462697402589
0.0019637692025368733,482.2502492991538
0.001968067659181679,482.35427371654606
0.001972375524635579,482.4583430206595
0.00197669281949333,482.5624572413666
0.001981019564394777,482.6666164069373
0.0019853557800249347,482.77082054729937
0.001989701487114104,482.87506969076617
0.0019940567064379534,482.97936386732545
0.00199842145881763,483.0837031053293
0.0020027957651198593,483.1880874348284
0.0020071796462570353,483.29251688421243
0.002011573123187334,483.3969914835952
0.0020159762169148004,483.5015112614046
0.0020203889484894546,483.606076247818
0.0020248113390073995,483.7106864713014
0.0020292434096109055,483.8153419620935
0.0020336851814885307,483.92004274870294
0.002038136675875205,484.0247888614246
0.0020425979140523396,484.12958032881653
0.0020470689173479337,484.23441718122166
0.002051549707136664,484.33929944725696
0.0020560403048400003,484.4442271573026
0.0020605407319262974,484.5492003400478
0.0020650510099108994,484.6542190258939
0.002069571160356253,484.75928324362064
0.0020741012048719936,484.8643930236322
0.0020786411651150653,484.96954839481896
0.002083191062789811,485.07474938756405
0.002087750919648082,485.17999603089623
0.0020923207574893477,485.285288355148
0.0020969005981607853,485.3906263895175
0.0021014904635574022,485.49601016425396
0.0021060903756221242,485.6014397087613
0.0021107003563459077,485.70691505316563
0.002115320427767851,485.8124362271194
0.0021199506119752858,485.9180032605817
0.002124590931103897,486.0236161834982
0.002129241407337817,486.12927502563105
0.0021339020629097365,486.23497981721914
0.0021385729201010167,486.34073058784827
0.0021432540012417812,486.4465273680202
0.002147945328711042,486.5523701871811
0.002152646924936787,486.65825907605637
0.0021573588123960986,486.764194063996
0.0021620810136152636,486.87017518189987
0.002166813551169869,486.9762024590762
0.002171556447684925,487.0822759265431
0.002176309725834958,487.18839561362614
0.0021810734083441276,487.2945615513968
0.00218584751798634,487.40077376926905
0.002190632077585341,487.50703229829315
0.0021954271100148456,487.6133371680498
0.002200232638198628,487.7196884094852
0.0022050486851106408,487.826086052435
0.0022098752737751306,487.93253012764836
0.002214712427266732,488.03902066531424
0.002219560168710597,488.1455576958928
0.002224418521282488,488.2521412500009
0.0022292875082088963,488.35877135778094
0.0022341671527671613,488.4654480502323
0.002239057478285564,488.57217135726853
0.002243958508143457,488.67894131017187
0.0022488702657713603,488.7857579387345
0.0022537927746510817,488.8926212744088
0.002258726058315834,488.99953134698444
0.0022636701403503327,489.1064881879596
0.0022686250443909256,489.2134918272523
0.0022735907941256917,489.32054229626914
0.0022785674132945605,489.4276396251998
0.0022835549256894315,489.5347838452105
0.002288553355154273,489.6419749869186
0.002293562725585255,489.7492130811159
0.002298583060930844,489.85649815893044
0.00230361438519193,489.9638302507757
0.0023086567224219422,490.07120938818815
0.0023137100967269525,490.17863560136243
0.0023187745322658065,490.28610892207666
0.0023238500532502242,490.39362938048146
0.0023289366839449217,490.50119700841367
0.0023340344486677354,490.60881183617096
0.00233914337178972,490.7164738954511
0.0023442634777352854,490.8241832169036
0.0023493947909822973,490.93193983188087
0.0023545373360622,491.0397437715869
0.002359691137560141,491.14759506690683
0.0023648562201150727,491.25549374956506
0.002370032608419888,491.36343985011985
0.002375220327221524,491.47143340061865
0.002380419401321084,491.5794744315242
0.002385629855573967,491.68756297496606
0.0023908517148899656,491.79569906156127
0.0023960850042334097,491.9038827232647
0.0024013297486232626,492.01211399111264
0.0024065859731332534,492.1203928966362
0.0024118537028920014,492.2287194714996
0.002417132963083119,492.33709374672685
0.002422423778945353,492.4455157544838
0.0024277261757726875,492.55398552553584
0.0024330401789144714,492.66250309226984
0.0024383658137755483,492.7710684854927
0.0024437031058163598,492.8796817375041
0.002449052080553088,492.9883428794708
0.002454412763557758,493.0970519432913
0.0024597851804583704,493.2058089607873
0.0024651693569390292,493.31461396329655
0.002470565318740048,493.4234669832045
0.0024759730916580932,493.5323680515395
0.002481392701546289,493.64131720093076
0.0024868241743143493,493.7503144624563
0.002492267535928709,493.85935986862034
0.0024977228124126293,493.9684534509306
0.0025031900298463448,494.07759524141585
0.0025086692143671684,494.1867852722944
0.002514160392169624,494.29602357502125
0.0025196635895055803,494.4053101823285
0.0025251788326843584,494.5146451254613
0.0025307061480728766,494.6240284372638
0.0025362455620957605,494.73346014919775
0.002541797101235475,494.84294029378464
0.002547360792032461,494.9524689031429
0.0025529366610852425,495.062046009174
0.0025585247350505737,495.17167164466235
0.0025641250406435506,495.2813458411079
0.0025697376046377456,495.391068631574
0.0025753624538653423,495.5008400476373
0.002580999615217247,495.6106601221498
0.0025866491156432366,495.7205288872671
0.00259231098215207,495.8304463752377
0.0025979852418116273,495.94041261895836
0.0026036719217490414,496.0504276501703
0.0026093710491508146,496.16049150212774
0.002615082651262968,496.27060420659905
0.00262080675539115,496.38076579664977
0.002626543388900788,496.49097630463353
0.002632292579217202,496.60123576299225
0.002638054353825742,496.71154420484123
0.002643828740271928,496.82190166211103
0.002649615766161564,498.55096141961724
0.00265541545916089,497.0427637552705
0.002661227846996696,497.15326845634974
0.0026670529574564627,497.263822304195
0.0026728908183885026,497.374425331293
0.002678741457702074,497.48507757107086
0.0026846049033675354,497.5957790556183
0.0026904811834164623,497.70652981854715
0.002696370325941786,497.8173298922124
0.0027022723590979405,497.9281793097787
0.0027081873111009735,498.0390781044272
0.002714115210228706,498.15002630860965
0.0027200560848208476,498.261023956079
0.0027260099632791406,498.3720710791419
0.002731976874067502,498.4831677114502
0.002737956845712144,498.59431388589775
0.0027439499068017286,498.7055096354681
0.002749956085987488,498.81675499386694
0.002755975411983367,498.9280499935624
0.0027620079135661723,499.03939466850784
0.002768053619575686,499.15078905143304
0.0027741125589148294,499.26223317581275
0.0027801847605497814,499.37372707524906
0.0027862702535101226,499.4852707824899
0.0027923690668889855,499.59686433165086
0.002798481229843173,499.70850775546114
0.002804606771593318,499.82020108776504
0.0028107457214240085,499.9319443620815
0.0028168981086839303,500.04373761148327
0.00282306396278602,500.15558087017826
0.0028292433132075835,500.2674741709944
0.002835436189490461,500.3794175480546
0.0028416426212411468,500.4914110348447
0.0028478626381309414,500.6034546647505
0.0028540962698961,500.7155484720559
0.0028603435463379558,500.8276924897346
0.002866604497323085,500.93988675212586
0.0028728791527834296,501.052131292751
0.002879167542716449,501.1644261452557
0.0028854696971852716,501.276771344021
0.0028917856463188205,501.38916692218066
0.0028981154203119768,501.50161291424484
0.0029044590494257073,501.6141093538493
0.002910816563987216,501.7266562748248
0.0029171879943900984,501.839253711689
0.0029235733710944664,501.9519016977346
0.002929972724627117,502.06460026760834
0.0029363860855816572,502.1773494551334
0.0029428134846186615,502.2901492942527
0.002949254952465824,502.4029998196609
0.002955710519918087,502.5159010648078
0.0029621802178378107,502.62885306444133
0.002968664077154901,502.74185585264735
0.002975162128866965,502.8549094634096
0.0029816744040394687,502.9680139316292
0.0029882009338058663,503.0811692909283
0.002994741749367769,503.1943755761132
0.0030012968819950778,503.3076328215928
0.0030078663630261383,503.42094106134755
0.003014450223867902,503.53430033048465
0.0030210484959960534,503.64771066284715
0.003027661210955187,503.7611720932415
0.0030342884003589344,503.87468465643536
0.0030409300958901255,503.988248386408
0.003047586329300951,504.10186331842453
0.003054257132413088,504.21552948664606
0.003060942537117884,504.3292469257983
0.00306764257537648,504.4430156710126
0.0030743572792199777,504.55683575632844
0.0030810866807495997,504.6707072170583
0.003087830812136823,504.7846300878432
0.0030945897056235553,504.89860440321763
0.0031013633935222697,505.0126301986403
0.0031081519082161663,505.12670750834934
0.003114955282159339,505.2408363675809
0.0031217735478769057,505.35501681150225
0.0031286067379651923,505.46924887450274
0.003135454885091863,505.58353259222037
0.0031423180219960884,505.6978679993221
0.0031491961814887107,505.812255130823
0.0031560893964523787,505.9266940223381
0.0031629976998417296,506.0411847083335
0.0031699211246835252,506.15572722438696
0.0031768597040768183,506.27032160581575
0.0031838134711931225,506.3849678873329
0.0031907824592765453,506.49966610482556
0.0031977667016439763,506.61441629317363
0.0032047662316852204,506.7292184876904
0.00321178108286317,506.84407272422527
0.003218811288713973,506.9589790375107
0.003225856882847171,507.0739374633585
0.003232917898945886,507.18894803737925
0.0032399943707669587,507.3040107945146
0.003247086332141119,507.41912577087896
0.0032541938169731582,507.53429300171376
0.0032613168592420683,507.64951252247073
0.003268455493001231,507.76478436930546
0.0032756097523785554,507.8801085772593
0.0032827796715766532,507.9954851822725
0.003289965284873012,508.1109142203659
0.003297166626620135,508.2263957266598
0.003304383731245732,508.34192973742955
0.0033116166332528615,508.45751628845767
0.003318865367220105,508.57315541518216
0.003326129967801742,508.68884715406523
0.0033334104697278926,508.80459154060844
0.0033407069078047113,508.9203886107253
0.0033480193169145287,509.0362384008832
0.0033553477320160275,509.15214094648394
0.0033626921881444224,509.2680962838309
0.003370052720411602,509.3841044493066
0.003377429364006324,509.5001654783979
0.0033848221541943604,509.61627940769125
0.003392231126318675,509.73244627342564
0.0033996563157996035,509.84866611132145
0.0034070977581349996,509.9649389581607
0.003414555488900431,510.0812648499933
0.003422029543749325,510.1976438228933
0.0034295199584131507,510.3140759137376
0.003437026768701599,510.4305611584363
0.0034445500105027313,510.5470995934276
0.003452089719783176,510.6636912556075
0.003459645932588278,510.78033618086346
0.0034672186850422827,510.89703440592615
0.003474808013348516,511.0137859676773
0.003482413953789535,511.1305909020764
0.003490036542727329,511.24744924608564
0.003497675816603466,511.3643610365524
0.0035053318119392927,511.48132630957764
0.003513004565336088,511.5983451023079
0.0035206941134752457,511.7154174515456
0.003528400493118461,511.83254339358183
0.003536123741107883,511.9497229657104
0.003543863894366317,512.0669562046871
0.0035516209898973777,512.1842431470241
0.0035593950647856767,512.3015838301345
0.0035671861561970093,512.4189782907341
0.0035749943013785083,512.5364265655702
0.0035828195376588507,512.6539286921509
0.0035906619024484105,512.77148470718
0.0035985214332394486,512.8890946476258
0.0036063981676063028,513.006758551077
0.0036142921432055415,513.1244764542649
0.003622203397776175,513.2422483943467
0.003630131969139807,513.3600744089911
0.0036380778952008297,513.4779545349843
0.0036460412139466135,513.5958888096476
0.0036540219634476644,513.7138772707316
0.0036620201818578346,513.831919955099
0.0036700359074144794,513.9500169002127
0.0036780691784386523,514.0681681439099
0.003686120033335296,514.1863737231452
0.0036941885105934045,514.3046336755041
0.003702274648786233,514.4229480389174
0.0037103784865714575,514.5413168504432
0.0037185000626913725,517.5954954033136
0.003726639415973085,514.7782179689373
0.0037347965853286747,514.8967503511078
0.0037429716097554114,515.015337332067
0.0037511645283359123,515.1339789499514
0.0037593753802383435,515.2526752420581
0.003767604204716616,515.3714262462435
0.0037758510411105475,515.4902320007537
0.0037841159288460814,515.6090925430266
0.0037923989074354486,515.7280079109753
0.0038007000164773674,515.8469781429558
0.003809019295657244,515.9660032765688
0.0038173567847473375,516.0850833497623
0.0038257125236069766,516.2042184010005
0.003834086552182727,516.3234084680736
0.0038424789105085937,516.442653588942
0.0038508896387062217,516.5619538021697
0.003859318776985062,516.6813091457724
0.0038677663656425947,516.8007196576972
0.003876232445064496,516.9201853766052
0.00388471705572484,517.039706340749
0.0038932202381863064,517.1592825880672
0.003901742033100345,517.2789141573052
0.003910282481207404,517.3986010869494
0.003918841623337094,517.5183434149567
0.0039274195004083984,517.6381411801347
0.0039360161534298796,517.7579944211909
0.003944631623499843,517.8779031761458
0.0039532659518065755,517.9978674838376
0.0039619191796285026,518.1178873831732
0.003970591348334406,518.2379629123001
0.0039792824993836315,518.3580941100471
0.003987992674326256,518.4782810154867
0.003996721914803323,518.5985236669801
0.004005470262547011,518.7188221032947
0.004014237759380842,518.839176363624
0.004023024447219901,518.9595864866504
0.004031830368071002,519.0800525110196
0.0040406555640329226,519.2005744760263
0.004049500077296579,519.3211524206912
0.004058363950145237,519.4417863835805
0.004067247224954729,519.5624764040513
0.004076149944193624,519.6832225214054
0.004085072150423469,519.8040247742626
0.004094013886298959,519.9248832019678
0.004102975194568157,520.0457978440311
0.004111956118072706,520.1667687392896
0.004120956699748011,520.2877959269862
0.004129976982623469,520.4088794467565
0.0041390170098226575,520.5300193378318
0.004148076824563541,520.6512156392678
0.004157156470158698,520.7724683907975
0.004166255990015496,520.8937776320179
0.004175375427636331,521.0151434019352
0.004184514826618811,521.1365657402937
0.004193674230655972,521.2580446869428
0.004202853683536502,521.3795802810813
0.0042120532291449195,521.5011725623369
0.00422127291146182,521.6228215706907
0.004230512774564052,521.7445273457799
0.004239772862624945,521.8662899270041
0.00424905321991453,521.9881093544382
0.004258353890799724,522.1099856680954
0.004267674919744575,522.231918907366
0.004277016351310442,522.3539091122899
0.004286378230156227,522.4759563230924
0.004295760601038596,522.5980605794972
0.004305163508812165,522.7202219213323
0.004314586998429749,522.8424403889302
0.0043240311149425475,522.9647160224865
0.004333495903500368,523.087048861669
0.004342981409351863,523.2094389468335
0.004352487677844709,523.3318863184465
0.00436201475442586,523.4543910164315
0.004371562684641738,523.5769530809538
0.004381131514138457,523.6995725525946
0.0043907212886620615,523.8222494717887
0.004400332054058707,523.9449838784839
0.004409963856274922,524.0677758132997
0.004419616741357792,524.1906253169562
0.004429290755455194,524.3135324296676
0.0044389859448160296,524.4364971918409
0.004448702355790418,524.5595196443091
0.004458440034829948,524.6825998278092
0.004468199028487877,524.8057377825551
0.004477979383419356,524.9289335493881
0.0044877811463816765,525.0521871692863
0.0044976043642344565,525.1754986828539
0.004507449083939901,525.298868130646
0.004517315352562999,525.4222955537484
0.004527203217271756,525.5457809932344
0.004537112725337438,525.6693244896203
0.004547043924134764,525.7929260839074
0.004556996861142169,525.9165858173292
0.004566971583941997,526.0403037309471
0.004576968140220746,526.1640798654454
0.0045869865777693085,526.2879142621266
0.004597026944483165,526.4118069623709
0.004607089288362653,526.5357580071563
0.00461717365751316,526.6597674375213
0.004627280100145384,526.7838352949585
0.004637408664575544,526.9079616209567
0.004647559399225611,527.0321464564848
0.004657732352623563,527.1563898429438
0.00466792757340358,527.2806918219749
0.004678145110306317,527.4050524351244
0.0046883850121791,527.5294717234946
0.004698647327976179,527.6539497287607
0.004708932106758969,527.7784864927124
0.004719239397696259,527.903082056928
0.004729569250064481,528.0277364627351
0.0047399217132479115,528.1524497520194
0.004750296836738926,528.2772219667214
0.004760694670138244,528.4020531484441
0.004771115263155138,528.5269433387907
0.004781558665607707,528.6518925798166
0.004792024927423082,528.7769009136069
0.004802514098637676,528.9019683818201
0.004813026229397444,529.0270950263309
0.004823561369958083,529.1522808893461
0.004834119570685312,529.2775260130882
0.004844700882055082,529.4028304393233
0.00485530535465383,529.5281942101566
0.0048659330391787325,529.6536173679476
0.004876583986437921,529.7790999550565
0.0048872582473507556,529.9046420133899
0.00489795587294804,530.0302435852514
0.004908676914372277,530.1559047131552
0.004919421422877932,530.2816254396072
0.004930189449831635,530.4074058066719
0.004940981046712477,530.5332458568289
0.004951796265112213,530.6591456327469
0.0049626351567355256,530.7851051770889
0.0049734977734002895,530.9111245320883
0.004984384167037781,531.0372037403813
0.00499529438969297,531.1633428447918
0.005006228493524728,531.2895418881513
0.0050171865308060995,531.4158009128724
0.005028168553924561,531.5421199617288
0.005039174615382242,531.6684990777014
0.005050204767796209,531.7949383037951
0.0050612590638986895,531.9214376826214
0.005072337556537333,532.0479972570691
0.005083440298675483,532.1746170702771
0.005094567343392391,532.3012971654205
0.005105718743883516,532.4280375853454
0.0051168945534607385,532.5548383730255
0.005128094825552633,532.6816995717588
0.005139319613704736,532.8086212248809
0.005150568971579772,532.9356033755162
0.005161842952957944,533.062646066697
0.005173141611737159,533.1897493418759
0.0051844650019333026,533.3169132445485
0.005195813177680506,533.444137818118
0.005207186193231375,533.5714231057066
0.00521858410295729,533.6987691508947
0.005230006961348626,533.8261759973389
0.005241454823015032,533.9536436886937
0.0052529277426857065,534.0811722682515
0.005264425775209622,534.2087617796695
0.005275948975555831,534.336412266766
0.005287497398813691,534.464123773398
0.005299071100193142,534.5918963431523
0.005310670135024989,534.7197300196905
0.005322294558761129,534.8476248469941
0.005333944426974857,534.9755808690832
0.005345619795361095,535.1035981299024
0.005357320719736674,535.2316766731346
0.00536904725604062,535.3598165428865
0.005380799460334379,535.4880177833427
0.00539257738880213,535.6162804387177
0.005404381097751019,535.7446045529144
0.00541621064361144,535.8729901700565
0.0054280660829373216,536.0014373344936
0.005439947472406361,536.129946090615
0.005451854868820341,536.2585164827279
0.005463788329105356,536.387148554916
0.0054757479103121065,536.5158423516652
0.005487733669616188,536.644597917532
0.005499745664318321,536.7734152971093
0.005511783951844678,536.9022945347249
0.005523848589747108,537.0312356748485
0.005535939635703439,537.1602387622028
0.005548057147517762,537.2893038415514
0.005560201183120675,537.4184309576442
0.005572371800569598,537.5476201549475
0.005584569058049019,537.6768714782794
0.005596793013870781,537.8061849725714
0.005609043726474384,537.9355606827967
0.0056213212544272235,538.0649986538282
0.005633625656424912,538.1944989303884
0.0056459569912915225,538.3240615575635
0.0056583153179798895,538.4536865804962
0.005670700695571905,538.5833740443702
0.005683113183278758,538.7131239941835
0.005695552840441271,538.8429364749594
0.005708019726530136,538.9728115320105
0.005720513901146222,539.1027492106915
0.005733035424020871,539.2327495563954
0.005745584355016151,539.3628126142811
0.00575816075412518,539.4929384296564
0.005770764681472379,539.6231270480486
0.005783396197313773,539.7533785150259
0.005796055362037297,539.8836928761905
0.005808742236163049,540.0140701769053
0.005821456880343616,540.1445104627248
0.005834199355364331,540.2750137793906
0.005846969722143579,540.4055801726872
0.005859768041733106,540.5362096884332
0.0058725943753182705,540.6669023722221
0.005885448784218378,540.797658269825
0.005898331329886942,540.9284774272003
0.0059112420739119865,541.0593598903483
0.005924181078016364,541.1903057053122
0.005937148404058007,541.3213149179434
0.005950144114030271,541.4523875741996
0.00596316827006219,541.5835237202572
0.0059762209344187914,541.7147234023356
0.005989302169501411,541.8459866666972
0.006002412037847948,541.977313559494
0.006015550602133218,542.1087041268388
0.006028717925169201,542.2401584151253
0.006041914069905368,542.3716764707926
0.0060551390994289965,542.5032583403238
0.006068393076965431,542.634904070179
0.006081676065878431,542.7666137066493
0.006094988129670435,542.8983872963191
0.0061083293319828804,543.0302248858502
0.006121699736596527,543.1621265219471
0.006135099407431718,543.2940922513513
0.006148528408548736,543.4261221206194
0.006161986804148057,543.5582161764715
0.00617547465857071,543.6903744657922
0.006188992036298544,543.8225970355098
0.006202539001954544,543.954883932597
0.006216115620303171,544.0872352039894
0.006229721956250622,544.2125445968578
0.006243358074845189,544.3521310572248
0.00625702404127753,544.484675733313
0.006270719920880996,544.6172849719635
0.006284445779131965,544.749958820419
0.006298201681650109,544.8826973257839
0.006311987694198762,545.0155005352449
0.006325803882685181,545.1483684961828
0.00633965031316089,545.2813012560222
0.006353527051822013,545.4142988622335
0.006367434165009539,545.5473613623168
0.006381371719209699,545.680488803609
0.0063953397810542325,545.8136812336415
0.006409338417320731,545.946938700068
0.006423367694932969,546.0802612505878
0.006437427680961188,546.2136489329444
0.006451518442622463,546.3471017949028
0.006465640047280977,546.4806198840763
0.006479792562448368,546.614203248297
0.006493976055784067,546.747851935495
0.006508190595095578,546.8815659936447
0.006522436248338854,547.0153454707676
0.006536713083618575,547.1491904149096
0.0065510211691884946,547.2831008739769
0.0065653605734517844,547.417076896075
0.006579731364961318,547.5511185294113
0.006594133612420048,547.6852258222406
0.00660856738468129,547.8193988228618
0.0066230327507490715,547.953637579617
0.006637529779778481,548.0879421407252
0.006652058541075954,548.2223125545382
0.006666619104099653,548.3567488695442
0.006681211538459761,548.4912511342776
0.006695835913918825,548.6258193973198
0.006710492300392117,548.7604537072982
0.006725180767947915,548.8951541128047
0.006739901386807899,549.0299206623977
0.006754654227347433,549.1647534048437
0.006769439360095925,549.2996523889607
0.006784256855737184,549.4346176636138
0.006799106785109709,549.5696492777145
0.006813989219207086,549.7047472802144
0.006828904229178275,549.839911719957
0.006843851886327971,549.9751426459319
0.006858832262116971,550.110440107244
0.006873845428162461,550.2458041530437
0.006888891456238417,550.3812348325292
0.006903970418275898,550.5167321949464
0.006919082386363413,550.6522962895617
0.006934227432747284,550.787927165552
0.006949405629831942,550.9236248722799
0.006964617050180335,551.0593894591855
0.006979861766514218,551.1952209757553
0.006995139851714526,551.3311194715246
0.007010451378821744,551.4670849960768
0.007025796421036204,551.6031175990164
0.007041175051718494,551.7392173298703
0.007056587344389759,551.875384238343
0.007072033372732072,552.0116183742126
0.007087513210588809,552.1479197873065
0.00710302693196495,552.2842885274994
0.007118574611027495,552.4207246447148
0.007134156322105764,552.557228188918
0.007149772139691774,552.6937992100004
0.007165422138440618,552.8304377579806
0.007181106393170772,552.9671438829789
0.007196824978864509,553.1039176351659
0.007212577970668208,553.2407590647592
0.007228365443892733,553.3776682220262
0.0072441874740138195,553.5146451572834
0.0072600441366723785,553.6516899208506
0.00727593550767492,553.7888025630218
0.007291861662993863,553.9259831342569
0.0073078226787679215,554.0632316850712
0.00732381863130249,554.2005482660303
0.0073398495970699576,554.3379329277482
0.007355915652710131,554.4753857208891
0.007372016875030549,554.6129066961656
0.007388153341006877,554.7504959042824
0.007404325127783289,554.8881533959556
0.00742053231267279,555.025879222049
0.007436774973157645,555.1636734334776
0.007453053186889693,555.3015360812065
0.007469367031690748,555.4394672162506
0.007485716585552986,555.5774668896744
0.0075021019266392685,555.7155351525929
0.007518523133283578,555.8536720561418
0.007534980283991337,555.991877651433
0.007551473457439807,556.1301519897258
0.0075680027324784875,556.2684951223389
0.00758456818812944,556.406907100641
0.007601169903587727,556.5453879760519
0.0076178079582217345,556.683937800042
0.007634482431573579,556.8225566241321
0.007651193403359506,556.9612444998935
0.007667940953470221,557.1000014788865
0.007684725161971332,557.2388276127213
0.007701546109103676,557.3777229531242
0.007718403875283729,557.5166875518728
0.007735298541104012,557.655721460796
0.007752230187333422,557.7948247317738
0.007769198894917682,557.9339974167376
0.0077862047449796705,558.0732395676698
0.007803247818819835,558.2125512366043
0.007820328197916605,558.3519324755885
0.00783744596392672,558.4913833366878
0.007854601198685694,558.6309038720915
0.007871793984208142,558.770494134042
0.007889024402688202,558.9101541748336
0.007906292536499944,559.0498840468119
0.007923598468197719,559.1896838023755
0.00794094228051661,559.329553493974
0.007958324056372767,559.469493174109
0.007975743878863843,559.6095028953345
0.0079932018312694,559.7495827102041
0.00801069799705126,559.8897326713336
0.008028232459853962,560.0299528314356
0.00804580530350511,560.1702432432758
0.0080634166120158,560.3106039596715
0.008081066469581035,560.4510350334933
0.008098754960580087,560.5915365176642
0.008116482169576951,560.7321084651594
0.0081342481813207,560.8727509290071
0.008152053080745913,561.013463962289
0.008169896952973103,561.1542476181282
0.008187779883309071,561.2951019496506
0.008205701957247376,561.4360270100887
0.008223663260468682,561.5770228527372
0.008241663878841229,561.7180895309448
0.008259703898421183,561.8592270981129
0.008277783405453085,562.0004356076969
0.008295902486370275,562.1417151132047
0.00831406122779525,562.2830656681981
0.008332259716540155,562.4244873262928
0.008350498039607123,562.5659801411576
0.008368776284188724,562.7075441665154
0.008387094537668416,562.8491794561096
0.008405452887620887,562.9908860637379
0.008423851421812551,563.1326640432866
0.008442290228201912,563.2745134486955
0.008460769394939996,563.4164343339589
0.008479289010370815,563.5584267531253
0.008497849163031713,563.7004907602969
0.008516449941653877,563.842626409631
0.008535091435162678,563.9848337553381
0.008553773732678143,564.1271128516844
0.008572496923515393,564.2694637529899
0.008591261097185018,564.4118865136288
0.008610066343393568,564.5543811880306
0.008628912752043926,564.696947830646
0.00864780041323576,564.8395864959971
0.008666729417265982,564.9822972386795
0.008685699854629117,565.1250801133434
0.008704711816017811,565.2679351746941
0.008723765392323196,565.4108624774923
0.008742860674635353,565.5538620765537
0.008761997754243774,565.6969340267493
0.008781176722637743,565.8400783830053
0.008800397671506833,565.9832952003034
0.00881966069274129,566.1265845336809
0.008838965878432496,566.2699464382302
0.008858313320873439,566.4133809691002
0.008877703112559086,566.5568881814945
0.008897135346186906,566.7004681306702
0.008916610114657237,566.8441208719164
0.00893612751107377,566.9878464605982
0.008955687628744016,567.1316449521455
0.008975290561179686,567.2755164020429
0.008994936402097215,567.4194608658318
0.009014625245418148,567.5634783991096
0.009034357185269605,567.7075690575305
0.009054132315984774,567.8517328968042
0.009073950732103287,567.9959699726976
0.00909381252837175,568.1402803410335
0.009113717799744129,568.2846640576925
0.009133666641382234,568.4291211786102
0.0091536591486562,568.5736517597802
0.00917369541714488,568.7182558572526
0.009193775542636373,568.8629335271344
0.00921389962112842,569.0076848255893
0.009234067748828892,569.1525098088389
0.009254280022156268,569.2974085331592
0.009274536537740045,569.4423810548698
0.00929483739242127,569.58742743036
0.009315182683252925,569.7325477160803
0.00933557250750044,569.8777419685404
0.009356006962642171,570.0230102443054
0.009376486146369803,570.1683525999995
0.009397010156588899,570.3137690923043
0.009417579091419293,570.4592597779586
0.009438193049195595,570.604824713759
0.009458852128467683,570.750463956561
0.009479556428001112,570.8961775632775
0.009500306046777663,571.0419655908792
0.009521101083995747,571.1878280963949
0.009541941639070906,571.3337651369119
0.009562827811636322,571.4797767695763
0.009583759701543222,571.6258630515914
0.009604737408861435,571.77202404022
0.009625761033879804,571.9182597927828
0.009646830677106687,572.0645703666593
0.009667946439270478,572.2109558192877
0.00968910842132001,572.3574162081648
0.009710316724425122,572.503951590847
0.009731571449977074,572.6505620249483
0.009752872699589054,572.7972475681426
0.009774220575096703,572.9440082781629
0.00979561517855853,573.0908442127983
0.009817056612256472,573.2377554298953
0.009838544978696325,573.3847419873644
0.009860080380608253,573.5318039431764
0.009881662920947318,573.6789413553615
0.009903292702893897,573.8261542820084
0.009924969829854254,573.9734427812665
0.009946694405460971,574.1208069113445
0.009968466533573467,574.2682467305109
0.009990286318278528,574.4157622970943
0.010012153863890738,574.5633536694824
0.010034069274953032,574.7110209061236
0.010056032656237175,574.8587640655263
0.010078044112744263,575.006583206259
0.010100103749705226,575.1544783869509
0.010122211672581337,575.3024496662902
0.0101443679870647,575.4504971030267
0.010166572799078776,575.5986207559703
0.01018882621477888,575.7468206839915
0.010211128340552683,575.8950969460215
0.010233479283020736,576.0434496010517
0.01025587914903695,576.1918787081352
0.010278328045689145,576.3403843263849
0.010300826080299537,576.4889665149756
0.01032337336042526,576.6376253331428
0.010345969993858877,576.7863608401826
0.010368616088628886,576.9351730954533
0.01039131175300026,577.0840621583737
0.010414057095474947,577.233028088424
0.010436852224792391,577.3820709451461
0.010459697249930061,577.5311907881436
0.010482592280103948,577.680387677081
0.010505537424769118,577.8296616716848
0.010528532793620218,577.9790128317436
0.010551578496592003,578.1284412171074
0.010574674643859867,578.2779468876885
0.01059782134584035,578.4275299034604
0.010621018713191693,578.5771903244598
0.010644266856814355,578.7269282107845
0.01066756588785154,578.8767436225953
0.010690915917689732,579.0266366201151
0.01071431705795922,579.1766072636287
0.010737769420534646,579.3266556134839
0.010761273117535535,579.4767817300911
0.01078482826132682,579.6269856739231
0.010808434964519397,579.7772675055157
0.010832093339970638,579.9276272854665
0.010855803500784961,580.0780650744376
0.010879565560314353,580.2285809331528
0.010903379632158912,580.3791749223994
0.0109272458301674,592.0180948066434
0.010951164268437764,580.6805975359521
0.010975135061317715,580.8314262821483
0.01099915832340525,580.982333402657
0.011023234169549211,581.1333189585819
0.01104736271484983,581.28438301109
0.01107154407465927,581.4355256214124
0.011095778364582195,581.5867468508436
0.011120065700476316,581.7380467607416
0.011144406198452937,581.8894254125286
0.011168799974877528,582.040882867691
0.011193247146370242,582.1924191877788
0.011217747829806527,582.3440344344057
0.011242302142317645,582.4957286692504
0.011266910201291247,582.6475019540557
0.011291572124371938,582.7993543506285
0.011316288029461814,582.95128592084
0.011341058034721064,583.1032967266262
0.011365882258568504,583.2553868299877
0.011390760819682164,583.40755629299
0.011415693836999845,583.5598051777624
0.011440681429719674,583.7121335465001
0.011465723717300704,583.864541461463
0.011490820819463465,584.017028984975
0.01151597285619054,584.1695961794269
0.011541179947727149,584.3222431072732
0.01156644221458169,584.4749698310353
0.011591759777526368,584.6277764133051
0.011617132757597725,584.7806629167352
0.011642561276097247,584.9336294040424
0.01166804545459193,585.0866759380099
0.011693585414914874,585.2398025814861
0.011719181279165838,585.3930093973847
0.01174483316971186,585.5462964486861
0.011770541209187822,585.6996637984369
0.011796305520497036,585.853111509748
0.011822126226811842,586.0066396457984
0.011848003451574171,586.1602482698323
0.011873937318496171,586.3139374451598
0.011899927951560777,586.4677072351585
0.011925975475022308,586.6215577032713
0.011952080013407064,586.7754889130081
0.011978241691513902,586.9295009279459
0.01200446063441487,587.0835938117275
0.01203073696745577,587.237767628063
0.012057070816256779,587.3920224407289
0.012083462306713044,587.5463583135701
0.012109911564995262,587.700775310496
0.012136418717550324,587.8552734954857
0.01216298389110189,588.009852932584
0.012189607212651004,588.164513685903
0.012216288809476705,588.3192558196241
0.012243028809136615,588.4740793980114
0.012269827339467578,588.6289844853845
0.012296684528586255,588.7839711461276
0.01232360050488974,588.9390394446906
0.012350575397056177,589.0941894455935
0.012377609334045352,589.2494212134226
0.012404702445099348,589.4047348128325
0.01243185485974314,589.560130308547
0.012459066707785214,589.7156077653566
0.012486338119318199,589.8711672481205
0.012513669224719462,590.0268088217666
0.012541060154651769,590.182532551291
0.012568511040063887,590.3383385017579
0.012596022012191212,590.4942267383007
0.012623593202556406,590.6501973261209
0.012651224742969999,590.8062503304891
0.012678916765531059,590.962385816745
0.012706669402627794,591.1186038503083
0.012734482786938195,591.2749044966808
0.01276235705143068,591.4312878214104
0.012790292329364692,591.5877538901136
0.012818288754291387,591.7443027684774
0.012846346460054243,591.900934522257
0.012874465580789703,592.0576492172771
0.012902646250927824,592.2144469194325
0.0129308886051929,592.3713276946875
0.012959192778604137,592.5282916090756
0.012987558906476274,592.6853387287008
0.01301598712442024,592.8424691197366
0.013044477568343803,592.9996828484265
0.013073030374452201,593.1569799810844
0.013101645679248831,593.3143605840996
0.013130323619535868,593.4718247239646
0.01315906433241493,593.6293724672105
0.013187867955287747,593.7870038804339
0.013216734625856779,593.9447190303015
0.013245664482125923,594.1025179835511
0.013274657662401143,594.2604008069903
0.013303714305291137,594.4183675674985
0.013332834549708013,594.5764183320255
0.013362018534867912,594.7345531675915
0.01339126640029173,594.8927721412886
0.013420578285805746,595.0510753202802
0.013449954331542308,595.2094627718
0.013479394677940489,595.3679345631914
0.013508899465746781,595.5264907618576
0.013538468836015729,595.685131435249
0.013568102930110647,595.8438566508864
0.013597801889704277,596.002666476364
0.013627565856779461,596.1615609793466
0.013657394973629831,596.3205402275713
0.013687289382860464,596.4796042888466
0.013717249227388604,596.6387532310541
0.013747274650444312,596.7979871221465
0.013777365795571168,596.9573060301492
0.013807522806626957,597.1167100232012
0.01383774582778433,597.2761991695083
0.013868035003531533,597.4357735373159
0.013898390478673082,597.5954331949401
0.01392881239833044,597.7551782107711
0.013959300907942741,597.9150086532711
0.013989856153267442,598.0749245909757
0.014020478280381067,598.234926092493
0.014051167435679877,598.395013226504
0.014081923765880577,598.5551860617636
0.01411274741802103,598.715444667139
0.014143638539460915,598.8757891115822
0.014174597277882494,599.0362194640695
0.014205623781291279,599.1967357936511
0.014236718198016744,599.3573381694503
0.014267880676713054,599.5180266606642
0.014299111366359729,599.6788013365642
0.014330410416262417,599.8396622664947
0.014361777976053565,600.0006095198751
0.014393214195693154,600.1616431662167
0.014424719225469411,600.3227632751634
0.014456293215999507,600.4839699163667
0.014487936318230317,600.6452631595439
0.014519648683439114,600.8066430744873
0.014551430463234297,600.9681097310637
0.014583281809556129,601.1296631992145
0.014615202874677427,601.2913035489557
0.014647193811204336,601.4530308503787
0.014679254772077035,601.6148451736944
0.014711385910570467,601.7767465892144
0.014743587380295083,601.938735167258
0.014775859335197547,602.1008109782183
0.01480820192956152,602.2629740925635
0.014840615318008359,602.4252245808381
0.01487309965549787,602.5875625136615
0.014905655097329057,602.7499879617286
0.01493828179914083,602.9125009958397
0.014970979916912798,603.0751016869349
0.015003749606965983,603.2377901059457
0.015036591025963575,603.4005663238722
0.01506950433091169,603.5634304117916
0.015102489679160086,603.7263824408564
0.015135547228402966,603.8894224822957
0.015168677136679697,604.0525506074154
0.01520187956237558,604.215766887653
0.015235154664222603,604.3790713945541
0.015268502601300183,604.5424641996556
0.015301923533035961,604.7059453745721
0.015335417619206542,604.8586350236158
0.015368985019938265,605.0331731206905
0.015402625895707964,605.1969198355056
0.015436340407343726,605.3607552073793
0.01547012871602569,605.5246793084273
0.015503990983286788,605.6886922107501
0.015537927371013534,605.8527939865028
0.015571938041446791,606.01698470792
0.015606023157182552,606.1812644473133
0.015640182881172696,606.3456332770714
0.0156744173767258,606.5100912696751
0.0157087268075079,606.6746384977935
0.015743111337543286,606.8392750340819
0.015777571131215265,607.0040009512445
0.01581210635326696,607.1688163220626
0.0158467171688021,607.3337212193962
0.01588140374328581,607.498715716184
0.015916166242545396,607.6637998854749
0.01595100483277115,607.8289738004988
0.015985919680517106,607.9942375344473
0.016020910952701892,608.1595911605757
0.016055978816609494,608.3250347522186
0.016091123439890057,608.4905683827898
0.01612634499056071,608.6561921257819
0.01616164363700632,608.8219060548721
0.016197019547980352,608.9877102438007
0.016232472892605647,609.1536047663011
0.016268003840375238,609.3195896961857
0.01630361256115316,609.4856651073469
0.016339299225175245,609.6518310737566
0.01637506400304996,609.8180876695212
0.016410907065759223,609.9844349689167
0.016446828584659203,610.1508730461652
0.016482828731481148,610.317401975561
0.016518907678332195,610.4840218314791
0.016555065597696216,610.6507326883738
0.01659130266243463,610.8175346208224
0.016627619045787224,610.9844277036023
0.016664014921372993,611.1514120114288
0.016700490463190942,611.3184876190816
0.016737045845620965,611.4856546014214
0.016773681243424644,611.6529130333905
0.016810396831746087,611.8202629900666
0.016847192786112786,611.9877045467194
0.016884069282436416,612.1552377785471
0.016921026497013724,612.3228627608194
0.016958064606527348,612.4905795688867
0.016995183788046656,612.6583882781812
0.017032384219028612,612.8262889643249
0.01706966607731858,612.9942817030501
0.017107029541151245,613.1623665700372
0.017144474789151404,613.3305436410486
0.017182002000334852,613.4988129919287
0.01721961135410923,613.6671746986195
0.017257303030274864,613.8356288373162
0.01729507720902566,614.0041754841669
0.017332934070949935,614.1728147153474
0.017370873797031304,614.3415466071172
0.01740889656864953,614.5103712358183
0.017447002567581377,614.6792886779846
0.017485191976001523,614.8482990102826
0.01752346497648339,615.0174023093067
0.017561821752000033,615.186598651734
0.017600262485925028,615.3558881143238
0.0176387873620333,615.5252707739692
0.01767739656450206,615.6947467078049
0.017716090277911666,615.8643159928674
0.017754868687246485,616.033978706253
0.017793731977895803,616.2037349251424
0.017832680335654702,616.3735847268247
0.01787171394672493,616.543528188866
0.017910832997715825,616.7135653887519
0.017950037675645184,616.8836964040017
0.017989328167940175,617.0539213122196
0.018028704662438215,617.2242401911127
0.018068167347387854,617.394653118675
0.018107716411449724,617.5651601728315
0.01814735204369741,617.7357614315277
0.018187074433618337,617.9064569727935
0.018226883771114723,618.0772468747688
0.018266780246504428,618.2481312158875
0.018306764050521916,618.4191100744962
0.018346835374319144,618.5901835289684
0.01838699440946647,618.7613516577627
0.0184272413479536,618.932614539473
0.01846757638219044,619.1039722529757
0.018507999705008087,619.2754248770236
0.018548511509659724,619.4469724904214
0.018589111989821536,619.6186151720595
0.01862980133959365,619.7903530010227
0.018670579753501025,619.9621860566008
0.01871144742649445,620.1341144179531
0.018752404553951416,620.3061381643189
0.01879345133167708,620.4782573750256
0.018834587955905206,620.6504721297039
0.01887581462329905,620.8227825079857
0.018917131530952376,620.9951885894592
0.018958538876390353,621.1676904538002
0.019000036857570513,621.3402881808289
0.019041625672883693,621.5129818506683
0.019083305521154965,621.6857715432922
0.019125076601644628,621.8586573387281
0.01916693911404913,622.0316393170917
0.019208893258502033,622.2047175588017
0.019250939235574974,622.3778921443107
0.01929307724627859,622.5511631539989
0.019335307492063535,622.7245306683366
0.019377630174821407,622.897994767967
0.019420045496885717,623.071555533818
0.019462553661032868,623.2452130466476
0.019505154870483096,623.4189673872806
0.019547849328901478,623.5928186366535
0.019590637240398896,623.7667668760597
0.019633518809532992,623.9408121866805
0.019676494241309177,624.1149546496999
0.019719563741181566,624.2891943463911
0.01976272751505401,624.4635313583503
0.01980598576928106,624.6379657672072
0.01984933871066895,624.812497654505
0.019892786546476585,624.9871271018758
0.019936329484416523,625.1618541912076
0.019979967732656003,625.3366790045696
0.020023701499817907,625.5116016238705
0.020067530994981764,625.686622131105
0.02011145642768477,625.861740608481
0.020155478007922736,626.0369571384749
0.020199595946151165,626.2122718033681
0.02024381045328621,626.3876846855197
0.020288121740705694,626.5631958674851
0.020332530020250126,626.7388054321259
0.02037703550422369,626.9145134620974
0.020421638405395296,627.0903200401251
0.02046633893699958,627.2662252491315
0.02051113731273791,627.4422291723545
0.02055603374677944,627.6183318928186
0.02060102845376211,627.7945334936171
0.020646121648793654,627.9708340580606
0.020691313547452673,628.1472336697545
0.02073660436578964,628.3237324120863
0.02078199432032794,628.5003303685191
0.020827483628064903,628.677027622777
0.02087307250647282,628.8538242588153
0.020918761173500024,629.0307203603828
0.020964549847571904,629.2077160113136
0.02101043874759196,629.3848112957813
0.021056428092942853,629.5620062980556
0.021102518103487414,629.7393011022516
0.021148708999569762,629.9166957925893
0.02119500100201631,630.094190453706
0.02124139433213683,630.2717851701573
0.021287889211725534,630.449480026434
0.021334485863062077,630.6272751071764
0.021381184508912694,630.8051704974506
0.021427985372531214,630.9831662821032
0.021474888677660144,631.1612625460026
0.021521894648531745,631.3394593742693
0.02156900350986907,631.5177568523163
0.021616215486887087,631.6961550653104
0.021663530805293728,631.8746540985032
0.02171094969129097,632.0532540375663
0.021758472371575934,632.2319549681432
0.02180609907334192,632.4107569757679
0.021853830024279552,633.4690168306785
0.021901665452577844,632.7686645654095
0.021949605586925276,632.947770319447
0.021997650656510923,633.126977494174
0.022045800891025483,633.3062861758617
0.02209405652066246,633.4856964509207
0.022142417776119205,633.6652084055572
0.022190884888598054,633.8448221261286
0.022239458089807408,634.0245376994611
0.022288137611962834,634.2043552121386
0.022336923687788217,634.3842747507534
0.022385816550516833,634.564296402265
0.02243481643389248,634.744420253772
0.02248392357217061,634.9246463921592
0.02253313820011939,635.1049749044874
0.02258246055302091,635.2854058782816
0.02263189086667224,635.4659394007858
0.022681429377386594,635.6465755592778
0.02273107632199445,635.8273144414961
0.022780831937844657,636.0081561351459
0.022830696462805614,636.1891007277951
0.02288067013526638,636.3701483072846
0.02293075319413782,636.5512989618026
0.02298094587885375,636.7325527792324
0.023031248429372056,636.9139098475908
0.023081661086175893,637.095370255406
0.023132184090274788,637.2769340909447
0.023182817683205813,637.45860144247
0.023233562107034752,637.6403723987287
0.023284417604357198,637.822247048425
0.023335384418299798,638.0042254801168
0.023386462792521365,638.1863077826993
0.023437652971214043,638.368494045335
0.023488955199104506,638.5507843568868
0.02354036972145506,638.7331788064408
0.0235918967840649,638.9156774835401
0.023643536633271244,639.0982804773887
0.023695289515950495,639.2809878773048
0.023747155679519454,639.4637997731472
0.02379913537193649,639.6467162544873
0.0238512288417027,639.829737410907
0.023903436337863133,640.0128633325385
0.023955758110007982,640.1960941093349
0.024008194408273748,640.3794298311639
0.02406074548334447,640.5628705884087
0.02411341158645286,640.7464164714078
0.024166192969381595,640.9300675703302
0.024219089884464452,641.1138239758004
0.024272102584587545,641.2976857785418
0.024325231323190533,641.4816530690289
0.02437847635426779,641.6657259381411
0.024431837932369683,641.849904476969
0.024485316312603762,642.0341887762962
0.024538911750635963,642.2185789272795
0.024592624502691864,642.4030750213543
0.024646454825557846,642.5876771496173
0.024700402976582412,642.7723854035207
0.02475446921367735,642.957199874831
0.024808653795318995,643.1421206549577
0.024862956980549453,643.3271478356654
0.024917379028977813,643.5122815090386
0.024971920200781466,643.6975217667997
0.02502658075670727,643.882868701043
0.025081360958072833,644.0683224041596
0.025136261066767775,644.2538829681814
0.025191281345254914,644.4395504855523
0.025246422056571616,644.625325048955
0.02530168346433098,644.811206750731
0.025357065832723128,644.9889519583554
0.025412569426516478,645.1832919408029
0.025468194511058955,645.3694956147073
0.025523941352279336,645.5558067986176
0.02557981021668847,645.7422255857344
0.02563580137138057,645.9287520690422
0.025691915084034497,646.1153863421416
0.02574815162291499,646.3021284984726
0.02580451125687403,646.4889786313677
0.025860994255352068,646.6759368348073
0.025917600888379324,646.8630032024674
0.0259743314265771,647.0515983312391
0.026031186141159013,647.1004839575342
0.02608816530393238,647.1062737914081
0.026145269187299446,647.1118979582924
0.02620249806425873,647.1173584734471
0.02625985220840631,647.1226573877567
0.0263173318939371,647.1277967880824
0.026374937395646236,647.1327787976174
0.026432668988930326,647.1376055762422
0.026490526949788797,647.142279320886
0.026548511554825214,647.146802265891
0.02660662308124856,647.1511766833755
0.026664861806874624,647.1554048836075
0.026723228010127303,647.1594892153722
0.026781721970039918,647.1634320663508
0.02684034396625658,647.1672358634958
0.02689909427903347,647.1709030734155
0.026957973189240245,647.1744362027555
0.027016980978361346,647.1778377985876
0.02707611792849736,647.1811104488002
0.027135384322366354,647.1842567824917
0.027194780443305203,647.1872794703684
0.027254306575271003,647.1901812251436
0.0273139630028424,647.1929648019418
0.027373750011220933,647.1956329987048
0.027433667886232423,647.1981886566016
0.027493716914328337,647.2006346604431
0.027553897382587112,647.2029739390962
0.02761420957871561,647.2052094659058
0.027674653791050434,647.2073442591169
0.02773523030855931,647.2093813823024
0.027795939420842512,647.2113239447917
0.02785678141813416,647.2131751021053
0.02791775659130371,647.214938056393
0.027978865231857275,647.2166160568717
0.02804010763193905,647.2182124002711
0.02810148408433271,647.2197304312822
0.02816299488246275,647.2211735430067
0.028224640320395986,647.2225451774129
0.02828642069284289,647.2238488257947
0.028348336295159027,647.2250880292319
0.028410387423346475,647.2262663790578
0.028472574374055173,647.2273875173281
0.028534897444584446,647.2284551372943
0.028597356932884347,647.2294729838803
0.02865995313755711,647.230444854164
0.028722686357858594,647.2313745978613
0.028785556893699642,647.2322661178155
0.028848565045647614,647.2331233704883
0.028911711114927758,647.233950366458
0.028974995403424672,647.2347511709179
0.029038418213683758,647.2355299041825
0.029101979848912603,647.2362907421939
0.029165680612982532,647.2370379170352
0.02922952081042999,647.2377757174465
0.029293500746458014,647.2385084893457
0.029357620726937712,647.2392406363518
0.029421881058409663,647.2399766203159
0.029486282048085465,647.2407209618515
0.029550824003849164,647.2414782408731
0.02961550723425871,647.2422530971373
0.02968033204854748,647.2430502307885
0.029745298756625668,647.2438744029083
0.029810407669081884,647.2447304360697
0.02987565909718455,647.2456232148973
0.02994105335288343,647.246557686627
0.03000659074881111,647.2475388616779
0.03007227159828446,647.2485718142193
0.030138096215306207,647.2496616827509
0.030204064914566363,647.2508136706826
0.030270178011443775,647.2520330469189
0.030336435822007624,647.2533251464498
0.030402838663018884,647.2546953709464
0.03046938685193193,647.2561491893584
0.030536080706895986,647.2576921385198
0.030602920546756677,647.2593298237566
0.03066990669105754,647.2610679195006
0.030737039460041533,647.2629121699084
0.030804319174652612,647.2648683894845
0.030871746156537237,647.2669424637073
0.03093932072804591,647.2691403496658
0.031007043212234738,647.271468076694
0.03107491393286691,647.2739317470158
0.031142933214414345,647.2765375363927
0.03121110138205917,647.2792916947759
0.0312794187616953,647.2822005469645
0.031347885679930014,647.2852704932702
0.031416502464085436,647.2885080101829
0.03148526944220022,647.2919196510472
0.03155418694303103,647.2955120467392
0.031623255296054156,647.2992919105611
0.031692474831467046,647.3033537789904
0.03176184588018995,647.3077840671725
0.031831368773867406,647.3125809622622
0.031901043844869935,647.3177426083596
0.03197087142629555,647.3232671060645
0.032040851851971384,647.3291525120231
0.0321109854564553,647.3353968384761
0.0321812725750374,647.3419980527975
0.032251713543741775,647.348954077034
0.03232230869932799,647.3562627874387
0.032393058379292745,647.3639220140008
0.0324639629218715,647.3719295399716
0.03253502266604002,647.3802831013875
0.03260623795151609,647.388980386587
0.032677609118761095,647.3980190357264
0.03274913650898164,647.4073966402887
0.032820820464131206,647.4171107425911
0.032892661326911724,647.427158835286
0.032964659440775305,647.4375383608602
0.033036815149925826,647.4482467111279
0.03310912879932057,647.4592812267203
0.033181600734671926,647.470639196573
0.03325423130244895,647.4823178574044
0.03332702084987912,647.4943143931953
0.033399969724949935,647.5066259346606
0.03347307827641061,647.519249558718
0.033546346853773744,647.532182287952
0.03361977580731692,647.5454210900728
0.03369336548808449,647.5589628773744
0.033767116247889195,647.5728045061812
0.033841028439313824,647.5869427762989
0.03391510241571298,647.6013744304526
0.033989338531214636,647.6160961537261
0.034063737140721986,647.631104572994
0.03413829859991502,647.6463962563506
0.03421302326525229,647.6619677125321
0.0342879114939726,647.6778153903359
0.03436296364409667,647.6939356780346
0.03443818007442891,647.7103249027857
0.03451356114455913,647.7269793300351
0.0345891072148642,647.7438951629177
0.034664818646509846,647.7610685416515
0.03474069580145231,647.7784955429278
0.03481673904244013,647.7961721792964
0.034892948733015856,647.8140943985442
0.0349693252375178,647.832258083072
0.035045868921081774,647.850659049263
0.03512258014964277,647.8692930468482
0.035199459289936834,647.8881557582656
0.03527650670950273,647.9072427980159
0.035353722776683714,647.9265497120098
0.03543110786062933,647.9460719769136
0.03550866233129709,647.9658049994881
0.03558638655945434,647.9857441159207
0.03566428091668,648.0058845911549
0.03574234577536631,648.0262216182116
0.03582058150872065,648.0467503175082
0.03589898849076727,648.0674657361683
0.035977567096349146,648.0883628473296
0.03605631770112974,648.1094365494442
0.036135240681594794,648.130681665573
0.03621433641505412,648.1520929426757
0.036293605279643454,648.1736650508948
0.036373047654326154,648.1953925828332
0.03645266391889515,648.2172700528271
0.03653245445397466,648.2392918962117
0.03661241964102207,648.261452468582
0.036692559862329714,648.2837460450478
0.036772875501026696,648.3061668194829
0.036853366941080774,648.3287089037667
0.03693403456730016,648.351366327022
0.03701487876533537,648.3741330348452
0.03709589992168107,648.3970028885312
0.037177098423677876,648.4199696642918
0.037258474659514276,648.4430270524671
0.03734002901822846,648.4661686567327
0.037421761889710164,648.4893879932987
0.037503673664702586,648.5126784901031
0.03758576473480413,648.5360334859985
0.037668035492470435,648.5594462299332
0.03775048633101616,648.5829098801242
0.03783311764461687,648.6064175032262
0.037915929828310976,648.6299620734904
0.037998923278001494,648.653536471921
0.038082098390458105,648.6771334854208
0.03816545556331894,648.7007458059333
0.038248995195092526,648.7243660295765
0.038332717685159674,648.7479866557695
0.03841662343377536,648.7716000863545
0.03850071284207071,648.7951986247078
0.03858498631205486,648.8187744748484
0.03866944424661692,648.8423197405364
0.038754087049527854,648.8658264243652
0.038838915125442415,648.8892864268478
0.03892392887990113,648.9126915454935
0.03900912871933218,648.9360334738798
0.03909451505105341,648.9593038007148
0.03918008828327421,648.9824940088944
0.039265848825097455,649.0055954745504
0.03935179708652155,649.0285994660926
0.039437933478442315,649.0514971432411
0.039524258412654986,649.0742795560544
0.039610772301856174,649.0969376439466
0.039697475559645784,649.1194622346987
0.03978436860052909,649.1418440434629
0.039871451839918665,649.1640736717565
0.03995872569413635,649.1861416064503
0.040046190580415315,649.2080382187478
0.040133846916901916,649.2297537631583
0.040221695122657844,649.2512783764593
0.04030973561766207,649.272602076652
0.04039796882281281,649.2937147619102
0.04048639515992963,649.3146062095186
0.04057501505175534,649.335266074804
0.040663828921958134,649.3556838900587
0.040752837195133555,649.3758490634542
0.040842040296806534,649.3957508779475
0.04093143865343343,649.4153784901788
0.041021032692404036,649.4347209293603
0.041110822842043676,649.4537670961566
0.04120080953161523,649.4725057615559
0.04129099319132117,649.4909255657337
0.04138137425230567,649.5090150169062
0.041471953146656526,649.5267624901767
0.04156273030740743,649.5441562263698
0.04165370616853989,649.5611843308611
0.04174488116498534,649.5778347723941
0.04183625573262725,649.5940953818892
0.041927830308303195,649.6099538512445
0.042019605329806864,649.6253977321263
0.042111581235890296,649.6404144347495
0.04220375846626589,649.6549912266507
0.04229613746160852,649.6691152314502
0.04238871866355765,649.6827734276042
0.04248150251471941,649.6959526471502
0.04257448945866877,649.7086395744391
0.04266767993995163,649.7208207448588
0.042761074404086954,649.7324825435493
0.042854673297568896,649.7436112041073
0.04294847706786889,649.7541928072783
0.04304248616343787,649.7642132796451
0.04313670103370838,649.7736583922964
0.04323112212909671,649.7825137594955
0.043325749901005066,649.7907648373318
0.043420584801823675,649.7983969223646
0.04351562728493304,649.8053951502567
0.043610877804706044,649.8117444943958
0.04370633681651015,649.8174297645086
0.04380200477670956,649.8224356052593
0.04389788214266738,649.8267464948431
0.04399396937274785,649.830346743565
0.04409026692631851,649.8332204924083
0.04418677526375242,649.8353517115936
0.044283494846430335,649.8367241991264
0.04438042613674287,649.8373215793316
0.044477569598092806,649.8373479000002
0.04457492569489726,649.8373479
0.044672494892589884,649.8373479000002
0.044770277657623134,649.8373478999999
0.044868274457470415,649.8373479000002
0.044966485760628436,649.8373479
0.045064912036619366,649.8373478999999
0.04516355375599311,649.8373478999998
0.04526241139032957,649.8373479000002
0.045361485412240804,649.8373479
0.045460776295373435,649.8373479
0.04556028451441083,649.8373478999998
0.04566001054507537,649.8373478999998
0.04575995486413075,649.8373478999999
0.04586011794938419,649.8373478999999
0.04596050027968884,649.8373478999999
0.04606110233494598,649.8373479
0.04616192459610732,649.8373479
0.04626296754517737,649.8373479
0.04636423166521559,649.8373478999999
0.04646571744033889,649.8373479000002
0.046567425355723814,649.8373479
0.04666935589760891,649.8373479
0.046771509553297085,649.8373478999998
0.04687388681115778,649.8373479
0.046976488160629534,649.8373479000002
0.04707931409222216,649.8373478999999
0.04718236509751913,649.8373479000002
0.047285641669179986,649.8373479
0.04738914430094255,649.8373478999999
0.047492873487625466,649.8373479
0.04759682972513043,649.8373479
0.047701013510444625,649.8373478999999
0.047805425341643094,649.8373478999998
0.047910065717891054,649.8373478999999
0.04801493513944638,649.8373479000002
0.04812003410766194,649.8373479000002
0.04822536312498801,649.8373479000002
0.048330922694974666,649.8373478999999
0.048436713322274214,649.8373479
0.04854273551264352,649.8373478999999
0.04864898977294655,649.8373478999999
0.04875547661115672,649.8373478999999
0.04886219653635934,649.8373479000002
0.04896915005875408,649.8373479
0.04907633768965729,649.8373479
0.04918375994150459,649.8373479
0.04929141732785327,649.8373479
0.049399310363384706,649.8373478999999
0.0495074395639069,649.8373478999999
0.049615805446356805,649.8373479
0.049724408528802964,649.8373479000002
0.04983324933044789,649.8373479000002
0.049942328371630554,649.8373479
0.05005164617382894,649.8373478999999
0.0501612032596624,649.8373479
0.050271000152894284,649.8373478999999
0.050381037378434405,649.8373479000002
0.050491315462341535,649.8373478999999
0.05060183493182594,649.8373479000002
0.05071259631525182,649.8373478999999
0.050823600142139984,649.8373479
0.05093484694317025,649.8373478999999
0.05104633725018406,649.8373479
0.05115807159618699,649.8373478999999
0.05127005051535125,649.8373479000002
0.05138227454301835,649.8373479000002
0.05149474421570158,649.8373479
0.05160746007108859,649.8373479
0.051720422648043995,649.8373478999999
0.05183363248661184,649.8373478999999
0.05194709012801834,649.8373479
0.05206079611467436,649.8373479
0.05217475099017804,649.8373479
0.05228895529931743,649.8373479
0.052403409588072956,649.8373479000002
0.05251811440362022,649.8373478999999
0.0526330702943325,649.8373479
0.052748277809783396,649.8373479
0.05286373750074949,649.8373479
0.052979449919212857,649.8373478999999
0.05309541561836389,649.8373479
0.05321163515260381,649.8373478999999
0.05332810907754737,649.8373479000002
0.05344483795002551,649.8373478999999
0.053561822328087934,649.8373478999999
0.053679062771005925,649.8373479
0.05379655983927493,649.8373479000002
0.05391431409461723,649.8373479000002
0.05403232609998471,649.8373478999999
0.054150596419561374,649.8373479
0.05426912561876626,649.8373479000002
0.054387914264256015,649.8373478999999
0.054506962923927614,649.8373479000002
0.05462627216692113,649.8373478999999
0.05474584256362233,649.8373479
0.05486567468566557,649.8373478999999
0.054985769105936416,649.8373479
0.05510612639857442,649.8373479000002
0.05522674713897588,649.8373479000002
0.055347631903796476,649.8373479000002
0.05546878127095421,649.8373478999999
0.05559019581963206,649.8373479000002
0.05571187613028075,649.8373479
0.055833822784621547,649.8373479
0.05595603636564906,649.8373479
0.05607851745763394,649.8373478999999
0.056201266646125785,649.8373479000002
0.056324284517955896,649.8373479000002
0.056447571661240065,649.8373479000002
0.05657112866538143,649.8373478999999
0.05669495612107316,649.8373478999999
0.056819054620301505,649.8373479000002
0.056943424756348435,649.8373479
0.057068067123794565,649.8373479
0.05719298231852199,649.8373479000002
0.057318170937717045,649.8373478999999
0.05744363357987333,649.8373479
0.05756937084479442,649.8373479
0.05769538333359681,649.8373479000002
0.05782167164871279,649.8373479
0.05794823639389322,649.8373478999999
0.05807507817421058,649.8373479
0.058202197596061746,649.8373479
0.058329595267170936,649.8373479
0.05845727179659264,649.8373478999999
0.05858522779471438,649.8373479000002
0.05871346387325986,649.8373479
0.05884198064529173,649.8373479
0.05897077872521457,649.8373479
0.059099858728777835,649.8373479000002
0.05922922127307871,649.8373479
0.0593588669765652,649.8373479000002
0.05948879645903901,649.8373479000002
0.059619010341658514,649.8373479000002
0.05974950924694174,649.8373478999999
0.05988029379876925,649.8373478999999
0.06001136462238733,649.8373479
0.060142722344410766,649.8373479000002
0.06027436759282597,649.8373479
0.06040630099699398,649.8373479
0.0605385231876533,649.8373479
0.060671034796923165,649.8373478999999
0.060803836458306414,649.8373478999999
0.06093692880669253,649.8373479
0.06107031247836073,649.8373479000002
0.0612039881109829,649.8373479000002
0.06133795634362677,649.8373478999999
0.06147221781675891,649.8373478999999
0.061606773172247796,649.8373479000002
0.06174162305336688,649.8373478999998
0.0618767681047976,649.8373478999999
0.0620122089726326,649.8373478999999
0.062147946304378726,649.8373478999999
0.06228398074896012,649.8373479
0.0624203129567214,649.8373478999999
0.06255694357943059,649.8373479
0.06269387327028247,649.8373479
0.06283110268390155,649.8373479
0.06296863247634521,649.8373478999999
0.06310646330510693,649.8373478999999
0.06324459582911926,649.8373478999998
0.06338303070875716,649.8373479000003
0.06352176860584104,649.8373479
0.06366081018363996,649.8373479000002
0.06380015610687481,649.8373478999999
0.06393980704172149,649.8373479
0.06407976365581397,649.8373479
0.06422002661824772,649.8373479000003
0.06436059659958274,649.8373479000002
0.06450147427184677,649.8373478999999
0.06464266030853864,649.8373478999999
0.06478415538463123,649.8373478999999
0.06492596017657497,649.8373478999999
0.06506807536230094,649.8373479000002
0.06521050162122412,649.8373479
0.06535323963424668,649.8373478999999
0.0654962900837611,649.8373479
0.06563965365365365,649.8373479000002
0.06578333102930752,649.8373479000002
0.06592732289760607,649.8373479
0.06607162994693627,649.8373479000002
0.06621625286719174,649.8373479
0.0663611923497763,649.8373478999998
0.06650644908760715,649.8373479
0.06665202377511821,649.8373478999999
0.06679791710826344,649.8373479
0.06694412978452007,649.8373479
0.06709066250289214,649.8373479
0.06723751596391368,649.8373479000002
0.06738469086965211,649.8373479
0.06753218792371163,649.8373479
0.06768000783123641,649.8373479000002
0.06782815129891426,649.8373479
0.06797661903497974,649.8373478999999
0.06812541174921773,649.8373479
0.0682745301529667,649.8373479000002
0.06842397495912211,649.8373479
0.06857374688213994,649.8373479
0.06872384663804,649.8373479000002
0.06887427494440938,649.8373478999999
0.06902503252040593,649.8373478999998
0.06917612008676151,649.8373479
0.06932753836578573,649.8373479
0.06947928808136919,649.8373479
0.06963136995898699,649.8373479
0.06978378472570225,649.8373479000002
0.06993653311016947,649.8373479
0.07008961584263813,649.8373479
0.07024303365495617,649.8373479
0.07039678728057343,649.8373479
0.07055087745454519,649.8373478999999
0.07070530491353563,649.8373479000002
0.07086007039582146,649.8373479000002
0.07101517464129538,649.8373478999999
0.07117061839146961,649.8373479
0.07132640238947952,649.8373479
0.07148252738008694,649.8373478999999
0.07163899410968408,649.8373479
0.07179580332629683,649.8373479000002
0.07195295577958843,649.8373478999999
0.0721104522208631,649.8373479000002
0.07226829340306942,649.8373478999999
0.07242648008080425,649.8373479
0.0725850130103161,649.8373479
0.07274389294950881,649.8373479000002
0.07290312065794526,649.8373479
0.07306269689685077,649.8373479
0.07322262242911702,649.8373478999999
0.07338289801930553,649.8373479
0.07354352443365136,649.8373479
0.07370450244006677,649.8373478999999
0.07386583280814489,649.8373479000002
0.07402751630916334,649.8373478999999
0.07418955371608804,649.8373478999999
0.07435194580357683,649.8373479
0.07451469334798319,649.8373479000002
0.07467779712735996,649.8373478999999
0.07484125792146294,649.8373479
0.07500507651175482,649.8373478999999
0.07516925368140882,649.8373479
0.07533379021531242,649.8373479000002
0.07549868690007112,649.8373479
0.07566394452401214,649.8373479
0.07582956387718837,649.8373479
0.07599554575138194,649.8373478999999
0.07616189094010818,649.8373479000002
0.07632860023861929,649.8373479000002
0.0764956744439081,649.8373478999999
0.0766631143547121,649.8373479
0.07683092077151703,649.8373479
0.07699909449656085,649.8373478999999
0.07716763633383754,649.8373479
0.07733654708910079,649.8373479000002
0.07750582756986815,649.8373479
0.07767547858542465,649.8373478999999
0.07784550094682677,649.8373479000002
0.07801589546690632,649.8373478999999
0.07818666296027421,649.8373478999999
0.07835780424332453,649.8373479000002
0.07852932013423833,649.8373479000002
0.07870121145298756,649.8373479
0.07887347902133902,649.8373478999999
0.07904612366285817,649.8373479
0.07921914620291323,649.8373479
0.07939254746867906,649.8373479000002
0.07956632828914108,649.8373478999999
0.07974048949509929,649.8373479000002
0.07991503191917212,649.8373479
0.08008995639580062,649.8373479
0.08026526376125227,649.8373479000002
0.08044095485362505,649.8373479
0.08061703051285149,649.8373478999999
0.0807934915807025,649.8373479
0.08097033890079162,649.8373479
0.08114757331857898,649.8373478999999
0.08132519568137528,649.8373479000002
0.08150320683834593,649.8373479
0.08168160764051494,649.8373479
0.08186039894076921,649.8373478999999
0.08203958159386253,649.8373479000002
0.08221915645641957,649.8373479000002
0.08239912438694014,649.8373478999999
0.08257948624580307,649.8373479
0.08276024289527055,649.8373479000002
0.08294139519949217,649.8373478999999
0.08312294402450901,649.8373478999999
0.08330489023825784,649.8373479
0.08348723471057513,649.8373479000002
0.08366997831320147,649.8373479
0.08385312191978549,649.8373479000002
0.08403666640588817,649.8373478999999
0.08422061264898703,649.8373479
0.08440496152848014,649.8373479000002
0.08458971392569059,649.8373479
0.08477487072387058,649.8373479000002
0.0849604328082056,649.8373479000002
0.08514640106581874,649.8373479
0.08533277638577488,649.8373479
0.0855195596590849,649.8373479000002
0.08570675177871011,649.8373478999999
0.0858943536395663,649.8373478999999
0.08608236613852821,649.8373479000002
0.08627079017443372,649.8373479
0.08645962664808804,649.8373478999999
0.08664887646226829,649.8373479000002
0.08683854052172758,649.8373478999999
0.08702861973319946,649.8373479000002
0.0872191150054022,649.8373478999999
0.08741002724904307,649.8373479
0.08760135737682286,649.8373555411297
0.08779310630344013,649.8375937068323
0.08798527494559562,649.8381647062587
0.08817786422199661,649.8390675565188
0.08837087505336126,649.8403012442233
0.08856430836242314,649.8418647251555
0.08875816507393557,649.8437569239397
0.08895244611467602,649.8459767337096
0.08914715241345064,649.8485230157686
0.08934228490109848,649.8513945992534
0.08953784451049618,649.854590280789
0.08973383217656235,649.8581088241463
0.089930248836262,649.861948959892
0.09012709542861108,649.8661093850391
0.09032437289468082,649.8705887626917
0.09052208217760245,649.8753857216888
0.09072022422257159,649.8804988562462
0.09091879997685276,649.8859267255899
0.09111781038978396,649.8916678535937
0.0913172564127811,649.8977207284086
0.09151713899934269,649.9040838020916
0.09171745910505431,649.9107554902293
0.09191821768759326,649.9177341715624
0.09211941570673304,649.9250181876015
0.0923210541243479,649.932605842243
0.09252313390441765,649.9404954013844
0.09272565601303205,649.9486850925294
0.09292862141839557,649.9571731043957
0.09313203109083198,649.9659575865178
0.09333588600278885,649.9750366488458
0.09354018712884242,649.9844083613416
0.09374493544570218,649.9940707535712
0.09395013193221548,650.0040218142935
0.09415577756937228,650.0142594910487
0.09436187334030971,650.0247816897373
0.094568420230317,650.0355862742009
0.09477541922683999,650.0466710657986
0.09498287131948596,650.0580338429771
0.09519077750002833,650.0696723408412
0.09539913876241127,650.0815842507167
0.09560795610275473,650.0937672197143
0.09581723051935898,650.1062188502855
0.09602696301270945,650.1189366997771
0.09623715458548159,650.1319182799832
0.0964478062425454,650.1451610566896
0.0966589189909706,650.1586624492201
0.09687049384003119,650.1724198299728
0.09708253180121039,650.1864305239585
0.09729503388820543,650.2006918083298
0.09750800111693231,650.2152009119121
0.09772143450553086,650.2299550147259
0.09793533507436945,650.2449512475071
0.09814970384604996,650.2601866912249
0.09836454184541253,650.2756583765935
0.09857985009954072,650.2913632835796
0.098795629637766,650.3072983409089
0.09901188149167313,650.3234604255651
0.09922860669510483,650.3398463622877
0.09944580628416677,650.3564529230624
0.09966348129723258,650.3732768266118
0.09988163277494863,650.3903147378778
0.10010026176023927,650.4075632675025
0.10031936929831167,650.4250189713033
0.10053895643666076,650.4426783497446
0.1007590242250744,650.4605378474059
0.10097957371563832,650.4785938524435
0.10120060596274098,650.49684269605
0.10142212202307897,650.5152806519078
0.10164412295566176,650.53390393564
0.10186660982181688,650.5527087042547
0.10208958368519498,650.5716910555873
0.1023130456117749,650.5908470277352
0.1025369966698688,650.6101725984921
0.10276143793012729,650.6296636847729
0.10298637046554442,650.6493161420383
0.10321179535146295,650.6691257637124
0.1034377136655794,650.6890882805956
0.10366412648794929,650.7091993602749
0.10389103490099225,650.7294546065265
0.10411843998949712,650.7498495587155
0.10434634284062733,650.7703796911911
0.10457474454392585,650.7910404126759
0.10480364619132061,650.8118270656498
0.1050330488771297,650.8327349257315
0.10526295369806639,650.8537592010516
0.10549336175324467,650.8748950316246
0.10572427414418421,650.8961374887128
0.10595569197481593,650.9174815741853
0.10618761635148706,650.9389222198746
0.10642004838296641,650.9604542869249
0.10665298918044992,650.9820725651371
0.10688643985756564,651.0037717723083
0.10712040153037931,651.0255465535654
0.10735487531739964,651.0473914806939
0.10758986233958348,651.0693010514625
0.1078253637203415,651.0912696889388
0.10806138058554321,651.1132917408045
0.10829791406352264,651.1353614786605
0.10853496528508358,651.1574730973305
0.10877253538350495,651.1796207141563
0.10901062549454638,651.2017983682879
0.10924923675645348,651.2240000199702
0.10948837030996335,651.2462195498214
0.10972802729831005,651.2684507581056
0.10996820886723,651.2906873640038
0.11020891616496753,651.3129230048731
0.1104501503422804,651.3351512355055
0.11069191255244511,651.3573655273767
0.11093420395126266,651.3795592678916
0.11117702569706388,651.4017257596237
0.11142037895071509,651.4238582195463
0.11166426487562366,651.4459497782608
0.11190868463774338,651.4679934792166
0.11215363940558033,651.4899822779257
0.11239913035019816,651.5119090411713
0.11264515864522397,651.5337665462096
0.11289172546685373,651.5555474799662
0.11313883199385795,651.577244438226
0.11338647940758736,651.5988499248158
0.1136346688919785,651.6203563507818
0.11388340163355941,651.6417560335592
0.11413267882145535,651.663041196138
0.11438250164739432,651.6842039662184
0.11463287130571302,651.7052363753633
0.11488378899336225,651.7261303581415
0.11513525590991291,651.746877751266
0.11538727325756164,651.7674702927251
0.11563984224113637,651.7878996209054
0.11589296406810247,651.8081572737103
0.11614663994856814,651.82823468767
0.11640087109529045,651.8481231970446
0.11665565872368107,651.8678140329216
0.11691100405181197,651.8872983223046
0.11716690830042141,651.9065670871956
0.1174233726929197,651.9256112436718
0.11768039845539499,651.9444216009523
0.11793798681661927,651.962988860459
0.11819613900805406,651.9813036148714
0.1184548562638565,651.9993563471721
0.11871413982088515,652.017137429686
0.11897399091870582,652.0346371231117
0.11923441079959768,652.0518455755462
0.119495400708559,652.0687528214995
0.11975696189331332,652.0853487809059
0.12001909560431523,652.1016232581235
0.12028180309475639,652.1175659409286
0.12054508562057162,652.1331663995011
0.12080894444044474,652.1484140854021
0.12107338081581476,652.1632983305443
0.12133839601088184,652.1778083461545
0.12160399129261322,652.1919332217273
0.1218701679307495,652.2056619239704
0.12213692719781048,652.2189832957442
0.12240427036910144,652.2318860549896
0.12267219872271914,652.2443587936515
0.12294071353955789,652.2563899765909
0.12320981610331579,652.26796794049
0.1234795077005007,652.2790808927488
0.12374978962043663,652.2897169103725
0.1240206631552697,652.2998639388525
0.12429212959997432,652.3095097910361
0.1245641902523596,652.3186421459886
0.1248368464130752,652.3272485478478
0.1251100993856179,652.3353164046682
0.12538395047633769,652.3428329872565
0.12565840099444384,652.3497854279994
0.12593345225201147,652.3561607196816
0.12620910556398768,652.3619457142937
0.12648536224819776,652.3671271218342
0.12676222362535158,652.3716915090974
0.12703969101904988,652.3756252984576
0.12731776575579062,652.3789147666399
0.1275964491649754,652.3815460434831
0.12787574257891549,652.3835051106934
0.12815564733283868,652.3847778005883
0.12843616476489522,652.3853497948309
0.12871729621616454,652.3853826
0.1289990430306615,652.3853826000001
0.1292814065553428,652.3853826000002
0.12956438814011353,652.3853825999998
0.1298479891378335,652.3853826000001
0.13013221090432384,652.3853825999998
0.13041705479837337,652.3853825999997
0.1307025221817451,652.3853826
0.1309886144191829,652.3853826000001
0.13127533287841775,652.3853826000001
0.13156267893017448,652.3853826
0.13185065394817838,652.3853826000001
0.1321392593091615,652.3853826000001
0.13242849639286952,652.3853826000001
0.13271836658206812,652.3853826000001
0.13300887126254973,652.3853826
0.13330001182314016,652.3853826000002
0.13359178965570512,652.3853826
0.13388420615515703,652.3853826
0.13417726271946145,652.3853825999998
0.13447096074964413,652.3853826000002
0.1347653016497974,652.3853825999997
0.13506028682708687,652.3853826
0.13535591769175848,652.3853826000001
0.1356521956571449,652.3853826
0.1359491221396724,652.3853826
0.13624669855886773,652.3853826000001
0.1365449263373647,652.3853826000001
0.13684380690091122,652.3853826
0.13714334167837594,652.3853826
0.13744353210175508,652.3853826000002
0.1377443796061794,652.3853826
0.13804588562992096,652.3853826
0.1383480516144,652.3853826000001
0.13865087900419196,652.3853826
0.1389543692470341,652.3853826000001
0.13925852379383286,652.3853826000001
0.13956334409867027,652.3853826
0.13986883161881133,652.3853826000001
0.14017498781471086,652.3853826
0.14048181415002026,652.3853826
0.1407893120915949,652.3853826
0.14109748310950074,652.3853826000001
0.14140632867702163,652.3853826000001
0.14171585027066633,652.3853826
0.1420260493701753,652.3853826
0.1423369274585282,652.3853826
0.14264848602195057,652.3853826
0.14296072654992126,652.3853826
0.1432736505351794,652.3853826
0.14358725947373138,652.3853826
0.14390155486485842,652.3853826
0.14421653821112326,652.3853826
0.1445322110183777,652.3853826
0.1448485747957697,652.3853826
0.14516563105575045,652.3853826000001
0.14548338131408176,652.3853826
0.14580182708984335,652.3853826
0.14612096990543985,652.3853826000002
0.14644081128660844,652.3853826000001
0.1467613527624258,652.3853826
0.14708259586531566,652.3853826
0.14740454213105608,652.3853826
0.14772719309878662,652.3853826
0.148050550311016,652.3853826
0.1483746153136291,652.3853826
0.1486993896558948,652.3853825999998
0.14902487489047303,652.3853826
0.1493510725734222,652.3853825999998
0.14967798426420695,652.3853826
0.1500056115257052,652.3853826
0.150333955924216,652.3853826
0.15066301902946677,652.3853826
0.15099280241462082,652.3853825999998
0.15132330765628504,652.3853826
0.1516545363345172,652.3853826
0.15198649003283374,652.3853826000001
0.15231917033821718,652.3853826
0.15265257884112374,652.3853826000001
0.15298671713549097,652.3853826
0.15332158681874536,652.3853826
0.15365718949181,652.3853826
0.1539935267591122,652.3853826
0.15433060022859113,652.3853826
0.15466841151170563,652.3853826
0.15500696222344168,652.3853826000001
0.15534625398232044,652.3853826
0.1556862884104058,652.3853825999997
0.156027067133312,652.3853825999998
0.1563685917802117,652.3853826000001
0.15671086398384362,652.3853826
0.15705388538052026,652.3853826000001
0.15739765761013597,652.3853826
0.15774218231617437,652.3853826
0.15808746114571676,652.3853826
0.15843349574944957,652.3853826
0.1587802877816723,652.3853826
0.15912783890030574,652.3853826
0.15947615076689942,652.3853826
0.15982522504663993,652.3853826
0.16017506340835885,652.3853826
0.16052566752454042,652.3853826
0.16087703907132994,652.3853825999998
0.16122917972854142,652.3853826
0.16158209117966596,652.3853826
0.1619357751118795,652.3853826000001
0.16229023321605102,652.3853826
0.16264546718675066,652.3853826
0.1630014787222577,652.3853826
0.16335826952456886,652.3853826
0.16371584129940625,652.3853826
0.16407419575622556,652.3853826
0.1644333346082244,652.3853826
0.16479325957235022,652.3853825999998
0.16515397236930876,652.3853826000001
0.16551547472357225,652.3853826
0.16587776836338736,652.3853825999998
0.16624085502078392,652.3853826000001
0.16660473643158277,652.3853826
0.1669694143354044,652.3853826000001
0.16733489047567715,652.3853826000001
0.1677011665996453,652.3853826
0.1680682444583778,652.3853825999998
0.16843612580677655,652.3853825999998
0.16880481240358455,652.3853826
0.16917430601139463,652.3853825999998
0.16954460839665755,652.3853826
0.1699157213296908,652.3853826000001
0.1702876465846868,652.3853826
0.17066038593972144,652.3853826
0.1710339411767627,652.3853826
0.17140831408167895,652.3853826
0.17178350644424767,652.3853825999997
0.17215952005816407,652.3853825999998
0.17253635672104928,652.3853825999998
0.1729140182344595,652.3853826
0.17329250640389407,652.3853826000001
0.17367182303880452,652.3853826000001
0.17405196995260305,652.3853826
0.17443294896267103,652.3853826
0.1748147618903681,652.3853825999998
0.17519741056104043,652.3853826
0.17558089680402977,652.3853825999998
0.17596522245268215,652.3853826
0.17635038934435635,652.3853826
0.17673639932043314,652.3853826
0.1771232542263237,652.3853826
0.17751095591147867,652.3853826000001
0.17789950622939693,652.3853849323842
0.17828890703763434,652.3854792830816
0.17867916019781288,652.3857119904075
0.17907026757562933,652.3860835935088
0.17946223104086415,652.3865946313205
0.17985505246739078,652.3872456425404
0.18024873373318404,652.3880371656078
0.18064327672032965,652.3889697386796
0.18103868331503292,652.3900438996081
0.18143495540762775,652.3912601859148
0.18183209489258595,652.3926191347705
0.18223010366852585,652.3941212829674
0.18262898363822186,652.3957671668971
0.18302873670861322,652.3975573225258
0.1834293647908132,652.3994922853677
0.18383086980011842,652.4015725904619
0.18423325365601767,652.403798772345
0.18463651828220137,652.4061713650278
0.18504066560657073,652.4086909019668
0.18544569756124674,652.4113579160395
0.18585161608257975,652.4141729395172
0.1862584231111584,652.4171365040381
0.1866661205918191,652.4202491405806
0.18707471047365543,652.4235113794357
0.18748419471002697,652.4269237501794
0.18789457525856934,652.4304867816439
0.18830585408120287,652.43420100189
0.18871803314414254,652.4380669381791
0.18913111441790703,652.4420851169423
0.1895450998773282,652.4462560637534
0.18995999150156076,652.4505803032985
0.19037579127409132,652.4550583593452
0.19079250118274826,652.4596907547138
0.19121012321971115,652.464478011247
0.19162865938151993,652.4694206497769
0.192048111669085,652.4745191900973
0.19246848208769646,652.4797741509288
0.19288977264703358,652.4851860498904
0.19331198536117478,652.4907554034638
0.19373512224860692,652.4964827269644
0.1941591853322352,652.5023685345063
0.19458417663939268,652.5084133389704
0.1950100982018499,652.5146176519706
0.1954369520558249,652.5209819838195
0.19586474024199255,652.5275068434956
0.1962934648054947,652.5341927386069
0.1967231277959497,652.5410401753586
0.1971537312674622,652.5480496585157
0.19758527727863318,652.5552216913685
0.19801776789256947,652.5625567756967
0.19845120517689394,652.5700554117334
0.1988855912037553,652.577718098128
0.19932092804983767,652.5855453319091
0.19975721779637112,652.5935376084476
0.200194462529141,652.6016954214193
0.20063266433849836,652.610019262766
0.20107182531936982,652.6185096226571
0.2015119475712673,652.6271669894523
0.20195303319829863,652.6359918496597
0.202395084309177,652.6449846878977
0.20283810301723146,652.6541459868565
0.20328209144041695,652.6634762272544
0.20372705170132413,652.6729758877989
0.20417298592719002,652.6826454451459
0.2046198962499077,652.692485373857
0.20506778480603685,652.7024961463583
0.2055166537368138,652.7126782328963
0.20596650518816167,652.7230321014981
0.2064173413107009,652.7335582179246
0.20686916425975943,652.74425704563
0.20732197619538265,652.7551290457149
0.2077757792823444,652.7661746768841
0.20823057569015666,652.7773943953996
0.2086863675930804,652.7887886550368
0.2091431571701358,652.8003579070379
0.20960094660511241,652.8121026000654
0.21005973808658018,652.8240231801557
0.21051953380789926,652.8361200906717
0.21098033596723104,652.8483937722557
0.21144214676754833,652.8608446627802
0.21190496841664594,652.8734731973008
0.2123688031271514,652.8862798080052
0.21283365311653527,652.8992649241659
0.21329952060712196,652.9124289720886
0.21376640782610037,652.9257723750625
0.21423431700553427,652.939295553309
0.21470325038237337,652.9529989239306
0.21517321019846353,652.9668829008588
0.21564419870055795,652.9809478948015
0.21611621814032772,652.9951943131908
0.21658927077437237,653.0096225601287
0.2170633588642311,653.0242330363341
0.21753848467639308,653.0390261390877
0.2180146504823088,653.0540022621774
0.21849185855840067,653.069161795843
0.21897011118607365,653.0845051267197
0.2194494106517268,653.1000326377825
0.21992975924676347,653.1157447082882
0.22041115926760285,653.1316417137189
0.22089361301569077,653.1477240257232
0.2213771227975104,653.1639920120574
0.2218616909245937,653.1804460365271
0.2223473197135324,653.1970864589279
0.2228340114859886,653.2139136349833
0.22332176856870672,653.2309279162853
0.2238105932935237,653.2481296502331
0.22430048799738092,653.26551917997
0.22479145502233497,653.2830968443228
0.22528349671556872,653.3008629777369
0.22577661542940305,653.3188179102132
0.22627081352130757,653.3369619672444
0.22676609335391215,653.3552954697499
0.22726245729501834,653.3738187340091
0.22775990771761023,653.3925320715977
0.2282584469998664,653.4114357893193
0.22875807752517066,653.4305301891391
0.22925880168212406,653.449815568115
0.22976062186455593,653.4692922183306
0.2302635404715352,653.4889604268238
0.2307675599073824,653.5088204755208
0.23127268258168054,653.5288726411618
0.23177891090928712,653.5491171952322
0.23228624731034545,653.5695544038905
0.23279469421029608,653.590184527896
0.23330425403988883,653.6110078225361
0.23381492923519384,653.6320245375522
0.23432672223761372,653.6532349170659
0.23483963549389508,653.6746391995038
0.2353536714561399,653.6962376175221
0.23586883258181776,653.7180303979305
0.2363851213337772,653.7400177616146
0.23690254018025778,653.7621999234589
0.23742109159490163,653.7845770922684
0.23794077805676542,653.8071494706893
0.23846160205033215,653.8299172551291
0.23898356606552318,653.8528806356767
0.23950667259770983,653.876039796021
0.24003092414772567,653.8993949133687
0.24055632322187812,653.9229461583626
0.2410828723319607,653.9466936949966
0.24161057399526506,653.9706376805337
0.24213943073459263,653.9947782654198
0.24266944507826724,654.0191155931977
0.24320061956014666,654.0436498004225
0.24373295671963513,654.0683810165732
0.24426645910169545,654.0933093639649
0.24480112925686068,654.1184349576608
0.2453369697412471,654.1437579053821
0.24587398311656572,654.1692783074185
0.24641217195013498,654.1949962565363
0.2469515388148929,654.2209118378878
0.24749208628940916,654.2470251289176
0.24803381695789795,654.27333619927
0.2485767334102296,654.2998451106942
0.24912083824194367,654.326551916949
0.249666134054261,654.3534566637088
0.25021262345409595,654.3805593884646
0.2507603090540695,654.4078601204271
0.25130919347252095,654.43535888043
0.25185927933352104,654.4630556808285
0.25241056926688443,654.4909505253992
0.25296306590818174,654.5190434092419
0.25351677189875294,654.5473343186746
0.2540716898857192,654.5758232311321
0.2546278225219963,654.6045101150632
0.2551851724663068,654.6333949298247
0.2557437423831926,654.6624776255761
0.2563035349430284,654.6917581431752
0.25686455282203385,654.7212364140681
0.2574267987022864,654.7509123601832
0.2579902752717345,654.7807858938219
0.25855498522421,654.8108569175463
0.25912093125944125,654.8411253240716
0.2596881160830661,654.8715909961519
0.26025654240664453,654.9022538064684
0.2608262129476721,654.933113617514
0.2613971304295923,654.9647021198823
0.2619692975818101,654.998736070687
0.26254271713970484,655.0353368335046
0.26311739184464317,655.0744937320557
0.26369332444399235,655.1161958161606
0.26427051769113324,655.1604318588621
0.26484897434547355,655.2071903535272
0.2654286971724611,655.2564595109213
0.26600968894359667,655.308227256259
0.26659195243644784,655.3624812262319
0.26717549043466177,655.4192087660088
0.2677603057279787,655.4783969262141
0.2683464011122455,655.5400324598776
0.2689337793894284,655.6041018193623
0.2695224433676272,655.6705911532646
0.270112395861088,655.7394863032896
0.27070363969021716,655.8107728010999
0.27129617768159453,655.8844358651389
0.27189001266798685,655.9604603974276
0.2724851474883617,656.0388309803353
0.2730815849879006,656.1195318733215
0.2736793280180129,656.2025470096554
0.27427837943634953,656.2878599931034
0.27487874210681607,656.3754540945919
0.27548041889958724,656.465312248842
0.2760834126911202,656.5574170509769
0.27668772636416794,656.6517507531013
0.27729336280779393,656.7482952608519
0.27790032491738514,656.8470321299204
0.27850861559466633,656.9479425625477
0.2791182377477139,657.0510074039886
0.2797291942909693,657.15620713895
0.2803414881452539,657.2635218879965
0.28095512223778185,657.3729314039281
0.28157009950217493,657.4844150681305
0.2821864228784763,657.5979518868907
0.2828040953131643,657.7135204876871
0.28342311975916706,657.8310991154469
0.2840434991758759,657.9506656287741
0.28466523652916037,658.0721974961446
0.28528833479138166,658.1956717920739
0.2859127969414071,658.3210651932502
0.2865386259646246,658.4483539746385
0.28716582485295644,658.5775140055507
0.28779439660487416,658.7085207456862
0.28842434422541247,658.8413492411389
0.28905567072618366,658.9759741203715
0.28968837912539225,659.1123695901582
0.290322472447849,659.250509431495
0.2909579537249859,659.390366995474
0.2915948259948703,659.531915199128
0.29223309230221933,659.675126521239
0.2928727556984149,659.8199729981139
0.29351381924151787,659.9664262193259
0.2941562859962829,660.1144573234203
0.29480015903417306,660.2640369935896
0.29544544143337437,660.4151354533069
0.2960921362788107,660.5677224619322
0.29674024666215854,660.7217673102764
0.2973897756818615,660.8772388161341
0.2980407264431455,661.0341053197781
0.29869310205803323,661.1923346794187
0.29934690564535943,661.3518942666273
0.3000021403307856,661.5127509617206
0.30065880924681465,661.6748711491109
0.3013169155328066,661.8382207126169
0.30197646233499265,662.0027650307386
0.3026374528064912,662.1684689718925
0.3032998901073222,662.3352968896108
0.3039637774044225,662.5032126177006
0.3046291178716612,662.6721794653648
0.30529591468985423,662.8421602122855
0.30596417104678036,663.0131171036646
0.3066338901371959,663.1850118452298
0.3073050751628499,663.3578055981958
0.3079777293324999,663.5314589741891
0.30865185586192695,663.7059320301315
0.30932745797395095,663.8811842630797
0.3100045388984465,664.0571746050298
0.31068310187235754,664.2338614176754
0.3113631501397137,664.4112024871267
0.3120446869516451,664.5891550185855
0.31272771556639845,664.7676756309822
0.31341223924935224,664.9467203515638
0.3140982612730324,665.1262446104461
0.3147857849171284,665.3062032351169
0.3154748134685079,665.486550444899
0.3161653502212338,665.6672398453691
0.316857398476579,665.8482244227306
0.31755096154304246,666.0294565381449
0.3182460427363651,666.2108879220149
0.31894264537954564,666.3924696682259
0.31964077280285635,666.5741522283387
0.32034042834385923,666.7558854057405
0.32104161534742165,666.9376183497452
0.3217443371657326,667.11929954965
0.32244859715831853,667.3008768287457
0.32315439869205953,667.4822973382778
0.3238617451412054,667.6635075513616
0.3245706398873918,667.8444532568489
0.32528108631965635,668.025079553147
0.3259930878344548,668.2053308419884
0.3267066478356774,668.3851508221525
0.3274217697346652,668.5644824831378
0.32813845695022614,668.7432680987838
0.3288567129086516,668.9214492208441
0.3295765410437326,669.098966672508
0.3302979447967764,669.2757605418727
0.3310209276166229,669.4517701753628
0.33174549295966105,669.6269341711006
0.33247164428984544,669.8011903722221
0.3331993850787127,669.974475860143
0.33392871880539865,670.1467269477699
0.33465964895665407,670.3178791726614
0.335392179026862,670.4878672901325
0.33612631251805436,670.6572975304501
0.3368620529399284,670.8271008822433
0.3375994038098638,670.9972890667474
0.3383383686529394,671.1678669314059
0.33907895100195007,671.3388393778015
0.3398211543974233,671.5102113621393
0.34056498238763644,671.6819878957307
0.3413104385286339,671.8541740454788
0.34205752638424347,672.0267749343723
0.34280624952609395,672.1997957419803
0.343556611533632,672.3732417049519
0.344308615994139,672.5471181175184
0.3450622665027489,672.7214303320019
0.34581756666246466,672.8961837593249
0.34657452008417583,673.0713838695273
0.34733313038667574,673.2470361922832
0.3480934011966791,673.4231463174266
0.3488553361488387,673.5997198954761
0.34961893888576323,673.7767626381687
0.3503842130580349,673.9542803189931
0.3511511623242262,674.1322787737313
0.35191979035091814,674.3107639010003
0.35269010081271723,674.4897416628024
0.35346209739227336,674.6692180850763
0.35423578378029724,674.8491992582536
0.3550111636755781,675.0296913378205
0.3557882407850015,675.2107005448821
0.35656701882356673,675.3922331667331
0.357347501514405,675.5742955574314
0.35812969258879673,675.7568941383761
0.35891359578619,675.9400353988912
0.3596992148542178,676.1237258968139
0.36048655354871645,676.3079722590842
0.3612756156337432,676.4927811823441
0.3620664048815944,676.6781594335376
0.36285892507282375,676.8641138505166
0.36365317999625973,677.0506513426516
0.36444917344902433,677.237778891447
0.36524690923655107,677.4255035511619
0.3660463911726028,677.6138324494328
0.3668476230792907,677.8027727879061
0.3676506087870917,677.9923318428703
0.36845535213486735,678.1825169658955
0.369261856969882,678.373335584479
0.37007012714782117,678.5647952026942
0.3708801665328101,678.7569034018435
0.37169197899743206,678.9496678411189
0.37250556842274696,679.1430962582657
0.3733209386983098,679.3371964702521
0.37413809372218954,679.5319763739441
0.3749570374009875,679.7274439467843
0.37577777364985593,679.9236072474774
0.376600306392517,680.120474416681
0.37742463956128147,680.3180536776991
0.3782507770970674,680.5163533371859
0.3790787229494191,680.7153817858488
0.3799084810765258,680.9151474991623
0.38074005544524103,681.1156590380837
0.381573450031101,681.3169250497763
0.38240866881834407,681.5189542683366
0.3832457157999296,681.721755515529
0.3840845949775569,681.9253377015237
0.3849253103616848,682.1297098256432
0.38576786597155033,682.3348809771103
0.38661226583518826,682.5408603358069
0.3874585139894502,682.7476571730341
0.3883066144800239,682.9552808522809
0.38915657136145265,683.163740829998
0.3900083886971549,683.3730466563763
0.390862070559443,683.5832079761334
0.39171762102954355,683.7942345293045
0.3925750441976161,684.0061361520397
0.39343434416277323,684.2189227774082
0.3942955250331001,684.4326044362072
0.3951585909256738,684.6471912577774
0.3960235459665833,684.8626934708265
0.396890394290949,685.0791214042551
0.39775914004294277,685.2964854879934
0.39862978737580734,685.5147962538404
0.3995023404518766,685.7340643363113
0.40037680344259513,685.9543004734924
0.40125318052853837,686.1755155078994
0.40213147589943266,686.397720387345
0.40301169375417495,686.6209261658109
0.40389383830085324,686.8451440043298
0.40477791375676636,687.0703851718689
0.40566392434844445,687.2966610462253
0.40655187431166895,687.5239831149242
0.40744176789149306,687.7523629761264
0.40833360934226165,687.9818123395416
0.409227402927632,688.2123430273488
0.410123152920594,688.4439669751232
0.4110208636034906,688.6766962327704
0.4119205392680384,688.9105429654687
0.4128221842153478,689.1455194546168
0.413725802755944,689.381638098789
0.41463139920978753,689.6189114146988
0.4155389779062945,689.8573520381685
0.41644854318435787,690.096972725106
0.4173600993923677,690.3377863524904
0.4182736508882323,690.5798059193636
0.41918920203939897,690.8230445478293
0.42010675722287466,691.0675154840616
0.4210263208252472,691.3132320993172
0.42194789724270604,691.5602078909596
0.42287149088106346,691.8084564834885
0.4237971061557755,692.0579916295767
0.42472474749196304,692.308827211116
0.4256544193244332,692.5609772402705
0.4265861260977001,692.8144558605377
0.42751987226600663,693.069277347817
0.42845566229334536,693.3254561114877
0.42939350065348,693.5830066954932
0.43033339182996677,693.8419437794347
0.431275340316176,694.102282179673
0.4322193506153133,694.364036850437
0.43316542724044144,694.627222884943
0.4341135747145015,694.8918555165204
0.4350637975703351,695.1579501197458
0.4360161003507052,695.4255222115873
0.4369704876083189,695.6945874525559
0.43792696390584823,695.9651616478652
0.4388855338159525,696.2372607486012
0.43984620192130003,696.5109008528995
0.44080897281458997,696.7860982071314
0.44177385109857453,697.0628692071012
0.4427408413860806,697.3412303992477
0.4437099483000321,697.6211984818586
0.4446811764734719,697.9027903062936
0.44565453054958415,698.1860228782142
0.44663001518171636,698.4709133588256
0.4476076350334016,698.7574790661253
0.44858739477838094,699.0457374761619
0.4495692991006255,699.3357062243048
0.4505533526943594,699.6274031065216
0.4515395602640816,699.9208460806638
0.45252792652458873,700.2160532677659
0.45351845620099757,700.5130429533507
0.4545111540287674,700.8118335887448
0.4555060247537233,701.1124437924051
0.45650307313207805,701.4148923512565
0.4575023039304552,701.7191982220337
0.45850372192591204,702.0253805326402
0.45950733190596227,702.3334585835117
0.4605131386685987,702.6434518489937
0.46152114702231656,702.9553799787258
0.46253136178613624,703.269262799039
0.46354378778962624,703.5851203143625
0.4645584298729268,703.9029727086387
0.4655752928867722,704.2228403467534
0.46659438169251466,704.5447437759719
0.4676157011621473,704.8687037273879
0.4686392561783273,705.1947411173837
0.4696650516343997,705.5228770490987
0.4706930924344202,705.8531328139125
0.47172338349317894,706.1855298929338
0.47275592973622405,706.5200899585064
0.473790736099885,706.8568348757221
0.47482780753129644,707.1957867039446
0.47586714898842153,707.5369676983464
0.476908765440076,707.8804003114582
0.4779526618659514,708.2261071947261
0.4789988432566398,708.5750111305703
0.48004731461365646,708.9284548347777
0.4810980809494648,709.2864273615933
0.4821511472874997,709.6489040214298
0.4832065186621917,710.0158595829838
0.48426420011899146,710.3872682677004
0.4853241967143931,710.7631037441929
0.486386513515959,711.1433391226169
0.4874511556023439,711.5279469489982
0.4885181280633189,711.9168991995123
0.4895874359997963,712.3101672747177
0.4906590845238534,712.7077219937444
0.4917330787587573,713.1095335884294
0.49280942383898946,713.5155716974076
0.49388812491027,713.9258053601535
0.49496918712958243,714.340203010974
0.49605261566519826,714.7587324729519
0.4971384156967017,715.181360951838
0.4982265924150145,715.608055029897
0.49931715102242075,716.0387806596988
0.5004100967325917,716.4735031578616
0.5015054347706106,716.9121871987456
0.5026031703729981,717.3547968080891
0.5037033087877364,717.8012953565989
0.5048058552742954,718.2516455534848
0.5059108151036573,718.7058094399438
0.5070181935583418,719.1637483825896
0.5081279959324311,719.6254230668281
0.5092402275315959,720.0907934901808
0.5103548936731204,720.5598189555537
0.5114719996859273,721.0324580644493
0.5125915509106042,721.5086687101272
0.513713552699428,721.9884080707054
0.5148380104163918,722.4716326022088
0.5159649294372292,722.9582980315587
0.517094315149441,723.4483593495083
0.5182261729523208,723.9417708035188
0.5193605082569798,724.4384858905794
0.5204973264863744,724.938457349968
0.5216366330753307,725.441637155954
0.5227784334705711,725.9479765104439
0.5239227331307401,726.4574258355645
0.5250695375264308,726.9699347661881
0.5262188521402106,727.4854521423982
0.5273706824666475,728.0039260018922
0.5285250340123367,728.5253035723264
0.5296819122959264,729.0495312635959
0.5308413228481447,729.576554660055
0.5320032712118257,730.1063185126734
0.533167762941936,730.6387667311323
0.5343348036056016,731.1738423758533
0.5355043987821341,731.7114876499659
0.5366765540630576,732.2516438912103
0.5378512750521354,732.7942515637757
0.5390285673653966,733.3392502500718
0.5402084366311634,733.8865786424363
0.5413908884900774,734.4361745347758
0.5425759285951275,734.9879748141384
0.5437635626116755,735.541915452222
0.5449537962174845,736.0979314968116
0.5461466351027454,736.655957063151
0.5473420849701044,737.2159253252446
0.54854015153469,737.7777685070897
0.5497408405241404,738.3414178738396
0.5509441576786309,738.906803722897
0.5521501087509015,739.4738553749357
0.5533586995062842,740.0425011648503
0.5545699357227305,740.6126684326363
0.5557838231908394,741.1842835141964
0.5570003677138846,741.7572717320741
0.5582195751078424,742.3315573861139
0.55944145120142,742.9070637440468
0.5606660018360825,743.4837130320044
0.5618932328660816,744.0614264249527
0.5631231501584829,744.6401240370566
0.5643557595931947,745.2197249119614
0.5655910670629956,745.8001470130054
0.5668290784735625,746.3813072133453
0.5680697997434992,746.9631212860162
0.5693132368043653,747.5455038939014
0.570559395600703,748.1283685796299
0.5718082820900667,748.7116277553939
0.5730599022430515,749.2951926926835
0.5743142620433207,749.8789735119423
0.5755713674876359,750.4628791721432
0.5768312245858844,751.0468174602781
0.5780938393611087,751.630694980771
0.5793592178495348,752.214417144801
0.5806273661006014,752.7978881595478
0.5818982901769887,753.3810110173499
0.5831719961546473,753.9636874847786
0.5844484901228275,754.545818091624
0.585727778184108,755.1273021197997
0.5870098664544258,755.7080375921563
0.5882947610631042,756.2879212612099
0.5895824681528834,756.8668485977811
0.5908729938799493,757.4447137795456
0.5921663444139628,758.0214096794977
0.5934625259380896,758.5968278543183
0.5947615446490292,759.1708585326586
0.5960634067570456,759.7433906033289
0.5973681184859959,760.3149947644848
0.5986756860733605,760.8881023063276
0.599986115770273,761.4629326543019
0.60129941384155,762.0394776674897
0.6026155865657208,762.6177290430494
0.603934640235058,763.1976783146231
0.6052565811556072,763.7793168507335
0.6065814156472168,764.3626358531674
0.6079091500435689,764.947626355347
0.6092397906922093,765.5342792206858
0.6105733439545779,766.1225851409316
0.6119098162060386,766.7125346345
0.6132492138359106,767.3041180447877
0.6145915432474984,767.8973255384793
0.6159368108581228,768.4921471038352
0.617285023099151,769.0885725489677
0.6186361864160279,769.6865915001032
0.6199903072683066,770.2861933998325
0.6213473921296797,770.8873675053404
0.6227074474880095,771.4901028866307
0.6240704798453598,772.0943884247284
0.6254364957180265,772.7002128098723
0.6268055016365687,773.3075645396909
0.6281775041458406,773.9164319173669
0.6295525098050218,774.5268030497817
0.6309305251876495,775.1386658456491
0.6323115568816495,775.7520080136347
0.6336956114893677,776.3668170604554
0.6350826956276018,776.9830802889704
0.6364728159276329,777.6007847962505
0.6378659790352573,778.219917471637
0.6392621916108178,778.8404649947825
0.6406614603292363,779.4624138336759
0.642063791880045,780.0857502426543
0.643469192967419,780.7104602603954
0.6448776703102077,781.3365297078973
0.6462892306419675,781.9639441864399
0.6477038807109937,782.5926890755312
0.6491216272803527,783.2227495308377
0.6505424771279146,783.8541104820971
0.6519664370463853,784.4867566310139
0.6533935138433393,785.1206724491441
0.654823714341252,785.755842175752
0.6562570453775322,786.3922498156626
0.6576935138045553,787.029879137088
0.6591331264896955,787.6687136694397
0.6605758903153589,788.3087367011252
0.6620218121790165,788.9499312773244
0.6634708989932367,789.5922801977491
0.6649231576857193,790.2357660143881
0.6663785951993273,790.8803710292287
0.6678372184921213,791.526077291965
0.669299034537392,792.1728665976864
0.670764050323694,792.8207204845478
0.6722322728548789,793.4696202314225
0.6737037091501288,794.1195468555342
0.6751783662439903,794.7704811100742
0.6766562511864073,795.4224034817966
0.6781373710427555,796.0752941885951
0.6796217328938758,796.7291331770638
0.6811093438361082,797.383900120034
0.682600210981326,798.0395744140966
0.6840943414569689,798.696135177101
0.6855917424060783,799.3535612456367
0.6870924209873308,800.0118311724957
0.6885963843750722,800.6709232241133
0.6901036397593523,801.3308153779886
0.691614194345959,801.991485320089
0.6931280553564529,802.6529104422277
0.6946452300282017,803.3150678394277
0.6961657256144147,803.9779343072595
0.6976895493841776,804.6414863391618
0.6992167086224876,805.30570012374
0.7007472106302877,805.9705515420437
0.7022810627245015,806.6360161648228
0.7038182722380689,807.302069249762
0.7053588465199805,807.9686857386959
0.706902792935313,808.6358402547994
0.7084501188652645,809.3035070997581
0.7100008317071895,809.9716602509169
0.7115549388746346,810.6402733584058
0.7131124477973734,811.3093197422427
0.7146733659214429,811.9787723894161
0.7162377007091781,812.6486039509425
0.7178054596392488,813.3187867389032
0.7193766502066938,813.9892927234572
0.7209512799229586,814.6600935298287
0.7225293563159296,815.3311604352774
0.7241108869299714,816.0027751292645
0.7256958793259619,816.6754206991111
0.7272843410813291,817.3491038083404
0.7288762797900871,818.0238248285492
0.7304717030628721,818.6995841238651
0.7320706185269796,819.3763820508905
0.7336730338263998,820.0542189586522
0.735278956621855,820.7330951885482
0.7368883945908359,821.4130110742941
0.738501355427638,822.0939669418702
0.7401178468433992,822.775963109467
0.7417378765661357,823.4589998874313
0.7433614523407797,824.1430775782126
0.7449885819292159,824.8281964763077
0.7466192731103192,825.5143568682057
0.7482535336799911,826.201559032334
0.7498913714511977,826.8898032390009
0.7515327942540067,827.5790897503432
0.7531778099356246,828.2694188202652
0.754826426360435,828.9607906943878
0.7564786514100352,829.6532056099871
0.7581344929832748,830.346663795942
0.7597939589962929,831.0411654726736
0.7614570573825558,831.736710852088
0.7631237960928956,832.4333001375207
0.7647941830955476,833.1309335236771
0.7664682263761887,833.8296111965742
0.7681459339379756,834.5293333334815
0.7698273138015826,835.2301001028638
0.7715123740052409,835.9319116643192
0.7732011226047756,836.6347681685224
0.7748935676736458,837.338669757163
0.7765897173029822,838.0436165628853
0.7782895796016258,838.7496087092298
0.7799931626961671,839.456646310569
0.7817004747309848,840.1647294720499
0.7834115238682844,840.8738582895297
0.7851263182881377,841.5840328495166
0.7868448661885218,842.2952532291059
0.7885671757853578,843.0075194959181
0.790293255312551,843.7208317080364
0.7920231130220293,844.4351899139435
0.7937567571837832,845.1505941524596
0.7954941960859055,845.867044452676
0.7972354380346303,846.584540833894
0.7989804913543731,847.3030833055589
0.8007293643877706,848.0226718671962
0.8024820654957209,848.7433065083458
0.8042386030574223,849.4649872084981
0.805998985470415,850.1877139370276
0.8077632211506199,850.9114866531256
0.8095313185323795,851.6363053057374
0.8113032860684982,852.362169833492
0.8130791322302823,853.089080164638
0.814858865507581,853.8170362169736
0.8166424944088267,854.5460378977826
0.8184300274610758,855.2760851037629
0.8202214732100492,856.0071777209602
0.8220168402201737,856.7393156246982
0.8238161370746224,857.4724986795117
0.8256193723753559,858.2067267390744
0.8274265547431635,858.9419996461311
0.8292376928177045,859.6783172324278
0.8310527952575494,860.4156793186398
0.832871870740221,861.1540857143024
0.8346949279622363,861.8935362177394
0.8365219756391481,862.6340306159908
0.8383530225055865,863.3755686847431
0.8401880773153003,864.1181501882542
0.8420271488411997,864.8617748792836
0.8438702458753974,865.606442499017
0.845717377229251,866.3521527769959
0.8475685517334054,867.0989054310412
0.8494237782378345,867.8467001671808
0.8512830656118838,868.5955366795749
0.8531464227443126,869.3454146504407
0.8550138585433369,870.0963337499788
0.8568853819366714,870.8482936362949
0.8587610018715729,871.6012939553275
0.8606407273148824,872.3553343407681
0.8625245672530681,873.1104144139878
0.8644125306922691,873.8665337839574
0.8663046266583371,874.6236920471721
0.8682008641968809,875.3818887875728
0.8701012523733088,876.1411235764676
0.8720058002728723,876.9013959724543
0.8739145170007093,877.6627055213404
0.8758274116818878,878.4250517560642
0.8777444934614498,879.188434196614
0.879665771504454,879.9528523499514
0.8815912549960212,880.7183057099257
0.8835209531413766,881.4847937571964
0.8854548751658949,882.2523159591515
0.887393030315144,883.020871769824
0.8893354278549293,883.7904606298123
0.8912820770713377,884.561081966195
0.8932329872707825,885.3327351924501
0.8951881677800474,886.1054197083696
0.8971476279463317,886.8791348999778
0.8991113771372942,887.653880139444
0.9010794247410986,888.4296547850031
0.9030517801664579,889.2065051822983
0.9050284528426802,889.9846117995268
0.9070094522197126,890.763988529009
0.9089947877681875,891.5446307463385
0.9109844689794672,892.326533748296
0.9129785053656893,893.1096927521387
0.9149769064598124,893.894102894882
0.916979681815662,894.6797592325772
0.9189868410079753,895.4666567395815
0.9209983936324477,896.2547903078255
0.9230143493057783,897.0441547460723
0.925034717665716,897.8347447791715
0.9270595083711058,898.626555047309
0.9290887311019347,899.4195801052493
0.9311223955593777,900.213814421572
0.9331605114658449,901.0092523779047
0.9352030885650275,901.8058882681458
0.9372501366219445,902.6037162976875
0.9393016654229892,903.4027305826245
0.9413576847759763,904.2029251489653
0.9434182045101885,905.0042939318325
0.9454832344764239,905.8068307746564
0.9475527845470425,906.6105294283662
0.949626864616014,907.4153835505709
0.9517054845989645,908.2213867047375
0.9537886544332246,909.0285323593602
0.9558763840778762,909.836813887124
0.9579686835138007,910.6462245640644
0.9600655627437262,911.4567575687151
0.9621670317922758,912.2684059812565
0.9642731007060152,913.0811627826505
0.9663837795535011,913.8950208537741
0.9684990784253283,914.7099729745429
0.9706190074341797,915.5260118230306
0.9727435767148731,916.3431299745795
0.9748727964244102,917.1613199009072
0.9770066767420253,917.9805739692019
0.9791452278692339,918.8008844412151
0.9812884600298811,919.6222434723461
0.9834363834701912,920.4446431107177
0.9855890084588159,921.2680752962489
0.987746345286884,922.0925318597157
0.98990840426805,922.9180045218083
0.9920751957385444,923.7444848921801
0.9942467300572219,924.5719644684896
0.9964230176056116,925.4004346354343
0.9986040687879667,926.2298866637777
1.000789894031314,927.0603117093702
1.0029805037855037,927.8917008121607
1.0051759085232597,928.7240448952015
1.0073761187402293,929.5573347636458
1.0095811449550334,930.3915611037374
1.0117909977093174,931.2267144817936
1.0140056875678003,932.0627853431786
1.0162252251183268,932.8997640112711
1.0184496209719165,933.7376406864236
1.020678885762816,934.5764054449114
1.022913030148548,935.4160482378788
1.0251520648099643,936.2565588902726
1.027396000451295,937.0979270997688
1.029644847800201,937.940142435694
1.0318986176078242,938.7831943379338
1.0341573206488404,939.627072115838
1.0364209677215086,940.4717649471127
1.0386895696477252,941.3172618767097
1.0409631372730737,942.1635518157012
1.0432416814668772,943.0106235401519
1.045525213122251,943.8584656899776
1.0478137431561536,944.7070667677999
1.0501072825094397,945.5564151377893
1.0524058421469125,946.4064990244991
1.054709433057375,947.2573065116941
1.057018066253684,948.108825541166
1.0593317527728023,948.9610439115436
1.061650503675851,949.8139492770933
1.0639743300481623,950.6675291465081
1.0663032429993338,951.5217708816905
1.0686372536632798,952.3766616965246
1.070976373198286,953.232188655642
1.0733206127870618,954.0883386731723
1.0756699836367944,954.9450985114925
1.0780244969792026,955.8024547799581
1.0803841640705891,956.6603939336326
1.0827489961918968,957.5189022720033
1.0851190046487595,958.3779659376893
1.0874942007715591,959.2375709151358
1.0898745959154779,960.0977030293063
1.0922602014605527,960.9583479443577
1.0946510288117308,961.8199345385177
1.0970470893989233,962.683190835739
1.0994483946770595,963.548100295859
1.1018549561261426,964.414633649838
1.1042667852513044,965.2827612108224
1.1066838935828593,966.1524528703009
1.1091062926763613,967.023678094226
1.111533994112657,967.8964059191155
1.1139670094979428,968.77060494811
1.1164053504638192,969.6462433470098
1.1188490286673476,970.5232888402751
1.1212980557911043,971.4017087069972
1.1237524435432384,972.2814697768353
1.126212203657526,973.1625384259255
1.1286773478934273,974.0448805727543
1.131147888036143,974.9284616739992
1.1336238358966693,975.8132467203413
1.1361052033118557,976.6992002322393
1.1385920021444613,977.5862862556742
1.1410842442832114,978.4744683578595
1.143581941642854,979.3637096229176
1.1460851061642172,980.2539726475214
1.1485937498142664,981.145219536506
1.1511078845861606,982.0374118984398
1.153627522499311,982.9305108411656
1.156152675599438,983.8244769673065
1.1586833559586278,984.7192703697339
1.1612195756753916,985.6148506270027
1.1637613468747228,986.5111767987516
1.166308681708155,987.4082074210636
1.1688615923538195,988.3059005017948
1.1714200910165047,989.2042135158644
1.1739841899277137,990.1031034005081
1.1765539013457227,991.0025265504967
1.1791292375556397,991.9024388133136
1.1817102108694637,992.8027954842984
1.1842968336261432,993.7035513017519
1.186889118191635,994.6046604420027
1.1894870769589634,995.5060765144332
1.1920907223482797,996.407752556473
1.1947000668069214,997.3096410285478
1.1973151228094718,998.2116938089908
1.1999359028578194,999.1138621889164
1.2025624194812183,1000.0160968670535
1.205194685236347,1000.9183479445352
1.2078327127073696,1001.8205649196551
1.2104765145059952,1002.722696682577
1.2131261032715384,1003.624691510007
1.2157814916709795,1004.5264970598221
1.2184426923990261,1005.4280603656607
1.2211097181781723,1006.3293278314682
1.2237825817587604,1007.2302452260025
1.226461295919042,1008.1307576772949
1.229145873465238,1009.0308096670722
1.2318363272316015,1009.9303450251309
1.2345326700804775,1010.8293069236736
1.2372349149023658,1011.7276378715959
1.2399430746159814,1012.6252797087352
1.2426571621683171,1013.5221736000702
1.2453771905347053,1014.4182600298805
1.2481031727188792,1015.3134787958567
1.2508351217530365,1016.2077690031698
1.2535730506979,1017.1010690584908
1.2563169726427816,1017.9933166639685
1.2590669007056436,1018.8844488111587
1.2618228480331621,1019.7744017749061
1.26458482780079,1020.663111107183
1.2673528532128193,1021.5505116308763
1.2701269375024449,1022.4365374335314
1.272907093931827,1023.3211218610442
1.2756933357921563,1024.2041975113073
1.278485676403715,1025.0856962278083
1.2812841291159425,1025.9655490931755
1.2840887073074985,1026.8436864226794
1.2868994243863268,1027.720115693044
1.28971629378972,1028.595130790331
1.2925393289843827,1029.468798299655
1.295368543466497,1030.3411537129657
1.2982039507617864,1031.212233115468
1.3010455644255805,1032.0820731914619
1.30389339804288,1032.9507112302308
1.3067474652284214,1033.8181851319844
1.3096077796267427,1034.684533413841
1.3124743549122475,1035.549795215865
1.3153472047892714,1036.4140103071506
1.3182263429921472,1037.2772190919557
1.3211117832852703,1038.1394626158872
1.3240035394631653,1039.000782572133
1.3269016253505503,1039.8612213077497
1.329806054802405,1040.720821829997
1.3327168417040356,1041.5796278127243
1.335633999971142,1042.437683602812
1.338557543549883,1043.2950342266606
1.3414874864169448,1044.1517253967363
1.3444238425796067,1045.0078035181687
1.3473666260758077,1045.8633156953972
1.3503158509742148,1046.7183097388795
1.3532715313742893,1047.5728341718468
1.356233681406355,1048.426938237118
1.3592023152316648,1049.280671903967
1.3621774470424688,1050.1340858750452
1.3651590910620826,1050.987231593361
1.368147261544955,1051.8401612493149
1.371141972776736,1052.692927787791
1.3741432390743449,1053.5455849153038
1.377151074786039,1054.3981871072083
1.380165494291483,1055.2507896149611
1.3831865120018163,1056.1034484734419
1.3862141423597223,1056.9562205083369
1.3892483998394987,1057.8091633435788
1.3922892989471245,1058.662335408844
1.3953368542203317,1059.5157959471153
1.3983910802286728,1060.3696050223014
1.401451991573592,1061.2238235269172
1.4045196028884936,1062.0785131898274
1.4075939288388135,1062.9337365840515
1.4106749841220876,1063.78955713463
1.4137627834680235,1064.6460391265525
1.4168573416385706,1065.5032477127534
1.4199586734279899,1066.3612489221666
1.4230667936629253,1067.220109667846
1.426181717202475,1068.0798977551522
1.4293034589382614,1068.940681890001
1.4324320337945033,1069.8025316871815
1.4355674567280865,1070.6655176787353
1.438709742728636,1071.5297113224083
1.4418589068185867,1072.395185010165
1.4450149640532568,1073.2620120767701
1.4481779295209178,1074.1302668084427
1.451347818342868,1075.0000244515734
1.454524645673505,1075.8713612215156
1.4577084267003966,1076.744354311441
1.460899176644355,1077.6190819012706
1.4640969107595085,1078.4956231666724
1.4673016443333755,1079.3740582881321
1.4705133926869363,1080.2544684600941
1.4737321711747073,1081.1369359001758
1.4769579951848142,1082.021543858454
1.4801908801390653,1082.9083766268245
1.4834308414930255,1083.797519548436
1.48667789473609,1084.6890590271973
1.4899320553915583,1085.5830825373603
1.4931933390167091,1086.4796786331774
1.4964617612028737,1087.3789369586366
1.4997373375755108,1088.2809482572695
1.5030200837942818,1089.1858043820414
1.5063100155531248,1090.0935983053137
1.5096071485803306,1091.00442412889
1.5129114986386167,1091.918377094134
1.516223081525204,1092.8355535921753
1.519541913071891,1093.7560511741872
1.5228680091451308,1094.6799685617489
1.5262013856461052,1095.6074056572895
1.529542058510803,1096.5384635546102
1.5328900437100945,1097.473244549494
1.5362453572498078,1098.4116468375014
1.539608015170807,1099.3528560207421
1.5429780335490664,1100.2967572701696
1.5463554284957497,1101.2433285885252
1.5497402161572855,1102.192547606406
1.5531324127154456,1103.1443915786986
1.556532034387421,1104.098837380992
1.5599390974259002,1105.0558615059542
1.563353618119148,1106.0154400596857
1.566775612791081,1106.9775487580398
1.5702050978013478,1107.942162922918
1.5736420895454055,1108.90925747853
1.5770866044545997,1109.8788069476282
1.5805386589962418,1110.8507854477118
1.583998269673688,1111.8251666871963
1.5874654530264192,1112.8019239615599
1.5909402256301182,1113.7810301494505
1.5944226040967509,1114.7624577087702
1.597912605074644,1115.7461786727217
1.6014102452485661,1116.7321646458267
1.6049155413398066,1117.7203867999137
1.6084285101062554,1118.7108158700692
1.611949168342484,1119.7034221505628
1.6154775328798248,1120.6981754907342
1.619013620586452,1121.6950452908522
1.6225574483674625,1122.694000497938
1.6261090331649564,1123.6950096015569
1.6296683919581174,1124.698040629575
1.6332355417632958,1125.7030611438847
1.6368104996340875,1126.710038236094
1.6403932826614172,1127.7189385231834
1.6439839079736198,1128.7297281431279
1.6475823927365219,1129.7423727504831
1.6511887541535237,1130.7568375119406
1.654803009465682,1131.7730871018412
1.6584251759517923,1132.791085697661
1.662055270928471,1133.8107969754558
1.6656933117502386,1134.8321841052725
1.6693393158096026,1135.855209746523
1.672993300537141,1136.879836043323
1.6766552834015842,1137.9060246197912
1.6803252819099008,1138.933736575318
1.6840033136073793,1139.9629324797895
1.6876893960777133,1140.9935723687784
1.6913835469430845,1142.025615738696
1.6950857838642475,1143.0590215419063
1.6987961245406145,1144.0937481818014
1.7025145867103393,1145.12975350784
1.7062411881504027,1146.1669948105439
1.7099759466766968,1147.2054288164586
1.7137188801441112,1148.2450116830742
1.7174700064466168,1149.2856989937013
1.7212293435173533,1150.3274457523157
1.7249969093287132,1151.3702063783562
1.7287727218924283,1152.4139347014825
1.7325567992596567,1153.4585839562965
1.7363491595210674,1154.5041067770171
1.7401498208069288,1155.5504551921165
1.7439588012871932,1156.597580618914
1.7477761191715855,1157.6454338581289
1.7516017927096892,1158.693965088388
1.755435840191034,1159.743123860694
1.7592782799451832,1160.7928590928468
1.7631291303418213,1161.8431190638278
1.7669884097908424,1162.8938514081328
1.7708561367424367,1163.9450031100664
1.77473232968718,1164.996520497991
1.7786170071561223,1166.0483492385288
1.7825101877208755,1167.1004343307236
1.7864118899937018,1168.152720100152
1.790322132627605,1169.2051501929918
1.7942409343164172,1170.2576675700466
1.7981683137948885,1171.3102145007183
1.802104289838778,1172.3627325569407
1.8060488812649425,1173.415162607057
1.8100021069314265,1174.4674448096594
1.8139639857375527,1175.5195186073752
1.8179345366240123,1176.5713227206058
1.8219137785729547,1177.6227951412195
1.8259017306080794,1178.6738731261926
1.829898411794727,1179.724493191205
1.833903841239969,1180.7745911041848
1.837918038092701,1181.824101878801
1.841941021543732,1182.8729597679107
1.8459728108258784,1183.9210982569507
1.8500134252140545,1184.9684500572846
1.8540628840253655,1186.0149470994913
1.8581212066191986,1187.0605205266095
1.862188412397317,1188.1058859290974
1.8662645208039523,1189.1524393535385
1.8703495513258968,1190.2001932450241
1.874443523492597,1191.249129367648
1.8785464568762469,1192.2992292482948
1.8826583710918823,1193.3504741745594
1.8867792857974737,1194.4028451926495
1.8909092206940203,1195.456323105275
1.8950481955256446,1196.5108884695173
1.8991962300796867,1197.5665215946863
1.903353344186799,1198.623202540155
1.9075195577210404,1199.6809111131865
1.911694890599972,1200.7396268667342
1.9158793627847521,1201.7993290972333
1.9200729942802313,1202.8599968423728
1.924275805135049,1203.9216088788455
1.928487815441728,1204.98414372009
1.932709045336772,1206.0475796140095
1.9369395150007602,1207.1118945406715
1.9411792446584453,1208.1770662099966
1.9454282545788497,1209.2430720594225
1.9496865650753619,1210.309889251557
1.9539541965058338,1211.3774946718054
1.9582311692726788,1212.4458649259877
1.9625175038229683,1213.514976337932
1.9668132206485303,1214.5848049470512
1.9711183402860466,1215.655326505905
1.9754328833171515,1216.7265164777332
1.9797568703685295,1217.7983500339844
1.9840903221120159,1218.8708020518138
1.9884332592646927,1219.9438471115675
1.99278570258899,1221.0174594942478
1.9971476728927835,1222.091613178958
2.0015191910294954,1223.166281840327
2.0059002778981947,1224.2414388459179
2.0102909544436938,1225.3170572536114
2.014691241656652,1226.3931098089752
2.0191011605736744,1227.469568942609
2.023520732277413,1228.5464067674714
2.027949977896667,1229.6235950761877
2.0323889186064847,1230.7011053383337
2.036837575628262,1231.778908697703
2.0412959702298483,1232.8569759695522
2.045764123725645,1233.9352776378223
2.0502420574767073,1235.0137838523437
2.054729792890848,1236.092464426018
2.0592273514227393,1237.1712888319782
2.063734754574014,1238.2502262007285
2.068252023893371,1239.3292453172612
2.0727791809766756,1240.4083146181522
2.0773162474670643,1241.4874021886355
2.0818632450550476,1242.5664757596578
2.0864201954786132,1243.6455027049024
2.090987120523333,1244.7244500378017
2.095564042022463,1245.8032844085208
2.100150981857049,1246.8819721009174
2.1047479619560336,1247.9604790294843
2.109355004296359,1249.0387707362643
2.113972130903071,1250.116812387743
2.118599363849427,1251.1945687717198
2.123236725256999,1252.2720042941528
2.1278842372957807,1253.349082975982
2.132541922184294,1254.4257684499296
2.1372098021896946,1255.5020239572725
2.141887899627877,1256.577812344594
2.1465762368635835,1257.6530960605112
2.15127483631051,1258.7278371523744
2.1559837204314136,1259.8019972629465
2.160702911738219,1260.8755376270542
2.1654324327921275,1261.9484190682135
2.1701723062037237,1263.020601995236
2.1749225546330844,1264.0920463988002
2.1796832007898863,1265.1627118480073
2.1844542674335155,1266.2325574869026
2.1892357773731748,1267.3015420309755
2.194027753467994,1268.3696237636354
2.198830218627139,1269.4367605326545
2.2036431958099216,1270.5029097465915
2.2084667080259073,1271.5680283711806
2.2133007783350283,1272.6320729257052
2.2181454298476906,1273.69499947933
2.2230006857248887,1274.757090048273
2.2278665691783113,1275.8189429811594
2.2327431034704555,1276.8805819212296
2.237630311914738,1277.942016798175
2.2425282178756043,1279.0032577506306
2.2474368447686435,1280.064315128384
2.252356216060698,1281.1251994946049
2.2572863552699753,1282.1859216280902
2.262227285966163,1283.246492525534
2.267179031770539,1284.3069234038112
2.272141616356086,1285.36722570228
2.277115063447604,1286.4274110851093
2.282099396821822,1287.4874914436189
2.287094640307516,1288.5474788986478
2.2921008177856192,1289.6073858029297
2.297117953189337,1290.6672247435044
2.302146070504262,1291.7270085441335
2.307185193768489,1292.7867502677486
2.312235347072728,1293.8464632189116
2.3172965545604223,1294.9061609463015
2.3223688404278606,1295.9658572452195
2.327452228924296,1297.025566160113
2.3325467443520598,1298.0853019871245
2.3376524110666765,1299.145079276658
2.3427692534769857,1300.2049128359708
2.347897296045251,1301.2648177317828
2.353036563287284,1302.32480929291
2.3581870797725557,1303.3849031129191
2.3633488701243204,1304.4451150528039
2.3685219590197257,1305.5054612436836
2.373706371189938,1306.5659580895272
2.378902131420255,1307.626622269892
2.384109264550227,1308.6874707426932
2.3893277954737764,1309.748520746994
2.3945577491393135,1310.8097898058159
2.399799150549859,1311.8712957289745
2.4050520247631613,1312.9330566159385
2.410316396891818,1313.9950908587132
2.4155922921033954,1315.0574171447452
2.4208797356205474,1316.120054459853
2.4261787527211385,1317.1830220911813
2.4314893687383625,1318.2463396301794
2.436811609060866,1319.3100269756035
2.4421454991328657,1320.3741043365458
2.4474910644542756,1321.4385922354834
2.4528483305808235,1322.5035115113608
2.4582173231241775,1323.568883322687
2.4635980677520664,1324.634729150667
2.4689905901884006,1325.7010708023538
2.4743949162133996,1326.7679304138285
2.4798110716637116,1327.8353304534041
2.485239082432537,1328.903293724858
2.4906789744697564,1329.9718433706894
2.4961307737820486,1331.0410028754031
2.501594506433019,1332.1107960688212
2.5070701985433237,1333.1812471294193
2.512557876290792,1334.2523805876945
2.5180575659105564,1335.324221329554
2.523569293695172,1336.396794599739
2.529093085994747,1337.4701260052677
2.5346289692170654,1338.5442415189161
2.540176969827716,1339.6191674827176
2.545737114350217,1340.6949306114968
2.5513094293661442,1341.7715579964301
2.5568939415152556,1342.8490771086358
2.5624906774956213,1343.9275158027913
2.5680996640637517,1345.0069023207811
2.573720928034722,1346.0872652953765
2.5793544962823036,1347.1686337539384
2.585000395739091,1348.2510371221563
2.590658653396629,1349.334505227816
2.596329296305549,1350.4190683045945
2.6020123515756866,1351.5047569958897
2.6077078463762224,1352.5916023586778
2.6134158079358043,1353.6796358674032
2.6191362635426816,1354.7688894178991
2.624869240544835,1355.8593953313398
2.6306147663501047,1356.951186358224
2.6363728684263252,1358.0442956823933
2.6421435743014534,1359.1387569250758
2.6479269115637036,1360.2346041489711
2.6537229078616753,1361.3318718623593
2.6595315909044888,1362.4305950232504
2.6653529884619154,1363.530809043561
2.6711871283645117,1364.6325497933294
2.6770340385037525,1365.7358536049585
2.6828937468321628,1366.8407572774975
2.688766281363453,1367.9472980809574
2.6946516701726524,1369.0555137606561
2.700549941396241,1370.1654425416057
2.70646112323229,1371.277123132927
2.7123852439405898,1372.3905947323049
2.7183223318427894,1373.505897030476
2.7242724153225293,1374.6230702157513
2.73023552282558,1375.7421549785806
2.7362116828599756,1376.8631925161458
2.742200923996151,1377.9862245369911
2.7482032748670786,1379.1112932657015
2.754218764168404,1380.2384414475987
2.760247420658585,1381.3677123534912
2.7662892731590287,1382.4991497844553
2.772344350554228,1383.6326596029583
2.7784126817919,1384.7676242938835
2.7844942958831265,1385.9039548810665
2.7905892219024895,1387.0416405441385
2.7966974889882135,1388.1806703198934
2.802819126342301,1389.3210331010666
2.808954163230676,1390.4627176351091
2.8151026289833214,1391.605712522944
2.8212645529944194,1392.750006217719
2.827439964722494,1393.8955870235516
2.833628893690549,1395.0424430942587
2.8398313694862107,1396.190562432079
2.8460474217618703,1397.3399328863914
2.8522770802348236,1398.4905421524138
2.8585203746874144,1399.6423777698983
2.8647773349671755,1400.7954271218196
2.8710479909869737,1401.9496774330453
2.877332372725151,1403.105115769001
2.8836305102256685,1404.2617290343255
2.88994243359825,1405.4195039715178
2.8962681730185253,1406.5784271595674
2.902607758728176,1407.7384850125804
2.9089612210350784,1408.8996637783946
2.9153285903134494,1410.0619495371811
2.9217098970039914,1411.2253282000363
2.928105171614038,1412.3897855075693
2.9345144447176996,1413.5553070284684
2.9409377469560094,1414.7218781580655
2.947375109037071,1415.8894841168858
2.953826561736203,1417.0581099491874
2.960292135896089,1418.2277405214916
2.9667718624269233,1419.3983605210979
2.9732657723065574,1420.5699544545942
2.9797738965806517,1421.742506646349
2.98629626636282,1422.9160012369998
2.992832912834782,1424.0904221819233
2.9993838672465087,1425.2657532496978
3.0059491609163747,1426.4419780205558
3.012528825231306,1427.6190798848197
3.0191228916469313,1428.7970420413312
3.025731391687733,1429.9758474958671
3.032354356947194,1431.1554790595414
3.038991819087954,1432.3359193471993
3.0456438098419585,1433.517150775795
3.052310361010608,1434.6991555627626
3.0589915044649154,1435.8819157243697
3.0656872721456536,1437.065413074062
3.072397696063511,1438.2496292207943
3.079122808299243,1439.4345455673506
3.0858626410038257,1440.620143308651
3.092617226398611,1441.806403430043
3.099386596775479,1442.9933067055865
3.1061707844969915,1444.1808336963202
3.11296982199655,1445.3689647485191
3.1197837417785483,1446.5576799919368
3.126612576418528,1447.7469593380347
3.1334563585633353,1448.936782478202
3.1403151209312754,1450.1271288819553
3.1471888963122705,1451.3179777951323
3.1540777175680175,1452.509308238069
3.160981617632141,1453.701099003761
3.167900629510355,1454.8933286560164
3.1748347862806194,1456.085975527591
3.1817841210932962,1457.2790177183108
3.188748667171312,1458.4724330931826
3.195728457810311,1459.6661992804875
3.2027235263788207,1460.8602936698624
3.2097339063184083,1462.0546934103677
3.2167596311438373,1463.2493754085376
3.2238007344432353,1464.4443163264234
3.2308572498782464,1465.6394925796108
3.237929211184199,1466.8348803352344
3.245016652170263,1468.0304555099717
3.252119606719612,1469.2261937680203
3.259238108789587,1470.4220705190662
3.266372192411856,1471.6180609162327
3.2735218916925795,1472.8141398540156
3.2806872408125733,1474.0102819662036
3.287868274027468,1475.2064616237826
3.2950650256678773,1476.4026529328273
3.302277530139562,1477.5988297323706
3.3095058219235907,1478.7950720375866
3.316749935576508,1479.9918705670837
3.3240099057304975,1481.1892923791331
3.3312857670935503,1482.387340181272
3.3385775544496292,1483.586016759266
3.3458853026588327,1484.7853249780374
3.353209046657566,1485.9852677826009
3.3605488214587047,1487.1858481990005
3.367904662151764,1488.3870693352662
3.3752766039030666,1489.588934382367
3.382664681955908,1490.791446615177
3.3900689316307293,1491.9946093934577
3.3974893883252824,1493.1984261628343
3.404926087514801,1494.4029004557922
3.4123790647521712,1495.6080358926795
3.419848355668097,1496.8138361827143
3.427333995971278,1498.0203051250057
3.434836021448571,1499.2274466095805
3.44235446796517,1500.4352646184213
3.449889371464773,1501.6437632265133
3.4574407679697514,1502.8529466028979
3.46500869358133,1504.0628190117363
3.47259318447975,1505.2733848133869
3.48019427692445,1506.4846484654847
3.487812007254237,1507.696614524038
3.4954464118874555,1508.9092876445245
3.5030975273221694,1510.1226725830084
3.510765390136329,1511.336774197259
3.5184500369879523,1512.5515974478828
3.5261515046152967,1513.7671473994621
3.533869829837033,1514.983429221711
3.5416050495524263,1516.2004481906276
3.54935720074151,1517.4182096896734
3.557126320465259,1518.6367192109487
3.564912445865775,1519.855982356385
3.5727156141664547,1521.0760048389473
3.5805358626721753,1522.2967924838422
3.5883732287694703,1523.518351229745
3.5962277499267046,1524.7406871300284
3.6040994636942614,1525.9638063540065
3.6119884077047124,1527.1877151881893
3.619894619673006,1528.412420037546
3.6278181373966443,1529.6379274267829
3.6357589987558603,1530.864244001623
3.6437172417138064,1532.091376530114
3.651692904316728,1533.319331903926
3.6596860246941514,1534.5481171396768
3.6676966410590652,1535.7777393802628
3.6757247917080975,1537.0082058961964
3.683770515021708,1538.2395240869653
3.691833849464362,1539.4717014823925
3.6999148335847223,1540.7047457440178
3.70801350601583,1541.9386646664814
3.7161299054752863,1543.173466178926
3.724264070765445,1544.4091583464099
3.7324160407735887,1545.6457493713276
3.740585854472124,1546.8832475948493
3.7487735509187616,1548.1216614983673
3.756979169256704,1549.360999704955
3.7652027487148363,1550.6012709808417
3.7734443286079062,1551.842484236896
3.781703948336722,1553.0846485301252
3.7899816473883328,1554.3277730651828
3.7982774653362195,1555.5718671958934
3.8065914418404865,1556.8169404267885
3.81492361664805,1558.0630024146517
3.823274029592823,1559.310062970086
3.8316427205959167,1560.5581320590827
3.8400297296658192,1561.807219804612
3.848435096898595,1563.0573364882239
3.8568588624780755,1564.3084925516632
3.8653010666760457,1565.5606985984964
3.8737617498524446,1566.8139653957535
3.8822409524555517,1568.0683038755826
3.8907387150221844,1569.3237251369214
3.899255078177891,1570.580240447178
3.9077900826371414,1571.837861243927
3.9163437692035283,1573.0965991366254
3.924916178769955,1574.3564659083308
3.933507352318837,1575.6174735174482
3.9421173309222954,1576.8796340994793
3.9507461557423516,1578.1429599687924
3.9593938680311274,1579.4074636204073
3.9680605091310386,1580.6731577317912
3.976746120474997,1581.940055164673
3.985450743586606,1583.208168966871
3.994174420080355,1584.4775123741351
4.00291719166183,1585.7480988120071
4.011679100127897,1587.020071641063
4.0204601873669175,1588.293694312439
4.0292604953589395,1589.5689597290414
4.038080066175897,1590.8458525474375
4.046918941981819,1592.1243572159958
4.055777165033022,1593.4044579730594
4.064654777678323,1594.6861388451066
4.07355182235923,1595.9693836449042
4.08246834161015,1597.254175969637
4.091404378058598,1598.5404991990274
4.100359974425391,1599.8283364934462
4.109335173524857,1601.117670791995
4.118330018265044,1602.4084848105886
4.127344551647913,1603.7007610400162
4.136378816769557,1604.9944817439853
4.145432856820402,1606.289628957155
4.1545067150854065,1607.586184483155
4.16360043494428,1608.8841298925831
4.1727140598716845,1610.183446520997
4.181847633437439,1611.48411546688
4.191001199306737,1612.7861175896016
4.200174801240347,1614.089433507358
4.209368483094823,1615.394043595091
4.218582288822719,1616.6999279824038
4.227816262472794,1618.0070665514497
4.237070448190227,1619.3154389348106
4.246344890216821,1620.6250245133604
4.255639632891223,1621.9358024141043
4.264954720649129,1623.2477515080109
4.274290198023503,1624.560850407826
4.283646109644785,1625.8750774658633
4.2930225002411015,1627.190410771787
4.302419414638491,1628.5068281503707
4.311836897761105,1629.8243071592456
4.32127499463143,1631.1428250866252
4.330733750370505,1632.4623589490204
4.340213210198127,1633.7828854889274
4.34971341943308,1635.104381172508
4.35923442349334,1636.4268221872476
4.368776267896302,1637.7501844395945
4.378338998258992,1639.0744435525833
4.387922660298284,1640.399574863443
4.397527299831124,1641.7255534211802
4.407152962774743,1643.0523539841502
4.4167996951468815,1644.3799510176061
4.426467543066006,1645.708318691235
4.43615655275153,1647.0374308766657
4.445866770524039,1648.367261144968
4.4555982428055065,1649.6977827641301
4.465351016119517,1651.028968696509
4.475125137091493,1652.3607915962775
4.484920652448911,1653.693223806834
4.494737609021529,1655.0262373582111
4.504576053741614,1656.3598039644487
4.514436033644156,1657.6938950209567
4.524317595867103,1659.0284816018564
4.53422078765158,1660.363534457298
4.544145656342119,1661.699024010768
4.554092249386883,1663.0349203563599
4.564060614337893,1664.3711932560432
4.574050798851256,1665.7078121368968
4.584062850687392,1667.0447460883302
4.5940968177112635,1668.381963859283
4.604152747892606,1669.7194338553977
4.614230689306147,1671.057124136181
4.624330690131855,1672.3950024121343
4.63445279865515,1673.7330360418696
4.644597063267146,1675.0711920292
4.654763532464882,1676.4094370202108
4.664952254851546,1677.7477373003062
4.675163279136716,1679.0860587912389
4.685396654136591,1680.4243670481105
4.695652428774217,1681.762627256356
4.705930652079734,1683.1008042287012
4.716231373190596,1684.4388624020999
4.726554641351819,1685.7767658346504
4.736900505916207,1687.1144782024817
4.747269016344592,1688.4519627966265
4.757660222206072,1689.7891825198624
4.768074173178241,1691.1260998835319
4.778510919047437,1692.4626770043458
4.788970509708972,1693.7988756011498
4.7994529951673695,1695.1346569916782
4.809958425536614,1696.4699820892808
4.820486851040377,1697.8048113996197
4.831038322012266,1699.139105017351
4.841612888896067,1700.4728226227746
4.852210602245972,1701.8059242394856
4.8628315127268396,1703.138796107009
4.873475671114421,1704.4717927246352
4.884143128295613,1705.8049249507112
4.894833935268699,1707.1382038639533
4.905548143143586,1708.4716407657759
4.9162858031420615,1709.8052471826463
4.927046966598025,1711.1390348684577
4.937831684957744,1712.47301580692
4.948640009780094,1713.8072022139702
4.959471992736807,1715.1416065402086
4.970327685612719,1716.47624147335
4.981207140306015,1717.8111199406974
4.992110408828481,1719.1462551116365
5.003037543305751,1720.4816604001524
5.013988595977551,1721.817349467363
5.024963619197959,1723.153336224083
5.035962665435651,1724.489634833395
5.046985787274142,1725.8262597132566
5.058033037412057,1727.163225539122
5.069104468663361,1728.5005472465843
5.080200133957632,1729.8382400340429
5.091320086340301,1731.176319365394
5.102464378972906,1732.5148009727397
5.113633065133355,1733.8537008591252
5.1248261982161685,1735.1930353012913
5.1360438317327475,1736.5328208524566
5.14728601931162,1737.87307434512
5.1585528146987,1739.2138128938848
5.1698442717575475,1740.5550538983116
5.181160444469618,1741.8968150457883
5.1925013869345324,1743.2391143144278
5.203867153370327,1744.5819699759916
5.215257798113711,1745.9254005988273
5.226673375620337,1747.2694250508491
5.238113940465049,1748.6140625025216
5.249579547342151,1749.9593324298833
5.261070251065667,1751.3052546175916
5.272586106569601,1752.6518491619868
5.284127168908202,1753.9991364741904
5.295693493256224,1755.3471372832207
5.307285134909195,1756.6958726391422
5.318902149283678,1758.045363916233
5.3305445919175325,1759.395632816183
5.342212518470189,1760.7467013713176
5.353905984722906,1762.0985919478462
5.365625046579042,1763.45132724914
5.3773697600643215,1764.8049303190332
5.389140181327101,1766.159424545156
5.400936366638642,1767.5148336622906
5.412758372393376,1768.871181755753
5.424606255109172,1770.2284932648113
5.4364800714276145,1771.5867929861233
5.448379878114266,1772.9461060772035
5.460305732058944,1774.3064580599205
5.472257690275994,1775.6678748240267
5.48423580990455,1777.0303826307043
5.496240148208828,1778.3940081161554
5.5082707625783796,1779.75877829521
5.52032771052838,1781.1247205649672
5.532411049699898,1782.4918627084692
5.544520837860169,1783.8602328983993
5.556657132902878,1785.2298597008123
5.568819992848428,1786.600772078897
5.581009475844224,1787.972999396768
5.5932256401649525,1789.346571423286
5.605468544212848,1790.7215183359108
5.617738246517988,1792.0978707245883
5.630034805738561,1793.475659595662
5.642358280661153,1794.8549163758225
5.654708730201028,1796.2356729160863
5.667086213402404,1797.6179614958057
5.679490789438746,1799.0018148267156
5.691922517613037,1800.3872660570034
5.704381457358071,1801.7743487754233
5.716867668236732,1803.1630970154351
5.72938120994228,1804.5535452593788
5.741922142298636,1805.945728442687
5.7544905252606675,1807.339681958123
5.76708641891448,1808.735441660059
5.779709883477697,1810.1330438687867
5.79236097929975,1811.5325253748624
5.805039766862172,1812.9339234434865
5.817746306778881,1814.337275818921
5.8304806597964705,1815.7426207289352
5.843242886794504,1817.1499968892967
5.856033048785799,1818.559443508289
5.868851206916726,1819.9710002912734
5.881697422467498,1821.3847074452804
5.89457175685246,1822.8006056836387
5.907474271620389,1824.21873623065
5.920405028454781,1825.639140826287
5.9333640891741535,1827.0618617309383
5.9463515157323386,1828.4869417301902
5.959367370218771,1829.9144241396402
5.972411714858799,1831.3443528097612
5.985484612013971,1832.7767721307875
5.998586124182338,1834.2117270376564
6.011716313998753,1835.6492630149746
6.024875244235168,1837.0894261020376
6.038062977800936,1838.5322628978754
6.05127957774311,1839.9778205663479
6.064525107246746,1841.426226805517
6.077799629635207,1842.8776495901866
6.091103208370458,1844.3320423333137
6.1044359070533805,1845.7893509114976
6.117797789424066,1847.2495204241795
6.131188919362128,1848.7124951864678
6.144609360887005,1850.178218721908
6.158059178158264,1851.6466337551944
6.171538435475914,1853.117682204827
6.185047197280704,1854.5913051757052
6.19858552815444,1856.0674429516646
6.212153492820288,1857.546034987963
6.225751156143085,1859.0270199036895
6.239378583129651,1860.5103354741364
6.253035838929097,1861.9959186230922
6.266722988833139,1863.4837054150814
6.280440098276406,1864.9736310475485
6.294187232836757,1866.4656298429684
6.3079644582355945,1867.9596352409062
6.321771840338178,1869.4555797900102
6.335609445153932,1870.9533951399383
6.349477338836778,1872.453012033228
6.363375587685428,1873.9543602971
6.377304258143725,1875.4573688351943
6.391263416800946,1876.9619656192478
6.405253130392119,1878.4680776807013
6.419273465798358,1879.9756311022434
6.433324490047158,1881.4845510092875
6.447406270312741,1882.994761561385
6.4615188739163605,1884.5061859435675
6.475662368326625,1886.018746357621
6.489836821159832,1887.5323640132997
6.504042300180274,1889.0469591194603
6.518278873300576,1890.5624508751346
6.532546608582019,1892.0787574605333
6.546845574234855,1893.595796027972
6.561175838618644,1895.1134826927362
6.575537470242576,1896.6317325238706
6.5899305377658,1898.1504595348927
6.604355109997753,1899.669576674445
6.618811255898484,1901.188995816864
6.633299044578991,1902.70862775268
6.647818545301544,1904.2283821790472
6.662369827480024,1905.748167690093
6.676952960680249,1907.2678917671965
6.691568014620306,1908.7874607691886
6.70621505917089,1910.3067799224846
6.720894164355634,1911.8257533111253
6.735605400351441,1913.3442838667572
6.75034883748883,1914.862273358525
6.765124546252255,1916.3796223828886
6.77993259728046,1917.896230353364
6.79477306136681,1919.4119954901807
6.809646009459618,1920.9268148098643
6.824551512662507,1922.4405841147327
6.839489642234727,1923.9531979823175
6.854460469591512,1925.4645497546999
6.869464066304417,1926.974531527766
6.88450050410165,1928.4830341403788
6.899569854868433,1929.9899471634653
6.914672190647331,1931.4951588890278
6.929807583638601,1932.9985563190567
6.944976106200544,1934.500025154371
6.960177830849834,1935.9994497833668
6.975412830261887,1937.4967132706806
6.990681177271188,1938.9916973457648
7.005982944871652,1940.4842823913773
7.021318206216971,1941.9743474319848
7.036687034620955,1943.4617701220684
7.052089503557895,1944.94642673435
7.067525686662907,1946.428192147927
7.082995657732284,1947.906939836306
7.098499490723855,1949.3825418553586
7.114037259757326,1950.854868831178
7.129609039114649,1952.324135259848
7.145214903240365,1953.7921216825475
7.160854926741972,1955.2591156326346
7.17652918439027,1956.7251351674474
7.1922377511197215,1958.19019872694
7.2079807020288165,1959.654325137695
7.223758112380428,1961.1175336169792
7.23957005760216,1962.5798437768217
7.255416613286733,1964.0412756281316
7.271297855192317,1965.5018495848544
7.287213859242917,1966.961586468155
7.303164701528727,1968.4205075106383
7.319150458306485,1969.8786343606112
7.3351712059998535,1971.33598908637
7.351227021199774,1972.7925941805347
7.367317980664837,1974.2484725644058
7.383444161321651,1975.7036475923746
7.399605640265202,1977.1581430563535
7.415802494759235,1978.6119831902543
7.432034802236608,1980.0651926744977
7.4483026402996755,1981.5177966405652
7.464606086720656,1982.969820675584
7.480945219441996,1984.4212908269542
7.4973201165767565,1985.8722336070098
7.513730856408968,1987.3226759977224
7.530177517394026,1988.7726454554418
7.546660178159053,1990.2221699156755
7.56317891750327,1991.6712777979114
7.57973381439839,1993.119998010473
7.596324947988975,1994.5683599554216
7.612952397592837,1996.016393533497
7.629616242701396,1997.464129149096
7.646316562980073,1998.9115977152956
7.663053438268667,2000.3588306589163
7.679826948581735,2001.8058599256276
7.696637174108978,2003.25271798509
7.7134841952156235,2004.6994378361517
7.730368092442806,2006.1460530120726
7.747288946507956,2007.5925975858038
7.76424683830519,2009.0391061753028
7.781241848905681,2010.4856139488952
7.798274059558071,2011.9321566306812
7.815343551688831,2013.3787705059806
7.832450406902676,2014.8254924268324
7.849594706982941,2016.272359817529
7.86677653389197,2017.7194106802006
7.883995969771522,2019.1666836004479
7.901253096943146,2020.614217753013
7.918547997908585,2022.062052907502
7.935880755350175,2023.510229434156
7.953251452131225,2024.958788309661
7.9706601712964265,2026.407771123013
7.9881069960722435,2027.857220081429
8.005592009867316,2029.307178016301
8.023115296272856,2030.7576883892068
8.040676939063038,2032.208795297957
8.058277022195423,2033.6605434827088
8.07591562981133,2035.1129783321112
8.093592846236263,2036.5661458895113
8.111308755980303,2038.0200928592062
8.12906344373851,2039.4748666127484
8.146856994391335,2040.9305151952979
8.16468949300502,2042.3870873320277
8.182561024832005,2043.8446324345857
8.200471675311345,2045.3032006075975
8.2184215300691,2046.7628426552342
8.236410674918769,2048.2236100878217
8.254439195861673,2049.685555128512
8.272507179087384,2051.1487307200064
8.29061471097414,2052.613190531325
8.30876187808924,2054.0789889646408
8.32694876718947,2055.5461811621635
8.34517546522153,2057.0148230130785
8.363442059322416,2058.484971160543
8.38174863681987,2059.956683008738
8.400095285232778,2061.430016729975
8.418482092271596,2062.9050312718587
8.436909145838772,2064.381786364516
8.455376534029153,2065.860342527868
8.473884345130424,2067.340761078969
8.492432667623513,2068.8231041394083
8.511021590183029,2070.30749190079
8.52965120167768,2071.7942769285473
8.548321591170687,2073.2835026750513
8.567032847920233,2074.775161235095
8.585785061379864,2076.2692445643884
8.60457832119894,2077.765744478312
8.623412717223045,2079.264652650642
8.642288339494428,2080.765960612277
8.66120527825243,2082.2696597499494
8.680163623933911,2083.775741304929
8.699163467173692,2085.2841963717174
8.718204898804983,2086.795015896731
8.737288009859807,2088.3081906769744
8.756412891569461,2089.8237113587033
8.77557963536492,2091.341568436077
8.794788332877305,2092.861752249802
8.814039075938298,2094.3842529857625
8.833331956580592,2095.9090606736413
8.852667067038329,2097.4361651855384
8.872044499747537,2098.965556234557
8.89146434734658,2100.4972233734075
8.9109267026766,2102.0311559929805
8.930431658781943,2103.567343320912
8.949979308910633,2105.1057744201453
8.969569746514795,2106.6464381874734
8.989203065251111,2108.1893233520796
9.008879358981266,2109.7344184740523
9.028598721772399,2111.281711942908
9.048361247897548,2112.8311919760827
9.068167031836108,2114.382846617431
9.088016168274269,2115.936663735693
9.107908752105491,2117.492631022976
9.127844878430931,2119.050735993195
9.147824642559918,2120.6109659805234
9.167848140010406,2122.1733081378247
9.187915466509416,2123.7377494350694
9.208026717993516,2125.3042766577437
9.228181990609253,2126.8728764052457
9.248381380713639,2128.443535089267
9.268624984874599,2130.016238932164
9.288912899871427,2131.590973965319
9.309245222695264,2133.167726027482
9.329622050549544,2134.7464807631077
9.350043480850475,2136.327223620677
9.370509611227497,2137.9099398510016
9.391020539523742,2139.4946145055237
9.411576363796518,2141.0812324345948
9.432177182317762,2142.669778285749
9.45282309357452,2144.2602365019566
9.473514196269415,2145.852591319872
9.494250589321114,2147.446826768054
9.51503237186481,2149.0429266651963
9.535859643252692,2150.640874618321
9.55673250305441,2152.240654020969
9.577651051057574,2153.84224805138
9.598615387268202,2155.4456396706546
9.619625611911225,2157.0508116208994
9.640681825430951,2158.6577464233624
9.661784128491545,2160.2664263765587
9.68293262197752,2161.8768335543687
9.704127406994205,2163.488949804136
9.725368584868244,2165.1027567447463
9.746656257148075,2166.7182357646857
9.7679905256044,2168.3353680200903
9.789371492230702,2169.9541344327868
9.810799259243701,2171.574515688305
9.832273929083865,2173.196492233884
9.853795604415895,2174.8200442764637
9.875364388129201,2176.4451517806583
9.89698038333842,2178.0717944667167
9.918643693383881,2179.699951808464
9.940354421832122,2181.3296030312313
9.962112672476378,2182.960727109773
9.98391854933706,2184.5933027661554
10.005772156662287,2186.22730846765
10.027673598928347,2187.862722424588
10.049622980840226,2189.4995225882194
10.071620407332093,2191.1376866485452
10.09366598356781,2192.7771920321275
10.115759814941415,2194.4180158999034
10.137902007077656,2196.060135144961
10.160092665832478,2197.7035263903117
10.18233189729353,2199.348165986643
10.204619807780677,2200.994030010049
10.226956503846496,2202.641094259755
10.249342092276807,2204.2893342558154
10.271776680091167,2205.938725236798
10.294260374543382,2207.5892421574536
10.316793283122035,2209.2408596863593
10.339375513550971,2210.8935522035617
10.362007173789843,2212.5472937981795
10.384688372034613,2214.2020582660084
10.40741921671807,2215.8578191070974
10.430199816510354,2217.5145495233096
10.453030280319453,2219.172222415867
10.475910717291763,2220.8308103828704
10.498841236812577,2222.490285716813
10.521821948506625,2224.150620402064
10.544852962238593,2225.811786112336
10.567934388113637,2227.4737542081384
10.591066336477928,2229.136495734212
10.614248917919175,2230.7999814169343
10.637482243267145,2232.4641816617163
10.660766423594202,2234.1290665503784
10.684101570215834,2235.794605838506
10.707487794691174,2237.4607689527775
10.730925208823558,2239.127524988286
10.754413924661042,2240.7948427058377
10.777954054496945,2242.462690529218
10.80154571087038,2244.1310365424547
10.825189006566788,2245.7998484870523
10.848884054618491,2247.469093759202
10.872630968305227,2249.1387394069816
10.896429861154688,2250.808752127529
10.920280846943067,2252.479098264188
10.944184039695585,2254.1497438036495
10.96813955368707,2255.8206543730557
10.992147503442474,2257.491795237092
11.016208003737434,2259.163131295053
11.040321169598819,2260.8346270778948
11.064487116305264,2262.506246745249
11.088705959387752,2264.177954082436
11.112977814630142,2265.84971249744
11.137302798069733,2267.5214850178686
11.16168102599782,2269.193234287889
11.186112614960226,2270.8649225651416
11.210597681757903,2272.5365117176325
11.235136343447452,2274.207963220599
11.259728717341703,2275.879238153357
11.284374921010276,2277.5502971961223
11.309075072280113,2279.2211006268094
11.333829289236089,2280.891608317803
11.358637690221546,2282.5617797327186
11.383500393838862,2284.2315739231217
11.40841751895003,2285.9009495252344
11.4333891846772,2287.569864756618
11.458415510403283,2289.238277412822
11.4834966157725,2290.906144864022
11.508632620690959,2292.573424051622
11.533823645327232,2294.240071484837
11.559069810112911,2295.9060432372457
11.584371235743214,2297.5712949433305
11.609728043177542,2299.235781794974
11.63514035364006,2300.8994585379437
11.660608288620285,2302.562279468351
11.68613196987364,2304.2241984290677
11.711711519422082,2305.885168806141
11.737347059554642,2307.545143525165
11.763038712828036,2309.2040750985198
11.788786602067246,2310.8629572671375
11.81459085036608,2312.522782168094
11.840451581087809,2314.1835424860747
11.866368917865723,2315.845230864461
11.892342984603726,2317.507839905239
11.918373905476946,2319.1713621689
11.944461804932294,2320.8357901743407
11.970606807689098,2322.501116398774
11.996809038739677,2324.1673332776286
12.023068623349943,2325.834433204457
12.049385687060003,2327.502408530841
12.075760355684746,2329.1712515662944
12.102192755314464,2330.8409545781724
12.128683012315447,2332.511509791581
12.155231253330578,2334.182909389279
12.181837605279963,2335.855145511592
12.20850219536149,2337.528210256318
12.235225151051496,2339.2020956786346
12.262006600105337,2340.876793791014
12.288846670558016,2342.5522965631285
12.315745490724781,2344.2285959217666
12.342703189201762,2345.9056837507414
12.369719894866545,2347.583551890798
12.396795736878834,2349.262192139537
12.423930844681045,2350.9415962513203
12.451125347998927,2352.6217559371858
12.478379376842184,2354.302662864765
12.505693061505085,2355.9843086581964
12.533066532567112,2357.666684898039
12.560499920893562,2359.349783121194
12.587993357636188,2361.0335948208185
12.615546974233814,2362.7181114462446
12.643160902412959,2364.4033244028988
12.670835274188487,2366.0892250522197
12.698570221864228,2367.7758047115776
12.7263658780336,2369.4630546542003
12.754222375580268,2371.1509661090877
12.782139847678739,2372.8395302609374
12.810118427795041,2374.528738250071
12.838158249687341,2376.218581172352
12.866259447406586,2377.9090500791144
12.894422155297148,2379.6001359770867
12.922646507997445,2381.2918298283175
12.950932640440623,2382.984122550105
12.979280687855173,2384.6770050149253
13.007690785765584,2386.3704680503542
13.036163069993004,2388.064502439006
13.064697676655848,2389.759098918459
13.093294742170505,2391.4542481811864
13.121954403251957,2393.149940874492
13.150676796914432,2394.8461676004413
13.179462060472082,2396.542918915795
13.208310331539595,2398.2401853319434
13.237221748032903,2399.9379573148453
13.266196448169818,2401.636225284963
13.29523457047069,2403.334979617201
13.324336253759078,2405.034210640844
13.353501637162394,2406.733908639496
13.3827308601126,2408.434063851024
13.412024062346855,2410.1346664674975
13.441381383908181,2411.8357066351336
13.470802965146149,2413.537174454238
13.500288946717514,2415.239059979152
13.529839469586936,2416.941353218201
13.559454675027618,2418.644044133635
13.589134704622001,2420.347122641585
13.618879700262433,2422.050578612007
13.648689804151827,2423.754401868635
13.678565158804387,2425.45858218893
13.708505907046254,2427.163109304039
13.738512192016195,2428.867972898743
13.768584157166304,2430.5731626114157
13.79872194626265,2432.278668033976
13.828925703386009,2433.9844787118527
13.859195572932526,2435.690584143937
13.889531699614414,2437.3969737825473
13.91993422846065,2439.103637033388
13.950403304817641,2440.8105632555116
13.980939074349958,2442.517741761289
14.011541683041013,2444.2251618163655
14.042211277193754,2445.9328126396363
14.07294800343137,2447.6406834032086
14.103752008697995,2449.348763232377
14.134623440259393,2451.0570412055863
14.165562445703687,2452.7655063544134
14.196569172942052,2454.4741476635313
14.22764377020942,2456.1829540706963
14.258786386065198,2457.891914466712
14.289997169393956,2459.601017695416
14.321276269406168,2461.3102525536565
14.35262383563891,2463.0196077912724
14.384040017956575,2464.7290721110803
14.415524966551603,2466.438634168854
14.447078831945156,2468.1482825733124
14.478701764987898,2469.858005886108
14.510393916860679,2471.5677926218136
14.542155439075266,2473.2776312479155
14.573986483475071,2474.987510184801
14.605887202235856,2476.6974178057612
14.637857747866496,2478.407342436976
14.669898273209684,2480.1172723575196
14.702008931442666,2481.827195799357
14.734189876077986,2483.537100947342
14.766441260964182,2485.246975939224
14.79876324028657,2486.9568088656492
14.831155968567959,2488.66658777017
14.863619600669379,2490.3763006492477
14.89615429179085,2492.085935452271
14.928760197472078,2493.795480081556
14.96143747359325,2495.5049223923697
14.994186276375752,2497.21425019294
15.027006762382916,2498.923451244478
15.05989908852078,2500.6325132611905
15.092863412038813,2502.341423910306
15.1258998905307,2504.050170812096
15.159008681935079,2505.7587415399043
15.19218994453629,2507.4671236201702
15.225443836965153,2509.1753045324554
15.258770518199686,2510.883271709483
15.29217014756591,2512.5910125371634
15.325642884738592,2514.298514354641
15.359188889742,2516.005764454314
15.39280832295069,2517.7127500818933
15.426501345090232,2519.419458436433
15.46026811723803,2521.1258766703804
15.494108800824058,2522.8319918896177
15.528023557631645,2524.537791153518
15.562012549798244,2526.243261474988
15.596075939816192,2527.9481984797803
15.630213890533522,2529.6521290485416
15.664426565154717,2531.3550478314914
15.698714127241491,2533.056972557565
15.733076740713587,2534.7579213499102
15.767514569849522,2536.457912730071
15.802027779287426,2538.1569656222023
15.83661653402579,2539.8550993573385
15.871280999424272,2541.5523336776732
15.906021341204486,2543.248688740886
15.940837725450768,2544.944185124513
15.97573031861102,2546.6388438303425
16.010699287497467,2548.332686288852
16.04574479928747,2550.0257343636845
16.080867021524323,2551.718010356161
16.116066122118035,2553.4095370098235
16.15134226934617,2555.1003375150344
16.186695631854622,2556.7904355135925
16.222126378658434,2558.479855103401
16.25763467914261,2560.168620843176
16.293220703062904,2561.856757757182
16.328884620546646,2563.5442913400166
16.36462660209356,2565.2312475614426
16.400446818576576,2566.917652871234
16.436345441242644,2568.6035342040905
16.472322641713554,2570.2889189845823
16.508378591986734,2571.9738351321253
16.544513464436125,2573.658311066018
16.58072743181296,2575.3423757105043
16.617020667246603,2577.026058499882
16.65339334424539,2578.70938938366
16.689845636697413,2580.392398831749
16.726377718871422,2582.075117839701
16.7629897654176,2583.757577933995
16.799681951368427,2585.4398111773517
16.836454452139513,2587.121850174112
16.873307443530404,2588.803728075643
16.91024110172548,2590.4854785858033
16.947255603294757,2592.167135966438
16.984351125194742,2593.8487350429295
17.021527844769288,2595.5303112097945
17.058785939750404,2597.2119004363144
17.096125588259167,2598.893539272234
17.13354696880652,2600.575264853482
17.171050260294155,2602.257114907955
17.20863564201536,2603.9391277613468
17.24630329365585,2605.6213423430167
17.284053395294677,2607.30379819192
17.32188612740506,2608.9865354625717
17.35980167085525,2610.669594931067
17.397800206909405,2612.353018001158
17.43588191722842,2614.03684671036
17.474046983870856,2615.7211237361284
17.51229558929376,2617.4058924020746
17.55062791635357,2619.091196684236
17.589044148306968,2620.7770812173917
17.627544468811752,2622.4635913014417
17.66612906192774,2624.1507729078216
17.70479811211763,2625.8386726859853
17.74355180424789,2627.5273379699283
17.782390323589638,2629.216816784771
17.821313855819515,2630.907157853392
17.860322587020605,2632.598410603115
17.899416703683293,2634.290625172453
17.93859639270618,2635.9838524179045
17.977861841396965,2637.678143920803
18.017213237473317,2639.373551994224
18.05665076906383,2641.0701296899524
18.096174624708866,2642.767930805496
18.135784993361497,2644.467009891161
18.175482064388383,2646.1674222571874
18.215266027570674,2647.8692239809384
18.25513707310494,2649.5724719141444
18.295095391604068,2651.2772236902138
18.335141174098172,2652.9835377315944
18.375274612035525,2654.691473257199
18.415495897283414,2656.4010902898863
18.45580522212914,2658.112449664006
18.496202779280885,2659.825613033005
18.53668876186865,2661.540642877088
18.577263363445176,2663.2576025109447
18.617926777986852,2664.9765560915407
18.65867919989467,2666.6975686259643
18.69952082399515,2668.4207059793407
18.74045184554125,2670.1460348828105
18.781472460213326,2671.8736229415645
18.82258286412005,2673.603538642953
18.86378325379934,2675.335851364651
18.90507382621933,2677.070631382893
18.94645477877928,2678.8079498807733
18.987926309310552,2680.5478789566114
19.02948861607753,2682.290491632382
19.07114189777855,2684.035861862213
19.112886353546905,2685.7840645409574
19.15472218295176,2687.5351755128227
19.19664958599911,2689.289271580077
19.238668763132754,2691.0464305118194
19.280779915235197,2692.806731052819
19.3229832436287,2694.5702529324335
19.36527895007616,2696.3370768735845
19.40766723678213,2698.1072846018174
19.450148306393775,2699.88095885442
19.492722362001782,2701.65818338962
19.535389607141425,2703.439042995863
19.578150245793477,2705.223623501143
19.621004482385203,2707.01201178243
19.66395252179134,2708.804295775154
19.70699456933505,2710.6005644827733
19.75013083078894,2712.4008329514213
19.793361512376034,2714.204944890228
19.83668682077074,2716.0128743818495
19.88010696309987,2717.824603655772
19.923622146943583,2719.6401146199337
19.967232580336425,2721.459388857676
20.01093847176831,2723.2824076246698
20.054740030185496,2725.109151845815
20.098637464991626,2726.93960211212
20.14263098604866,2728.7737386775584
20.18672080367795,2730.6115414558844
20.230907128661222,2732.452990017455
20.275190172241558,2734.298063585988
20.319570146124452,2736.146741035327
20.364047262478753,2737.99900088616
20.408621733937764,2739.8548213027298
20.453293773600198,2741.7141800894883
20.498063595031223,2743.5770546877698
20.542931412263478,2745.443422172395
20.58789743979807,2747.3132592482716
20.63296189260565,2749.1865422469596
20.678124986127408,2751.063247123219
20.7233869362761,2752.943349451515
20.768747959437114,2754.826824422512
20.81420827246944,2756.7136468395233
20.859768092706773,2758.6037911149547
20.90542763795852,2760.497231266693
20.951187126510856,2762.393940914492
20.997046777127753,2764.2938932763122
21.04300680905201,2766.1970611646398
21.08906744200635,2768.1034169827776
21.13522889619443,2770.0129327211002
21.181491392301915,2771.925579953288
21.22785515149753,2773.8413298325277
21.274320395434074,2775.760153087679
21.320887346249563,2777.6820200194197
21.367556226568226,2779.6069004963583
21.414327259501587,2781.5347639511065
21.46120066864956,2783.46557937634
21.508176678101442,2785.3993153208085
21.555255512437082,2787.335939885328
21.60243739672789,2789.2754207187386
21.64972255653793,2791.2177250138247
21.697111217925,2793.1628195032154
21.74460360744172,2795.110670455241
21.792199952136585,2797.061243669764
21.839900479555087,2799.014504473976
21.88770541774079,2800.9704177181643
21.935614995236417,2802.92894777144
21.98362944108495,2804.8900585174374
22.031748984830685,2806.8537133499776
22.079973856520404,2808.819875168705
22.128304286704417,2810.7885063746794
22.17674050643768,2812.759568865942
22.22528274728092,2814.7330240330443
22.27393124130168,2816.708832754539
22.3226862210755,2818.6869553924453
22.37154791968701,2820.66735178767
22.420516570731017,2822.649981255399
22.469592408313655,2824.634802580446
22.518775667053454,2826.6217740125744
22.56806658208253,2828.6108532617786
22.617465389047663,2830.6019974935275
22.66697232411144,2832.595163323976
22.71658762395339,2834.5903068151297
22.76631152577107,2836.587383469988
22.81614426728126,2838.586348227635
22.866086086721076,2840.5871554583027
22.9161372228491,2842.5897589583865
22.966297914946537,2844.5941119454365
23.016568402818326,2846.6001670530927
23.06694892679433,2848.607876325998
23.117439727730464,2850.6171912146615
23.168041047009844,2852.628062570284
23.218753126543962,2854.6404406395513
23.269576208773785,2856.6542750593717
23.320510536670987,2858.669514851593
23.371556353739077,2860.6861084176667
23.42271390401455,2862.704003533268
23.473983432068092,2864.7231473428897
23.525365183005682,2866.7434863543763
23.576859402469847,2868.7649664334353
23.628466336640777,2870.7875327980864
23.68018623223753,2872.8111300130868
23.732019336519215,2874.835701984304
23.783965897286116,2876.861191953042
23.836026162880962,2878.8875424903413
23.888200382190067,2880.9146954912103
23.940488804644527,2882.9425921688367
23.99289168022142,2884.97117304874
24.04540925944496,2887.0003779628846
24.098041793387765,2889.0301460437463
24.150789533672015,2891.0604157183375
24.20365273247065,2893.0911247021822
24.25663164250861,2895.1222099932465
24.309726517063968,2897.1536078658273
24.362937609969244,2899.1852538643843
24.41626517561255,2901.2170827973414
24.469709468938824,2903.249028730821
24.523270745451054,2905.2810249823515
24.57694926121146,2907.3130041145077
24.6307452728428,2909.3448979285195
24.684659037529517,2911.376637457821
24.738690813019016,2913.4081529615537
24.792840857622867,2915.4393739180255
24.84710943021808,2917.4702290181126
24.901496790248267,2919.500646158616
24.95600319772497,2921.5305524355686
25.010628913228864,2923.5598741374856
25.065374197910987,2925.588536738575
25.12023931349403,2927.616464891883
25.175224522273524,2929.6435824223972
25.230330087119164,2931.669812320099
25.285556271476036,2933.695076732957
25.340903339365866,2935.719296959867
25.396371555388306,2937.7423934435474
25.45196118472215,2939.7642857633728
25.507672493126673,2941.7848926281604
25.563505746942855,2943.804131868895
25.61946121309466,2945.8219204314046
25.675539159090327,2947.8381743689774
25.731739853023615,2949.8528088349244
25.788063563575133,2951.865738075092
25.844510560013592,2953.8768754203056
25.901081112197097,2955.886133278767
25.957775490574456,2957.8934231283965
26.01459396618642,2959.8986555091024
26.071536810667048,2961.9017400150105
26.12860429624497,2963.902585286626
26.185796695744685,2965.901099002936
26.243114282587886,2967.8971878734583
26.300557330794717,2969.8907576302217
26.358126114985158,2971.8817130196976
26.415820910380287,2973.8699577946663
26.4736419928036,2975.8553947060145
26.531589638682366,2977.8379254944875
26.589664125048866,2979.8174508823577
26.647865729541824,2981.7938705650627
26.70619473040766,2983.7670832027443
26.76465140650184,2985.7369864117545
26.823236037290236,2987.703476756081
26.881948902850386,2989.6664497387055
26.940790283872936,2991.627739619313
26.999760461662902,2993.589469771646
27.058859718141058,2995.5516374068175
27.118088335845272,2997.514238202319
27.17744659793182,2999.477267879515
27.23693478817681,3001.440722204485
27.296553190977487,3003.404596988858
27.356302091353616,3005.368888090666
27.41618177494884,3007.3335914152067
27.476192528032,3009.298702915895
27.5363346374986,3011.2642185951604
27.596608390872102,3013.230134505315
27.657014076305316,3015.1964467494518
27.71755198258181,3017.1631514823507
27.778222399117215,3019.1302449113805
27.8390256159607,3021.0977232974255
27.899961923796308,3023.065582955813
27.961031613944353,3025.0338202572566
28.022234978362828,3027.002431628792
28.083572309648748,3028.971413554739
28.145043901039617,3030.940762577675
28.206650046414808,3032.910475299399
28.26839104029694,3034.8805483819274
28.33026717785334,3036.8509785484766
28.392278754897365,3038.8217625844773
28.45442606788992,3040.7928973385856
28.516709413940813,3042.764379723708
28.579129090810188,3044.736206718029
28.64168539690995,3046.7083753660636
28.704378631305214,3048.680882779708
28.76720909371566,3050.6537261393005
28.83017708451707,3052.626902694703
28.89328290474269,3054.600409766375
28.9565268560847,3056.574244746482
29.019909240895654,3058.5484050999903
29.083430362189887,3060.5228883657883
29.147090523645026,3062.4976921578113
29.210890029603416,3064.472814166184
29.274829185073553,3066.448252158359
29.338908295731585,3068.424003980289
29.4031276679227,3070.4000675575844
29.46748760866269,3072.3764408967063
29.531988425639344,3074.3531220861514
29.59663042721395,3076.330109297658
29.66141392242277,3078.3074007874256
29.726339220978478,3080.284994897333
29.7914066332717,3082.2628900561867
29.856616470372465,3084.2410847809642
29.921969044031698,3086.219577678077
29.98746466668272,3088.198367444648
30.05310365144269,3090.1774528697897
30.11888631211418,3092.156832835909
30.184812963186644,3094.1365063200155
30.250883919837886,3096.116472395041
30.31709949793564,3098.0967302311733
30.38346001403897,3100.0772790972064
30.449965785399908,3102.0581183618983
30.516617129964896,3104.039247495341
30.583414366376317,3106.0206660703475
30.650357813974047,3108.0023737638467
30.717447792796907,3109.984370358296
30.784684623584297,3111.966655743104
30.852068627777655,3113.949229916068
30.919600127522017,3115.932092984817
30.98727944566758,3117.9152451682858
31.055106905771165,3119.8986867981826
31.12308283209787,3121.882418320482
31.191207549622558,3123.8664402969284
31.25948138403142,3125.8507534065543
31.327904661723554,3127.83535844721
31.396477709812455,3129.8202563371096
31.46520085612768,3131.8054481163895
31.53407442921635,3133.7909349486836
31.60309875834474,3135.7767181227105
31.672274173499858,3137.762799053874
31.741601005390976,3139.749179285881
31.81107958545129,3141.7358604923747
31.880710245839442,3143.7228444785774
31.950493319441147,3145.710133182956
32.02042913987077,3147.697728678892
32.09051804147287,3149.6856331763784
32.1607603593239,3151.673849023722
32.23115642923375,3153.662378709272
32.30170658774732,3155.6512248631448
32.37241117214622,3157.6403902589896
32.44327052045028,3159.629877815751
32.51428497141923,3161.6196905994534
32.58545486455433,3163.6098318250015
32.65678054009993,3165.600304857999
32.72826233904519,3167.5911132165793
32.799900603125565,3169.5822605732533
32.871695674824615,3171.5737507567787
32.943647897375506,3173.565587754039
33.01575761476272,3175.557775711944
33.08802517172368,3177.550318939345
33.1604509137504,3179.543221908965
33.23303518709111,3181.536489259354
33.30577833875197,3183.5301257968526
33.378680716498664,3185.524136497574
33.451742668858124,3187.5185265094133
33.52496454512016,3189.513301154059
33.5983466953391,3191.508465929034
33.67188947033554,3193.5040265097537
33.745593221697966,3195.4999887515974
33.81945830178445,3197.4963586919966
33.893485063724356,3199.4931425525506
33.96767386141994,3201.49034674115
34.04202504954817,3203.4879778541294
34.11653898356236,3205.4860426784285
34.19121601969382,3207.48454819378
34.266056514953675,3209.483501574911
34.341060827134434,3211.48291019377
34.416229314811815,3213.4827816217653
34.49156233734641,3215.4831236320306
34.5670602548854,3217.4839442017055
34.642723428364306,3219.4852515142366
34.71855221950865,3221.4870539617013
34.79454699083577,3223.4893601471445
34.87070810565648,3225.492178886946
34.947035928076886,3227.495519213201
35.02353082300004,3229.4993903761283
35.100193156127695,3231.50380184648
35.17702329396215,3233.5087633180033
35.25402160380789,3235.5142847098946
35.3311884537734,3237.5203761692906
35.40852421277293,3239.527048073783
35.48602925052817,3241.5343110339363
35.56370393757015,3243.542175895849
35.64154864524095,3245.5506537437227
35.71956374569544,3247.5597559024613
35.79774961190313,3249.569493940289
35.876106617649846,3251.5798796713866
35.95463513753967,3253.5909251585576
36.033335546996604,3255.6026427159177
36.11220822226641,3257.6150449115976
36.191253540418444,3259.6281445704753
36.27047187934735,3261.641954776937
36.349863617774986,3263.6564888776466
36.42942913525219,3265.671760484361
36.50916881216059,3267.6877834767415
36.589083029714416,3269.7045720052174
36.66917216996231,3271.722179598513
36.7494366157892,3273.7418020131963
36.82987675091811,3275.7639793223625
36.91049295991196,3277.788687764082
36.991285628175476,3279.815903256399
37.072255141956916,3281.845601394537
37.15340188835006,3283.8777574480896
37.23472625529595,3285.912346358181
37.31622863158482,3287.9493427346088
37.3979094068579,3289.988720852973
37.47976897160925,3292.0304546517673
37.56180771718777,3294.0745177294602
37.6440260357989,3296.120883341549
37.72642432050661,3298.169524397596
37.809002965235244,3300.220413458232
37.891762364771346,3302.273522732152
37.97470291476565,3304.3288240730744
38.05782501173493,3306.386288976683
38.14112905306384,3308.445888577551
38.22461543700692,3310.507593646025
38.30828456269041,3312.5713745851085
38.39213683011416,3314.6372014273024
38.47617264015363,3316.705043831429
38.56039239456171,3318.7748710794353
38.644796495970695,3320.846652073167
38.72938534789421,3322.9203553311154
38.814159354729064,3324.995948985149
38.89911892175731,3327.0734007772176
38.98426445514807,3329.1526780560216
39.06959636195956,3331.23374777367
39.15511505014098,3333.3165764823025
39.24082092853445,3335.4011303306897
39.32671440687703,3337.487375060817
39.41279589580265,3339.5752760044224
39.49906580684407,3341.66479807953
39.58552455243485,3343.7559057869394
39.67217254591125,3345.8485632066995
39.759010201514364,3347.9427339945537
39.846037934391966,3350.0383813783596
39.93325616060055,3352.1354681544717
40.02066529710733,3354.2339566841115
40.10826576179214,3356.3338088897017
40.19605797344956,3358.4349862511735
40.28404235179087,3360.5374498022484
40.372219317446024,3362.6411601266905
40.46058929196571,3364.7460773545304
40.54915269782327,3366.8521611582623
40.63790995841687,3368.959370749014
40.72686149807141,3371.067664872681
40.81600774204058,3373.177001806037
40.90534911650896,3375.287339352821
40.99488604859388,3377.3986348397816
41.084618966347676,3379.510845112702
41.17454829875961,3381.6239265323943
41.26467447575795,3383.737834970655
41.35499792821204,3385.852525806204
41.44551908793431,3387.9679539205817
41.53623838768239,3390.084073694024
41.6271562611612,3392.200839001297
41.71827314302493,3394.318203207509
41.80958946887926,3396.4361191638895
41.90110567528324,3398.554539203532
41.9928221997516,3400.6734151371097
42.08473948075669,3402.7926982485596
42.176857957730626,3404.912339290731
42.26917807106743,3407.032288481004
42.361700262125005,3409.152495496874
42.45442497322742,3411.2729094715037
42.5473526476669,3413.3934789892423
42.64048372970599,3415.5141520811158
42.73381866457971,3417.634876220272
42.82735789849754,3419.755598317402
42.921101878645764,3421.8762647161266
43.015051053189474,3423.9968211883443
43.10920587127473,3426.1172129295455
43.20356678303075,3428.2373845540988
43.298134239571965,3430.357280090487
43.3929086930003,3432.4768429765286
43.48789059640726,3434.596016054544
43.583080403876124,3436.714741566498
43.67847857048411,3438.8329611491063
43.774085552304484,3440.9506158288937
43.86990180640887,3443.06764601723
43.96592779086936,3445.1839915053256
44.06216396476068,3447.299591459183
44.15861078816244,3449.414384414519
44.25526872216133,3451.528308271643
44.35213822885323,3453.6413002903
44.44921977134556,3455.7532970844845
44.546513813759404,3457.8642346171973
44.64402082123175,3459.9740481951767
44.74174125991775,3462.082672463592
44.83967559699284,3464.1900414006896
44.93782430065511,3466.2960883124038
45.03618784012746,3468.400745826931
45.134766685659855,3470.503945889256
45.23356130853163,3472.6056197556445
45.33257218105359,3474.7056979880995
45.43179977657047,3476.8041104487556
45.53124456946307,3478.900786294262
45.630907035150535,3480.995653970101
45.730787650092694,3483.088641204871
45.830886891792204,3485.179675004537
45.931205238797,3487.268681646621
46.03174317070246,3489.355586674368
46.13250116815376,3491.4403148908577
46.23347971284816,3493.5227903530695
46.334679287537234,3495.602936365922
46.436100376029316,3497.6806754762456
46.5377434631917,3499.7559294667312
46.63960903495301,3501.82861934982
46.74169757830553,3503.8986653615543
46.84400958130745,3505.965986955384
46.94654553308531,3508.030502795925
47.049305923836286,3510.0921307526773
47.15229124483053,3512.1507878936895
47.25550198841354,3514.2063904791753
47.35893864800846,3516.2588539551025
47.462601718118506,3518.308092946704
47.566491694329315,3520.3540212519742
47.670609073311276,3522.396551835087
47.77495435282198,3524.4355968197888
47.879528031708446,3526.4710674827384
47.98433060990972,3528.502874246783
48.089362588459096,3530.5309266742047
48.194624469486584,3532.5551334599086
48.300116756221335,3534.5754024245603
48.40583995299391,3536.5916405076764
48.51179456523887,3538.603753760664
48.617981099497115,3540.6116473398038
48.72440006341826,3542.6152254991925
48.83105196576316,3544.614391583625
48.93793731640619,3546.6090480214298
49.04505662633788,3548.5990963172426
49.152410407667205,3550.5844370447494
49.25999917362411,3552.564969839344
49.36782343856194,3554.540593390768
49.47588371795985,3556.5112054356605
49.58418052842537,3558.476702750087
49.6927143876968,3560.4369811419974
49.80148581464573,3562.391935443619
49.910495329279485,3564.341459503818
50.01974345274359,3566.286037258627
50.12923070732433,3568.23003659251
50.23895761645122,3570.1743591332242
50.34892470469949,3572.11899980545
50.4591324977926,3574.0639535727723
50.56958152260478,3576.0092154384643
50.680272307163435,3577.954780446303
50.791205380651874,3579.900643681394
50.90238127341166,3581.8468002709787
51.01380051694524,3583.793245385283
51.12546364391845,3585.7399742383504
51.23737118816303,3587.6869820888983
51.34952368467926,3589.634264241169
51.46192166963846,3591.5818160458
51.57456568038556,3593.5296329007065
51.6874562554417,3595.477710251954
51.800593934506715,3597.426043594664
51.91397925846183,3599.3746284739077
52.02761276937219,3601.3234604856207
52.14149501048945,3603.2725352775233
52.255626526254396,3605.2218485500543
52.37000786229947,3607.1713960573015
52.48463956545149,3609.121173607955
52.59952218373421,3611.071177066265
52.71465626637094,3613.0214023530084
52.830042363787186,3614.9718454464673
52.945681027613205,3616.922502383404
53.061572810686776,3618.8733692600754
53.17771826705576,3620.824442233224
53.29411795198075,3622.7757175210977
53.41077242193778,3624.7271914044773
53.52768223462083,3626.6788602277047
53.644847948944744,3628.63072039974
53.76227012504767,3630.582768395206
53.87994932429388,3632.5350007554607
53.99788610927642,3634.487414089666
54.1160810438197,3636.4400050758863
54.23453469298234,3638.39277046217
54.35324762305982,3640.345707067674
54.47222040158714,3642.2988117837663
54.591453597341584,3644.252081575165
54.71094778034538,3646.205513481071
54.83070352186852,3648.1591046163285
54.95072139443142,3650.112852172577
55.07100197180767,3652.0667534194245
55.1915458290268,3654.02080570564
55.31235354237696,3655.9750064603445
55.43342568940778,3657.929353194208
55.55476284893306,3659.8838435006883
55.676365601033545,3661.838475057235
55.798234527059755,3663.7932456265557
55.92037020963462,3665.7481530578502
56.042773232656444,3667.703195288085
56.16544418130159,3669.6583703432693
56.2883836420273,3671.6136763397376
56.41159220257454,3673.56911148546
56.53507045197067,3675.5246740813463
56.65881898053246,3677.4803625225786
56.78283837986878,3679.4361752999425
56.90712924288345,3681.392111001183
57.03169216377813,3683.348168312367
57.156527738055026,3685.3043460192516
57.281636562519914,3687.2606430086835
57.40701923528487,3689.2170582699914
57.53267635577117,3691.173590896406
57.65860852471219,3693.130240086488
57.78481634415614,3695.0870051455577
57.91130041746914,3697.043885487165
58.03806134933797,3699.000880634546
58.16509974577299,3700.957990222109
58.29241621411107,3702.915213996927
58.42001136301847,3704.872551820245
58.54788580249367,3706.8300036690052
58.67604014387045,3708.7875696373826
58.804474999820705,3710.7452499383326
58.933190984357395,3712.7030449051567
59.0621887128375,3714.660954993087
59.19146880196486,3716.6189807808682
59.3210318697933,3718.5771229723755
59.45087853572946,3720.535382398232
59.58100942053577,3722.493760017447
59.7114251463335,3724.4522569190685
59.84212633660553,3726.410874323849
59.97311361619962,3728.3696135859277
60.10438761133117,3730.3284761945315
60.23594894958631,3732.2874637756827
60.3677982599249,3734.246578093931
60.49993617268345,3736.205821054092
60.63236331957826,3738.1651947030155
60.76508033370838,3740.124701231353
60.898087849558635,3742.084342975352
61.03138650300267,3744.0441224186657
61.16497693130591,3746.0040421941703
61.29885977312876,3747.9641050858136
61.433035668529556,3749.9243140304634
61.567505258967635,3751.884672119784
61.70226918730645,3753.8451826021324
61.83732809781651,3755.805848884447
61.972682636178654,3757.766674534196
62.108333449486985,3759.7276632812946
62.24428118625205,3761.6888190200784
62.38052649640393,3763.650145811276
62.51707003129521,3765.611647883996
62.65391244370433,3767.5733296377416
62.79105438783854,3769.5351956444424
62.92849651933707,3771.4972506504955
63.0662394952743,3773.459499578833
63.20428397416278,3775.4219475309988
63.342630615956544,3777.3845997892618
63.48128008205418,3779.3474618187247
63.620233035301965,3781.310539269464
63.75949013999713,3783.2738379786915
63.89905206189086,3785.237363972924
64.03891946819171,3787.201123470188
64.17909302756858,3789.165122882219
64.3195734101541,3791.1293688167116
64.4603612875477,3793.0938680795625
64.6014573328188,3795.058627677141
64.74286222051015,3797.0236548185944
64.88457662664099,3798.988956918147
65.0266012287103,3800.9545415974417
65.16893670570003,3802.920416687891
65.31158373807824,3804.886590233045
65.45454300780257,3806.8530704909967
65.59781519832335,3808.8198659367863
65.74140099458687,3810.7869852648428
65.88530108303877,3812.7544373914425
66.02951615162709,3814.722231457179
66.17404688980584,3816.6903768294746
66.31889398853811,3818.658883105091
66.46405814029943,3820.627760112679
66.60954003908112,3822.5970179153433
66.75534038039345,3824.566666813222
66.90145986126919,3826.536717346107
67.04789918026678,3828.5071802960683
67.19465903747376,3830.4780666901097
67.34174013451003,3832.4493878028475
67.4891431745313,3834.421155159208
67.63686886223235,3836.3933805371557
67.78491790385048,3838.366075970434
67.93329100716889,3840.3392537513378
68.08198888151998,3842.312926433506
68.23101223778886,3844.287106834745
68.38036178841656,3846.2618080398565
68.53003824740371,3848.2370434035197
68.6800423303137,3850.2128265531696
68.83037475427624,3852.189171391918
68.98103623799079,3854.1660921014877
69.13202750172984,3856.143603145184
69.28334926734256,3858.121719270874
69.43500225825818,3860.1004555140134
69.58698719948937,3862.079827200679
69.73930481763584,3864.059849950637
69.8919558408876,3866.0405396804326
70.04494099902875,3868.0219126065144
70.19826102344071,3870.0039852483733
70.3519166471058,3871.9867744317157
70.50590860461081,3873.970297291659
70.66023763215036,3875.9545712759605
70.8149044675306,3877.939614148265
70.96990985017261,3879.925443991386
71.12525452111598,3881.9120792106132
71.28093922302239,3883.8995385370467
71.436964700179,3885.887841030951
71.59333169850225,3887.8770060851634
71.75004096554123,3889.8670534284947
71.90709325048138,3891.8580031291863
72.064489304148,3893.849875598386
72.22222987900979,3895.84269159365
72.38031572918258,3897.836472222481
72.53874761043288,3899.831238945888
72.69752628018146,3901.827013581987
72.85665249750703,3903.8238183096164
73.01612702314972,3905.821675671995
73.17595061951495,3907.8206085804113
73.33612405067691,3909.8206403179247
73.49664808238226,3911.8217945431256
73.65752348205382,3913.8240952939063
73.8187510187941,3915.827566991264
73.9803314633892,3917.832234443147
74.14226558831236,3919.8381228483267
74.3045541677276,3921.845257800295
74.46719797749361,3923.8536652912044
74.63019779516719,3925.863371715837
74.79355440000725,3927.874403875597
74.95726857297835,3929.886788982558
75.12134109675449,3931.9005546635185
75.2857727557229,3933.915728964107
75.45056433598764,3935.932340352914
75.61571662537352,3937.950417725669
75.78123041342981,3939.969990409429
75.94710649143401,3941.9910881668256
76.11334565239565,3944.013741200337
76.27994869105996,3946.037980156581
76.44691640391187,3948.063836130682
76.61424958917972,3950.0913406706204
76.78194904683905,3952.120525781671
76.95001557861646,3954.1514239308353
77.11844998799339,3956.1840680513346
77.28725308021006,3958.218491547131
77.45642566226927,3960.2547282974897
77.6259685429402,3962.2928126615666
77.79588253276239,3964.3327794830575
77.96616844404954,3966.374664094853
78.13682709089333,3968.4185023237587
78.3078592891675,3970.464330495244
78.47926585653157,3972.51218543822
78.65104761243485,3974.5621044898744
78.82320537812036,3976.6141255005286
78.99573997662861,3978.6682827052678
79.16865223280176,3980.72443148226
79.34194297328739,3982.7824728425303
79.51561302654254,3984.842391253352
79.6896632228377,3986.9041710075076
79.86409439426055,3988.967796221937
80.03890737472028,3991.033250836364
80.21410299995134,3993.1005186119373
80.38968210751752,3995.169583129833
80.56564553681595,3997.2404277898695
80.74199412908102,3999.3130358091016
80.91872872738858,4001.387390220404
81.09585017665984,4003.463473871057
81.2733593236654,4005.541269421301
81.45125701702945,4007.6207593429035
81.62954410723354,4009.7019259177014
81.80822144662099,4011.7847512361386
81.98728988940071,4013.869217195784
82.16675029165143,4015.9553054998655
82.34660351132568,4018.042997655753
82.52685040825394,4020.132274973469
82.70749184414879,4022.2231185641613
82.88852868260899,4024.31550933859
83.06996178912362,4026.4094280055733
83.25179203107625,4028.5048550704546
83.43402027774891,4030.6017708335276
83.61664740032651,4032.70015538848
83.79967427190088,4034.7999886208077
83.98310176747489,4036.901250206221
84.16693076396676,4039.003919609035
84.35116214021403,4041.1079760805696
84.53579677697806,4043.2133986575095
84.72083555694803,4045.3201661602743
84.90627936474526,4047.4282571913627
85.0921290869274,4049.537650133704
85.27838561199253,4051.648323148965
85.46504983038375,4053.7602541758897
85.6521226344931,4055.8734209285853
85.83960491866603,4057.987800894826
86.0274975792056,4060.1033713343204
86.21580151437666,4062.220109276992
86.4045176244104,4064.337991521231
86.59364681150845,4066.456994632133
86.78318997984725,4068.5770949397383
86.97314803558241,4070.698268537246
87.1635218868529,4072.820491279219
87.35431244378562,4074.9437387797802
87.54552061849955,4077.067986410797
87.73714732511026,4079.1932093000446
87.9291934797342,4081.3193823293623
88.12166000049295,4083.4464801327977
88.31454780751793,4085.574477094741
88.50785782295453,4087.703347348029
88.70159097096665,4089.833064772062
88.89574817774107,4091.963602990886
89.09033037149177,4094.0949353712713
89.28533848246462,4096.227035020782
89.48077344294164,4098.35987478581
89.6766361872455,4100.493427249631
89.87292765174399,4102.627664730415
90.06964877485454,4104.762559279233
90.26680049704855,4106.898082678063
90.46438376085611,4109.034206437757
90.66239951087036,4111.17090179602
90.86084869375203,4113.3081397153555
91.05973225823405,4115.445890881006
91.25905115512585,4117.58412569887
91.45880633731822,4119.722814293423
91.65899875978766,4121.861926505606
91.85962937960102,4124.001431890707
92.06069915592008,4126.141299716218
92.26220905000596,4128.281498959698
92.46416002522405,4130.421998306602
92.66655304704834,4132.562766148101
92.86938908306615,4134.703770578887
93.07266910298277,4136.844979394965
93.27639407862594,4138.986360091426
93.48056498395073,4141.127879860202
93.68518279504406,4143.269505587814
93.89024849012934,4145.411203853107
94.0957630495713,4147.552940924939
94.30172745588041,4149.694682759903
94.50814269371784,4151.836394999984
94.7150097499001,4153.9780429702405
94.92232961340365,4156.119591676443
95.13010327536976,4158.261005802705
95.3383317291091,4160.4022497091
95.54701597010666,4162.543287429254
95.75615699602642,4164.684082667935
95.96575580671609,4166.824598798615
96.17581340421202,4168.964798861012
96.38633079274372,4171.104645558622
96.597308978739,4173.2441012562385
96.80874897082856,4175.383127977444
97.02065177985088,4177.521687402085
97.23301841885711,4179.65974086374
97.44584990311567,4181.797249347159
97.65914725011744,4183.93417348569
97.87291147958044,4186.070473558684
98.08714361345467,4188.206109488893
98.3018446759272,4190.34104083983
98.51701569342669,4192.475226813135
98.73265769462871,4194.6086262458975
98.94877171046043,4196.741197607981
99.16535877410563,4198.872898999326
99.38241992100957,4201.003688147212
99.59995618888392,4203.13352240354
99.81796861771187,4205.262358742052
100.03645824975297,4207.39015375557
100.25542612954821,4209.516863653195
100.47487330392477,4211.642444257483
100.69480082200151,4213.766851001617
100.91520973519334,4215.890038926554
101.13610109721697,4218.011962678139
101.35747596409526,4220.132576504221
101.5793353941626,4222.25183425173
101.80168044807023,4224.369689363747
102.02451218879064,4226.4860948765445
102.24783168162342,4228.601003416614
102.47163999419972,4230.714367197669
102.69593819648755,4232.826138017621
102.92072736079729,4234.936267255549
103.14600856178606,4237.04470586864
103.37178287646371,4239.151404389104
103.59805138419718,4241.256312921073
103.82481516671606,4243.359381137482
104.052075308118,4245.460558276922
104.27983289487322,4247.559793140471
104.5080890158305,4249.65703408851
104.73684476222165,4251.752229037509
104.96610122766707,4253.845325456798
105.19585950818129,4255.93627036531
105.42612070217743,4258.025010328301
105.65688591047339,4260.111491454056
105.88815623629624,4262.195659390566
106.11993278528793,4264.277459322174
106.35221666551082,4266.356835966216
106.58500898745228,4268.433733569622
106.81831086403083,4270.508095905512
107.05212341060071,4272.579866269738
107.28644774495754,4274.648987477438
107.52128498734396,4276.715401859544
107.7566362604543,4278.779051259272
107.99250268944073,4280.839877028586
108.22888540191792,4282.897820024637
108.4657855279688,4284.952820606186
108.70320420015018,4287.00481862999
108.94114255349751,4289.05375344717
109.17960172553113,4291.099563899556
109.41858285626091,4293.142188315999
109.65808708819212,4295.181564508663
109.89811556633111,4297.217629769297
110.13866943819013,4299.250320865464
110.3797498537936,4301.279574036767
110.62135796568289,4303.305324991032
110.86349492892214,4305.32750890046
111.10616190110413,4307.3460603977865
111.349360042355,4309.36091357236
111.59309051534075,4311.372001966254
111.83735448527197,4313.379258570295
112.08215311990973,4315.38261582012
112.32748758957159,4317.382005592142
112.57335906713627,4319.377377648711
112.81976872805026,4321.369575337901
113.06671775033267,4323.359087615299
113.31420731458108,4325.345916354641
113.56223860397766,4327.330063721976
113.81081280429392,4329.311532179236
114.05993110389737,4331.290324487848
114.30959469375635,4333.26644371237
114.55980476744611,4335.23989322417
114.81056252115485,4337.210676705125
115.06186915368856,4339.178798151352
115.3137258664778,4341.144261876996
115.56613386358255,4343.107072518013
115.81909435169831,4345.067235036021
116.07260854016229,4347.0247547221625
116.3266776409583,4348.979637201012
116.58130286872347,4350.93188843452
116.83648544075335,4352.881514725971
117.09222657700795,4354.828522724007
117.34852750011801,4356.772919426667
117.60538943538995,4358.714712185455
117.86281361081276,4360.65390870947
118.12080125706298,4362.590517069543
118.37935360751094,4364.524545702432
118.63847189822704,4366.4560034150345
118.8981573679868,4368.384899388658
119.15841125827778,4370.311243183309
119.41923481330463,4372.235044742023
119.6806292799954,4374.156314395249
119.9425959080079,4376.075062865244
120.20513594973481,4377.991301270526
120.46825066031062,4379.905041130362
120.73194129761679,4381.816294369285
120.99620912228816,4383.725073321664
121.2610553977193,4385.6313907363065
121.5264813900697,4387.53525978109
121.79248836827082,4389.436694047661
122.05907760403132,4391.335707556144
122.3262503718434,4393.232314759907
122.59400794898944,4395.126530550372
122.86235161554708,4397.01837026185
123.13128265439641,4398.907849676436
123.40080235122524,4400.794985028928
123.67091199453554,4402.679793011808
123.94161287565011,4404.562290780248
124.21290628871772,4406.442495957166
124.48479353072044,4408.320426638326
124.75727590147889,4410.19610139748
125.03035470365882,4412.069539291552
125.30403124277774,4413.940759865871
125.57830682721031,4415.809783159441
125.85318276819554,4417.676629710269
126.12866037984223,4419.541320560714
126.40474097913557,4421.403877262913
126.68142588594391,4423.264321884224
126.95871642302406,4425.122677012736
127.23661391602876,4426.978965762813
127.51511969351188,4428.833211780688
127.7942350869359,4430.685439250108
128.0739614306773,4432.535672898021
128.35430006203333,4434.383938000319
128.63525232122885,4436.230260387617
128.91681955142175,4438.074666451088
129.19900309871053,4439.917183148354
129.48180431213967,4441.757838009414
129.76522454370658,4443.596659142622
130.04926514836845,4445.433675240732
130.33392748404768,4447.268915586965
130.61921291163966,4449.102410061161
130.90512279501817,4450.934189145954
131.19165850104233,4452.764283933008
131.47882139956354,4454.592726129316
131.76661286343113,4456.419548063527
132.0550342685,4458.24478269236
132.34408699363618,4460.068463607031
132.63377242072386,4461.890625039775
132.9240919346725,4463.711301870382
133.21504692342234,4465.530529632825
133.50663877795222,4467.348344521914
133.79886889228524,4469.164783400017
134.09173866349593,4470.9798838038405
134.38524949171716,4472.793683951259
134.67940278014603,4474.606222748204
134.97419993505162,4476.417539795611
135.26964236578073,4478.227675396423
135.56573148476505,4480.036670562643
135.86246870752836,4481.844567022471
136.1598554526923,4483.651407227462
136.45789314198421,4485.457234359777
136.75658320024306,4487.262092339477
137.05592705542657,4489.06602583187
137.35592613861854,4490.869080254948
137.6565818840347,4492.6713017868415
137.9578957290306,4494.472737373378
138.2598691141077,4496.273434735675
138.5625034829204,4498.073442377804
138.86580028228354,4499.8728095945235
139.16976096217837,4501.671586479052
139.47438697576052,4503.469823930949
139.77967977936595,4505.267573664006
140.08564083251838,4507.06488821424
140.39227159793663,4508.861820947948
140.6995735415408,4510.659514273922
141.0075481324601,4512.459550343707
141.31619684303925,4514.261922992048
141.62552114884562,4516.066612940929
141.93552252867693,4517.873600648953
142.24620246456718,4519.682866309044
142.55756244179497,4521.4943898461315
142.86960394888956,4523.308150914826
143.1823284776384,4525.124128897057
143.49573752309482,4526.942302899705
143.80983258358393,4528.762651752229
144.12461516071116,4530.585154004243
144.44008675936828,4532.4097879230985
144.75624888774115,4534.236531491448
145.07310305731727,4536.065362404783
145.390650782892,4537.896258068951
145.7088935825771,4539.729195597667
146.0278329778067,4541.564151809981
146.34747049334527,4543.401103227754
146.66780765729524,4545.240026073105
146.98884600110324,4547.080896265828
147.31058705956872,4548.923689420802
147.63303237085006,4550.7683808453785
147.95618347647263,4552.6149455367495
148.28004192133636,4554.463358179291
148.6046092537222,4556.3135931418865
148.92988702530073,4558.165624475241
149.2558767911385,4560.019425909168
149.58258010970584,4561.8749708498435
149.909998542885,4563.7322323770595
150.2381336559762,4565.591183241454
150.5669870177067,4567.451795861702
150.89656020023696,4569.314042321705
151.22685477916872,4571.177894367745
151.557872333553,4573.043323405634
151.88961444589654,4574.910300497829
152.22208270217067,4576.778796360521
152.5552786918177,4578.648781360718
152.88920400775908,4580.520225513291
153.2238602464034,4582.393098478013
153.559249007653,4584.267369556553
153.89537189491284,4586.143007689479
154.2322305150971,4588.019981453205
154.5698264786372,4589.8982590569385
154.9081613994902,4591.777808339601
155.24723689514528,4593.65859676671
155.5870545866326,4595.540591427263
155.92761609853025,4597.423759030578
156.26892305897223,4599.308065903116
156.6109770996569,4601.193477985282
156.95377985585347,4603.079960828203
157.29733296641123,4604.96747959048
157.6416380737663,4606.855999034909
157.9866968239498,4608.745483525187
158.3325108665964,4610.635897022597
158.6790818549509,4612.527203082654
159.02641144587753,4614.419364851731
159.3745012998667,4616.312345063669
159.72335308104346,4618.206106036355
160.07296845717588,4620.100609668264
160.42334909968199,4621.9958174349995
160.77449668363892,4623.891690385789
161.12641288778994,4625.788189139947
161.4790993945528,4627.685273883344
161.83255789002845,4629.582904364814
162.1867900640078,4631.481039892553
162.5417976099812,4633.379639330487
162.89758222514524,4635.278661094621
163.25414561041168,4637.178063149336
163.61148947041568,4639.077803003694
163.96961551352308,4640.977837707688
164.32852545183974,4642.8781238484735
164.6882210012187,4644.7786175465735
165.04870388126866,4646.679274452052
165.409975815363,4648.580049740663
165.77203853064657,4650.480898109969
166.13489375804542,4652.38177377543
166.49854323227396,4654.282630466458
166.8629886918436,4656.183421422457
167.2282318790717,4658.084099388821
167.59427454008866,4659.9846166129055
167.9611184248476,4661.884924839968
168.3287652871316,4663.7849753090895
168.69721688456258,4665.684718749041
169.06647497861013,4667.5841053741515
169.43654133459887,4669.483084880117
169.80741772171814,4671.381606439796
170.17910591302916,4673.279618698967
170.5516076854749,4675.17706977206
170.92492481988725,4677.073907237845
171.29905910099617,4678.970078135098
171.67401231743872,4680.86552895824
172.04978626176634,4682.760205652936
172.42638273045486,4684.65405361165
172.80380352391188,4686.547017669194
173.18205044648585,4688.439042098224
173.56112530647525,4690.330070604714
173.94102991613602,4692.2200463233785
174.3217660916916,4694.108911813096
174.70333565334045,4695.996609052252
175.08574042526513,4697.883079434092
175.46898223564176,4699.768263762015
175.85306291664733,4701.652102244833
176.23798430447,4703.534534492013
176.62374823931654,4705.415499508861
177.01035656542177,4707.294935691686
177.39781113105786,4709.172780822927
177.78611378854185,4711.04897206624
178.17526639424608,4712.923445961546
178.56527080860567,4714.796138420055
178.956128896128,4716.666984719242
179.34784252540223,4718.5359194977855
179.74041356910686,4720.40287675048
180.1338439040202,4722.267789823102
180.52813541102816,4724.130591407241
180.92328997513349,4725.991213535089
181.3193094854657,4727.8495875742
181.71619583528854,4729.705644222209
182.11395092201073,4731.559313501498
182.51257664719355,4733.410524753847
182.91207491656058,4735.259206635031
183.31244764000743,4737.105287109373
183.7136967316094,4738.948693444275
184.11582410963226,4740.789352204687
184.5188316965401,4742.627189247559
184.92272141900503,4744.462129716231
185.327495207917,4746.294098034798
185.73315499839165,4748.12301790242
186.13970272978116,4749.948812287606
186.54714034568215,4751.771403422445
186.9554697939455,4753.590712796795
187.3646930266863,4755.406661152435
187.77481200029183,4757.219168477177
188.18582867543245,4759.0281539989255
188.59774501706954,4760.833536179689
189.01056299446563,4762.635232709582
189.4242845811943,4764.433160500735
189.83891175514825,4766.22723568119
190.2544464985503,4768.017373588758
190.6708907979616,4769.803488764804
191.0882466442916,4771.585494948007
191.50651603280818,4773.363305068071
191.92570096314594,4775.136831239388
192.3458034393171,4776.905984754662
192.76682546971998,4778.67067607847
193.18876906714885,4780.430814840788
193.6116362488045,4782.186309830483
194.0354290363023,4783.937068988728
194.46014945568345,4785.682999402391
194.88579953742334,4787.424007297371
195.31238131644184,4789.159998031884
195.73989683211363,4790.8908760896975
196.16834812827648,4792.616545073321
196.59773725324274,4794.336907697157
197.02806625980762,4796.051865780564
197.4593372052597,4797.761320240933
197.89155215139124,4799.465171086641
198.32471316450685,4801.163317410011
198.75882231543474,4802.8556573802
199.1938816795353,4804.542088236023
199.6298933367117,4806.222506278746
200.06685937142032,4807.896806864818
200.50478187267942,4809.564884398544
200.94366293408063,4811.226632324727
201.3835046537976,4812.88194312122
201.82430913459663,4814.5307082914605
202.2660784838474,4816.172818356941
202.70881481353143,4817.8081628496
203.15252024025403,4819.436695448014
203.5971968852529,4821.0626292714105
204.0428468744088,4822.6885373023015
204.4894723382565,4824.31441205466
204.93707541199333,4825.940246048001
205.3856582354912,4827.566031807863
205.83522295330533,4829.191761866263
206.28577171468513,4830.817428762196
206.73730667358498,4832.4430250421
207.18982998867332,4834.06854326036
207.64334382334437,4835.6939759797815
208.09785034572724,4837.319315772116
208.5533517286967,4838.944555218544
209.00985014988444,4840.569686910201
209.46734779168779,4842.19470344869
209.92584684128195,4843.819597446597
210.385349490629,4845.444361528036
210.8458579364889,4847.068988329165
211.30737438043076,4848.693470498741
211.7699010288417,4850.3178006986545
212.23344009293936,4851.9419716045
212.6979937887807,4853.565975906114
213.16356433727347,4855.189806308146
213.63015396418726,4856.813455530645
214.09776490016284,4858.436916309614
214.5663993807244,4860.060181397608
215.03605964628875,4861.683243564323
215.50674794217676,4863.306095597178
215.97846651862469,4864.92873030195
216.45121763079342,4866.551140503342
216.9250035387809,4868.1733190456325
217.39982650763167,4869.795258793284
217.87568880734804,4871.416952631571
218.3525927129018,4873.038393467225
218.83054050424352,4874.659574229065
219.30953446631514,4876.28048786866
219.78957688905945,4877.9011273609785
220.27067006743164,4879.521485705051
220.75281630141092,4881.141555924654
221.23601789601,4882.761331068962
221.72027716128792,4884.380804213264
222.20559641235948,4885.999968459629
222.69197796940696,4887.618816937623
223.17942415769193,4889.237342805006
223.66793730756478,4890.855539248454
224.15751975447768,4892.473399484277
224.64817383899387,4894.090916759147
225.1399019068008,4895.708084350837
225.63270630871955,4897.324895568966
226.126589400717,4898.941343755747
226.62155354391754,4900.557422286757
227.11760110461287,4902.173124571694
227.61473445427526,4903.78844405516
228.112955969567,4905.403374217446
228.6122680323527,4907.017908575312
229.11267302971123,4908.632040682805
229.61417335394566,4910.245764132053
230.11677140259633,4911.859072554089
230.62046957845092,4913.471959619672
231.12527028955643,4915.084419040123
231.6311759492316,4916.696444568163
232.13818897607658,4918.3080299987705
232.64631179398657,4919.919169170035
233.15554683216163,4921.52985596402
233.6658965251191,4923.140084307649
234.1773633127059,4924.74984817358
234.68994964010847,4926.359141581117
235.20365795786645,4927.967958597092
235.71849072188272,4929.576293336787
236.23445039343588,4931.184139964852
236.75153943919258,4932.79149269625
237.26976033121784,4934.398345797167
237.7891155469887,4936.00469358599
238.30960756940433,4937.610530434248
238.8312388867987,4939.21585076758
239.35401199295316,4940.82064906673
239.87792938710666,4942.424919868506
240.40299357396975,4944.028657766801
240.92920706373462,4945.631857413587
241.45657237208812,4947.234513519931
241.98509202022424,4948.836620857031
242.51476853485465,4950.438174257237
243.0456044482227,4952.039168615114
243.5776022981137,4953.639598888485
244.11076462786798,4955.239460099503
244.64509398639353,4956.838747335733
245.18059292817676,4958.437455751233
245.71726401329644,4960.035580567653
246.2551098074343,4961.6331170753465
246.79413288188815,4963.230060634489
247.33433581358466,4964.826406676208
247.8757211850902,4966.422150703725
248.41829158462502,4968.017288293507
248.96204960607392,4969.611815096427
249.50699784899945,4971.205726838947
250.05313891865498,4972.799019324292
250.60047542599554,4974.391688433657
251.14900998769215,4975.98373012741
251.69874522614273,4977.575140446311
252.2496837694853,4979.165915512747
252.80182825161125,4980.7560515319765
253.3551813121763,4982.345544793376
253.90974559661512,4983.934391671719
254.46552375615207,4985.5225886284425
255.02251844781472,4987.110132212945
255.5807323344474,4988.697019063892
256.140168084722,4990.283245910525
256.70082837315283,4991.868809573993
257.26271588010775,4993.4537069686885
257.8258332918215,4995.0379351036045
258.3901833004094,4996.6214910837
258.9557686038786,4998.204372111278
259.5225919061428,4999.786575487372
260.0906559170335,5001.368098613153
260.65996335231364,5002.948938991353
261.2305169336916,5004.529094227679
261.802319388832,5006.108562032273
262.37537345137116,5007.687340221164
262.9496818609282,5009.265426717733
263.52524736311886,5010.842819554202
264.1020727095696,5012.41951687313
264.68016065792875,5013.995516928928
265.2595139718819,5015.570818089377
265.8401354211632,5017.145418837178
266.42202778156945,5018.719317771491
267.005193834974,5020.292513609521
267.5896363693385,5021.865005188084
268.1753581787282,5023.436791465213
268.7623620633231,5025.007871521769
269.3506508294329,5026.5782445630575
269.9402272895105,5028.147909920488
270.53109426216395,5029.716867053207
271.1232545721719,5031.285115549794
271.7167110504954,5032.852655129919
272.3114665342921,5034.41948564607
272.90752386693055,5035.985607085256
273.50488589800216,5037.551019570737
274.10355548333683,5039.115723363788
274.7035354850146,5040.679718865441
275.3048287713803,5042.243006618283
275.9074382170582,5043.805587308243
276.51136670296347,5045.367461766402
277.1166171163185,5046.9286309708295
277.7231923506645,5048.489096048422
278.3310953058765,5050.04885827676
278.9403288881776,5051.607919086004
279.5508960101514,5053.166280060763
280.1627995907578,5054.723942942029
280.77604255534504,5056.28090962909
281.39062783566476,5057.83718218149
282.0065583698866,5059.392762820977
282.6238371026103,5060.947653933491
283.24246698488236,5062.501858071171
283.8624509742076,5064.055377954358
284.4837920345648,5065.608216473626
285.106493136421,5067.160376691859
285.73055725674453,5068.711861846282
286.35598737902075,5070.26267535059
286.9827864932648,5071.812820797026
287.6109575960366,5073.362301958517
288.240503690456,5074.911122790823
288.8714277862153,5076.459287434688
289.5037328995956,5078.006800218033
290.13742205347955,5079.553665658156
290.7724982773665,5081.099888463941
291.40896460738793,5082.645473538118
292.0468240863198,5084.190425979497
292.6860797635996,5085.73475108528
293.3267346953387,5087.27845435333
293.96879194433797,5088.821541484509
294.6122545801034,5090.364018385007
295.25712567885836,5091.905891168708
295.903408323561,5093.447166159577
296.5511056039168,5094.987849894043
297.20022061639435,5096.527949123443
297.85075646424076,5098.067470816449
298.50271625749457,5099.606422161533
299.15610311300316,5101.144810569468
299.8109201544351,5102.682643675821
300.4671705122974,5104.21992934349
301.12485732394856,5105.756675665242
301.7839837336143,5107.292890966305
302.44455289240375,5108.82858380695
303.10656795832205,5110.363762985112
303.77003209628805,5111.898437539028
304.4349484781475,5113.432616749905
305.10132028268873,5114.966310144601
305.76915069565916,5116.499527498336
306.4384429097781,5118.032278837415
307.10920012475447,5119.564574442009
307.78142554730033,5121.096424848895
308.45512239114663,5122.627840854298
309.1302938770597,5124.1588335166825
309.80694323285474,5125.689414159636
310.4850736934132,5127.219594374716
311.16468850069657,5128.749386024368
311.8457909037626,5130.278801244839
312.52838415878153,5131.8078524491375
313.21247152905005,5133.3365523299935
313.89805628500886,5134.864913862876
314.5851417042565,5136.392950308995
315.2737310715655,5137.9206752183745
315.9638276788997,5139.448102432914
316.65543482542694,5140.975246089499
317.3485558175382,5142.502120623126
318.04319396886063,5144.028740770055
318.73935260027446,5145.555121571001
319.43703503993004,5147.081278374329
320.13624462326123,5148.607226839305
320.8369846930042,5150.132982939342
321.53925859921077,5151.658562965307
322.24306969926585,5153.1839835288265
322.94842135790407,5154.709261565638
323.6553169472239,5156.234414338962
324.3637598467062,5157.759459442908
325.073753443228,5159.284414805903
325.78530113107996,5160.809298694143
326.4984063119834,5162.334129715097
327.21307239510423,5163.858926821015
327.9293027970719,5165.3837093124785
328.6471009419936,5166.9084968419675
329.3664702614713,5168.433309417482
330.08741419461956,5169.95816740617
330.80993618807923,5171.4829777051455
331.53403969603687,5173.006507603151
332.2597281802388,5174.528403957181
332.98700511000874,5176.048652078541
333.7158739622653,5177.567237267841
334.4463382215363,5179.084144815532
335.17840137997814,5180.599360002442
335.91206693739025,5182.112868100315
336.64733840123245,5183.624654372376
337.38421928664314,5185.134704073885
338.1227131164536,5186.643002452698
338.8628234212075,5188.149534749851
339.6045537391754,5189.654286200122
340.34790761637277,5191.157242032643
341.0928886065778,5192.658387471473
341.8395002713462,5194.157707736212
342.5877461800309,5195.655188042597
343.33762990979653,5197.150813603136
344.08915504563794,5198.644569627715
344.84232518039795,5200.136441324239
345.59714391478235,5201.626413899262
346.3536148573799,5203.114472558643
347.11174162467705,5204.6006025081915
347.8715278410762,5206.084788954328
348.6329771389144,5207.567017104763
349.39609315847787,5209.047272169159
350.1608795480224,5210.52553935983
350.9273399637885,5212.001803892423
351.6954780700195,5213.476050986624
352.46529753898045,5214.948265866869
353.2368020509734,5216.418433763052
354.00999529435717,5217.886539911262
354.78488096556316,5219.352569554506
355.5614627691137,5220.816507943458
356.339744417641,5222.278340337205
357.1197296319023,5223.7380520040115
357.9014221408006,5225.195628222081
358.6848256813999,5226.651054280332
359.4699439989443,5228.104315479188
360.2567808468768,5229.555397131375
361.04533998685474,5231.004284562704
361.8356251887708,5232.450963112914
362.6276402307684,5233.895418136461
363.42138889926093,5235.337635003371
364.21687498895074,5236.777599100067
365.01410230284495,5238.215295830218
365.81307465227655,5239.65071061561
366.6137958569198,5241.083828896993
367.41626974480994,5242.51463613497
368.2205001523624,5243.943117810881
369.02649092438844,5245.369259427702
369.8342459141168,5246.793046510944
370.6437689832093,5248.214464609572
371.45506400178056,5249.633499296937
372.2681348484174,5251.050136171694
373.08298541019496,5252.464360858773
373.8996195826983,5253.876159010313
374.7180412700382,5255.285516306633
375.5382543848712,5256.692418457221
376.3602628484192,5258.096851201704
377.1840705904857,5259.498800310859
378.0096815494777,5260.898251587615
378.8370996724216,5262.295190868064
379.6663289149834,5263.689604022509
380.49737324148884,5265.081476956492
381.3302366249395,5266.470795611845
382.1649230470349,5267.857545967756
383.0014364981889,5269.2417140418465
383.8397809775499,5270.62328589125
384.679960493021,5272.002247613707
385.52197906127674,5273.378585348687
386.36584070778525,5274.752285278486
387.21154946682464,5276.123333629376
388.05910938150356,5277.49171667274
388.9085245037818,5278.857420726224
389.7597988944869,5280.2204321549125
390.6129366233364,5281.5807373725
391.4679417689551,5282.93832284248
392.3248184188951,5284.293175079353
393.1835706696572,5285.645280649845
394.04420262670703,5286.994626174119
394.9067184044984,5288.341198327039
395.77112212648944,5289.684983839403
396.6374179251658,5291.025969499218
397.5056099420573,5292.364142152976
398.3757023277591,5293.699488706945
399.2476992419528,5295.031996128475
400.1216048534233,5296.361651447318
400.9974233400823,5297.688441756947
401.8751588889851,5299.012354215926
402.75481569635184,5300.33337604923
403.6363979675892,5301.651494549652
404.5199099173071,5302.966697079168
405.40535576934246,5304.278971070346
406.29273975677654,5305.5883040277495
407.18206612195627,5306.894683529371
408.0733391165156,5308.198097228071
408.9665630013935,5309.498532853034
409.861742046857,5310.795978211243
410.75888053251913,5312.090421188948
411.65798274736045,5313.381849753189
412.5590529897508,5314.670266842293
413.462095567467,5315.957211638818
414.3671147977168,5317.2437084561625
415.27411500715647,5318.52974171819
416.1831005319128,5319.815295748814
417.0940757176053,5321.100354771477
418.0070449193635,5322.3849029086305
418.92201250185184,5323.668924181223
419.8389828392869,5324.95240250815
420.7579603154602,5326.235321705737
421.6789493237598,5327.517665487212
422.60195426718894,5328.799417462153
423.52697955839017,5330.08056113597
424.45402961966334,5331.361079909347
425.3831088829883,5332.640957077714
426.3142217900474,5333.920175830689
427.24737279224325,5335.198719251535
428.1825663507241,5336.4765703166195
429.11980693640163,5337.75371189483
430.0590990299739,5339.030126747054
431.00044712194796,5340.305797525597
431.94385571265826,5341.580706773628
432.8893293122918,5342.854836924614
433.8368724409064,5344.128170301751
434.7864896284539,5345.400689117395
435.73818541480284,5346.672375472492
436.69196434975726,5347.9432113559915
437.647830993082,5349.213178644289
438.6057899145213,5350.482259100622
439.5658456938221,5351.750434374496
440.5280029207571,5353.0176860011
441.4922661951437,5354.283995400708
442.4586401268696,5355.549343878095
443.4271293359116,5356.813712621943
444.39773845235914,5358.077082704221
445.3704721164376,5359.339435079618
446.34533497852755,5360.6007505849075
447.32233169919056,5361.861009938358
448.301466949188,5363.120193739117
449.28274540950537,5364.378282466597
450.2661717713753,5365.635256479861
451.25175073629725,5366.891096016996
452.23948701606366,5368.145781194507
453.22938533277903,5369.399292006678
454.221450418884,5370.65160832494
455.2156870171793,5371.902709897259
456.2120998808453,5373.1525763474765
457.21069377346834,5374.401187174692
458.21147346906037,5375.648521752613
459.2144437520829,5376.894559328912
460.21960941747164,5378.139279024577
461.2269752706559,5379.382659833273
462.2365461275853,5380.624680620666
463.24832681474976,5381.8653201237985
464.2623221692037,5383.104556950393
465.2785370385907,5384.342369578221
466.29697628116327,5385.578736354419
467.3176447658102,5386.813635494823
468.34054737207606,5388.0470450832945
469.3656889901862,5389.278943071052
470.3930745210716,5390.509307275981
471.42270887638875,5391.738115381959
472.4545969785472,5392.965344938166
473.4887437607297,5394.190973358401
474.5251541669168,5395.414977920373
475.5638331519128,5396.637335765033
476.604785681365,5397.858023895842
477.6480167317923,5399.077019178101
478.6935312906049,5400.294298338214
479.74133435612987,5401.509837963002
480.7914309376366,5402.723614498977
481.84382605535706,5403.935604251634
482.898524740514,5405.145783384716
483.9555320353413,5406.354127919512
485.01485299310997,5407.560613734112
486.07649267815316,5408.765216562686
487.1404561658875,5409.967911994743
488.2067485428409,5411.168675474403
489.2753749066738,5412.367482299644
490.3463403662047,5413.564307621566
491.4196500414361,5414.759126443636
492.4953090635758,5415.9519136209465
493.57332257506494,5417.1426438594435
494.6536957295996,5418.331291715179
495.7364336921564,5419.517831593545
496.82154163901936,5420.702237748508
497.90902475780035,5421.88448428183
498.9988882474687,5423.064545142304
500.0911373183718,5424.242394124974
501.18577719226215,5425.418004870347
502.2828131023234,5426.591350863614
503.38225029319204,5427.762405433853
504.48409402098645,5428.931141753248
505.58834955332856,5430.0975328362765
506.6950221693704,5431.261551538921
507.80411715982115,5432.423170557853
508.9156398269684,5433.582362429633
510.02959548470807,5434.739099529893
511.14598945856596,5435.89335407252
512.2648270857248,5437.045098108835
513.3861137150515,5438.194303526772
514.5098547071185,5439.340942050044
515.6360554342345,5440.484985237304
516.7647212804656,5441.626404481332
517.8958576416632,5442.765171008159
519.0294699254907,5443.901255876261
520.165563551447,5445.034629975673
521.304143950895,5446.165264027155
522.4452165670847,5447.2931285813365
523.5887868551811,5448.418194017846
524.734860282291,5449.540430544449
525.8834423274866,5450.659808196178
527.0345384818345,5451.776296834459
528.1881542484189,5452.889866146225
529.3442951423716,5454.000485643055
530.502966690895,5455.10812466025
531.6641744332895,5456.212752355978
532.8279239209822,5457.314337710362
533.9942207175495,5458.412849524575
535.1630703987479,5459.508256419947
536.3344785525369,5460.600526837043
537.5084507791073,5461.689629034765
538.6849926909099,5462.775998882839
539.8641099126783,5463.861566327167
541.0458080814598,5464.9465345586095
542.2300928466393,5466.030891753042
543.4169698699674,5467.1146260309915
544.6064448255892,5468.197725457541
545.7985234000676,5469.280178042164
546.9932112924149,5470.361971738593
548.1905142141163,5471.443094444676
549.3904378891588,5472.523534002245
550.5929880540599,5473.603278196968
551.7981704578918,5474.682314758219
553.0059908623128,5475.760631358926
554.2164550415911,5476.838215615447
555.429568782634,5477.91505508743
556.6453378850174,5478.991137277673
557.8637681610096,5480.066449631987
559.0848654356035,5481.140979539062
560.3086355465406,5482.214714330327
561.5350843443401,5483.287641279825
562.7642176923296,5484.359747604064
563.996041466668,5485.431020461891
565.2305615563791,5486.501446954362
566.4677838633752,5487.571014124596
567.7077143024871,5488.639708957653
568.9503588014943,5489.707518380403
570.1957233011492,5490.77442926138
571.4438137552099,5491.840428410666
572.6946361304654,5492.905502579748
573.9481964067644,5493.9696384614
575.2045005770473,5495.03282268954
576.4635546473695,5496.095041839112
577.7253646369358,5497.15628242595
578.989936578124,5498.216530906654
580.2572765165164,5499.275773678459
581.52739051093,5500.333997079112
582.8002846334416,5501.391187386742
584.0759649694211,5502.447330819737
585.3544376175572,5503.502413536618
586.6357086898876,5504.556421635914
587.9197843118304,5505.609341156036
589.2066706222091,5506.661158075162
590.4963737732868,5507.711858311107
591.7888999307913,5508.761427721203
593.0842552739466,5509.809852102178
594.3824459955039,5510.857117190041
595.6834783017671,5511.903208659945
596.9873584126278,5512.948112126103
598.2940925615899,5513.991813141623
599.603686995802,5515.034297198434
600.9161479760887,5516.075549727141
602.2314817769765,5517.115556096925
603.549694686728,5518.154301615418
604.870793007369,5519.191771528596
606.1947830547192,5520.227951020659
607.5216711584246,5521.262825213934
608.8514636619841,5522.296379168731
610.1841669227838,5523.328597883277
611.5197873121236,5524.359466293563
612.8583312152494,5525.3889692732655
614.1998050313858,5526.417091633623
615.5442151737615,5527.443818123333
616.8915680696459,5528.469133428449
618.241870160375,5529.493022172267
619.595127901384,5530.515468915231
620.9513477622403,5531.536458154824
622.3105362266696,5532.555974325465
623.6726997925927,5533.57400179841
625.0378449721512,5534.5905248816525
626.4059782917413,5535.605527819823
627.7771062920467,5536.6189947940875
629.1512355280648,5537.630909922059
630.5283725691444,5538.641257257691
631.9085239990112,5539.650020791188
633.2916964158024,5540.657184448916
634.6778964320994,5541.662732093298
636.0671306749553,5542.666647522735
637.4594057859315,5543.668914471508
638.8547284211251,5544.66951660969
640.2531052512027,5545.668437543058
641.6545429614339,5546.6656608130115
643.0590482517192,5547.661169896477
644.4666278366269,5548.654948205829
645.8772884454208,5549.646979088812
647.291036822094,5550.637245828448
648.7078797254038,5551.625731642963
650.1278239288985,5552.612419685704
651.5508762209557,5553.597293045068
652.9770434048104,5554.580334744419
654.4063322985883,5555.561527742009
655.8387497353417,5556.540854930919
657.274302563077,5557.518299138968
658.7129976447922,5558.493843128657
660.1548418585062,5559.467469597089
661.5998420972927,5560.43916117591
663.0480052693158,5561.408900431234
664.4993382978577,5562.376669863582
665.9538481213579,5563.342451907823
667.4115416934409,5564.306228933095
668.8724259829522,5565.267983242768
670.3365079739932,5566.2276970743715
671.8037946659499,5567.185352599532
673.2742930735319,5568.1409319239265
674.7480102268011,5569.094417087226
676.2249531712072,5570.045790063047
677.705128967624,5570.99503275889
679.1885446923775,5571.942127016097
680.6752074372861,5572.887054609805
682.1651243096888,5573.829797248904
683.6583024324824,5574.770336575977
685.1547489441564,5575.708654167277
686.6544709988228,5576.644731532672
688.1574757662563,5577.578550115615
689.6637704319229,5578.510091293104
691.173362197017,5579.439336375654
692.6862582784973,5580.366266607246
694.2024659091173,5581.29086316531
695.7219923374646,5582.213107160705
697.24484482799,5583.132979637663
698.7710306610488,5584.050461573792
700.3005571329296,5584.965533880037
701.8334315558916,5585.87817740066
703.3696612582021,5586.788372913232
704.9092535841661,5587.696101128597
706.4522158941672,5588.601342690876
707.9985555646981,5589.504078177441
709.5482799883976,5590.404288098909
711.101396574088,5591.30195289913
712.6579127468062,5592.19704164179
714.2178359478444,5593.08940011056
715.7811736347804,5593.979001647464
717.3479332815162,5594.865868133087
718.9181223783153,5595.750021937812
720.4917484318333,5596.631485926926
722.0688189651604,5597.510283465773
723.6493415178513,5598.386438424956
725.2333236459642,5599.2599751855905
726.8207729220985,5600.130918644555
728.4116969354266,5600.999294219851
730.0061032917351,5601.865127855973
731.6039996134572,5602.728446029307
733.2053935397101,5603.58927575361
734.8102927263346,5604.447644585513
736.4187048459263,5605.303580630078
738.0306375878781,5606.157112546391
739.6460986584119,5607.008269553213
741.2650957806175,5607.85708143468
742.8876366944917,5608.703578546029
744.5137291569707,5609.5477918193965
746.1433809419724,5610.389752769649
747.7765998404285,5611.229493500273
749.4133936603246,5612.067046709295
751.0537702267386,5612.902445695278
752.6977373818744,5613.735724363338
754.3453029851038,5614.566917231236
755.9964749129999,5615.396059435503
757.6512610593768,5616.223186737616
759.3096693353293,5617.048335530237
760.9717076692656,5617.871542843491
762.6373840069514,5618.692846351303
764.3067063115424,5619.512284377783
765.9796825636246,5620.32989590366
767.6563207612548,5621.145720572781
769.336628919994,5621.959798698647
771.0206150729509,5622.772171271019
772.7082872708155,5623.582879962556
774.3996535818999,5624.391967135541
776.0947220921789,5625.199475848621
777.7935009053238,5626.005449863636
779.4959981427464,5626.809933652484
781.2022219436337,5627.612972404048
782.9121804649878,5628.414612031189
784.6258818816683,5629.214899177764
786.3433343864249,5630.013881225753
788.064546189944,5630.811606302388
789.7895255208815,5631.608123287379
791.5182806259048,5632.403481820184
793.250819769735,5633.19773230734
794.9871512351802,5633.990925929845
796.7272833231818,5634.7831146506205
798.4712243528487,5635.574351222013
800.2189826614992,5636.364689193359
801.9705666047035,5637.154182918634
803.7259845563179,5637.942887564126
805.4852449085314,5638.730859116211
807.2483560718997,5639.518154389144
809.0153264753887,5640.304831032971
810.7861645664166,5641.090947541449
812.5608788108883,5641.876563260063
814.3394776932436,5642.661738394106
816.1219697164904,5643.446534016794
817.9083634022494,5644.231012077497
819.6986672907963,5645.015235409989
821.492889941097,5645.799267740782
823.2910399308555,5646.583173697543
825.0931258565488,5647.367018817548
826.8991563334705,5648.15086955622
828.7091399957745,5648.934793295743
830.5230854965108,5649.718858353729
832.3410015076729,5650.503133991965
834.1628967202339,5651.287690425221
835.9887798441905,5652.072598830133
837.8186596086067,5652.857931354165
839.6525447616505,5653.643761124627
841.4904440706416,5654.430162257775
843.332366322088,5655.217209867979
845.1783203217302,5656.004980076972
847.028314894586,5656.793550023156
848.8823588849866,5657.5829978710035
850.7404611566261,5658.373402820514
852.6026305925972,5659.164845116754
854.468876095437,5659.957406059481
856.3392065871716,5660.751168012834
858.2136310093528,5661.546214415083
860.092158323108,5662.342629788505
861.9747975091768,5663.140499749295
863.8615575679568,5663.939911017553
865.7524475195484,5664.740951427397
867.647476403793,5665.5437099370965
869.5466532803224,5666.3482766393345
871.4499872285963,5667.154742771511
873.3574873479482,5667.9632007261625
875.2691627576318,5668.773744061447
877.1850225968577,5669.5864675117
879.1050760248454,5670.401466998096
881.0293322208595,5671.2188396393885
882.9578003842574,5672.038683762719
884.8904897345353,5672.861098914533
886.8274095113661,5673.686185871554
888.768568974651,5674.514046651889
890.7139774045572,5675.344784526166
892.6636441015653,5676.178504028798
894.6175783865158,5677.01531096933
896.5757896006482,5677.855312443844
898.5382871056524,5678.69861684651
900.5050802837072,5679.545333881162
902.4761785375279,5680.395510952406
904.4515912904135,5681.248344959374
906.4313279862865,5682.103534556742
908.4153980897444,5682.961043915318
910.4038110860987,5683.8208366640265
912.3965764814233,5684.6828758848405
914.3937038026024,5685.547124107656
916.3952025973698,5686.4135433051215
918.4010824343619,5687.282094887426
920.4113529031567,5688.152739697054
922.4260236143231,5689.025438003505
924.4451041994685,5689.900149497945
926.4686043112795,5690.776833287833
928.496533623575,5691.655447891524
930.5289018313449,5692.535951232779
932.5657186508039,5693.418300635281
934.6069938194318,5694.30245281708
936.6527370960222,5695.188363885012
938.7029582607328,5696.075989329045
940.7576671151247,5696.965284016611
942.8168734822177,5697.85620218688
944.8805872065298,5698.748697444995
946.9488181541274,5699.642722756242
949.0215762126759,5700.538230440199
951.0988712914792,5701.435172164828
953.1807133215359,5702.333498940518
955.267112255579,5703.233161114082
957.3580780681273,5704.134108362711
959.4536207555349,5705.036289687883
961.5537503360334,5705.939653409203
963.6584768497869,5706.844147158233
965.767810358933,5707.749717872227
967.8817609476347,5708.656311787869
970.0003387221304,5709.563874434902
972.1235538107761,5710.472350629769
974.2514163641017,5711.381684469149
976.3839365548522,5712.291819323486
978.5211245780395,5713.202697830437
980.6629906509943,5714.11426188829
982.809545013408,5715.026452649308
984.9607979273889,5715.93921051305
987.1167596775053,5716.852475119615
989.2774405708373,5717.766185342837
991.4428509370284,5718.6802792834405
993.613001128329,5719.594694262134
995.787901519653,5720.509366812646
997.9675625086211,5721.424232674706
1000.1519945156126,5722.339226786991
1002.3412079838195,5723.254283279982
1004.535213379288,5724.1693354687995
1006.7340211909777,5725.08431584596
1008.937641930804,5725.9991560740855
1011.1460861336919,5726.913786978555
1013.3593643576288,5727.828138540108
1015.5774871837085,5728.742139887359
1017.8004652161894,5729.65571928931
1020.0283090825386,5730.568804147735
1022.2610294334851,5731.481320989574
1024.4986369430742,5732.393195459216
1026.7411423087117,5733.304352310746
1028.9885562512225,5734.2147154001395
1031.240889514895,5735.12420767737
1033.4981528675355,5736.032751178477
1035.7603571005234,5736.940267017574
1038.0275130288544,5737.846675378776
1040.2996314912014,5738.751895508085
1042.5767233499582,5739.655845705194
1044.8587994912962,5740.558443315256
1047.1458708252173,5741.4596047205505
1049.4379482856007,5742.3592453321135
1051.7350428302623,5743.2572795813085
1054.0371654410003,5744.153620911301
1056.3443271236508,5745.048181768501
1058.6565389081436,5745.940873593922
1060.9738118485473,5746.831606814472
1063.296157023131,5747.720290834184
1065.6235855344094,5748.606834025387
1067.9561085091993,5749.491143719788
1070.2937370986763,5750.373126199501
1072.6364824784198,5751.252686688004
1074.984355848476,5752.129729341039
1077.337368433403,5753.004157237398
1079.6955314823285,5753.875872369709
1082.0588562690061,5754.74477563508
1084.4273540918623,5755.610766825725
1086.8010362740586,5756.473744619485
1089.1799141635383,5757.333606570297
1091.5639991330843,5758.190249098573
1093.9533025803762,5759.043567481526
1096.347835928037,5759.893455843397
1098.7476106236977,5760.7398071456355
1101.1526381400427,5761.582513176975
1103.5629299748693,5762.421464543456
1105.9784976511453,5763.256550658376
1108.399352717056,5764.08765973213
1110.8255067460695,5764.914678762015
1113.2569713369828,5765.737493521921
1115.693758113982,5766.555988551975
1118.1358787266997,5767.370047148086
1120.5833448502644,5768.1795513514135
1123.0361681853642,5768.984381937766
1125.4943604582952,5769.784431887238
1127.9579334210212,5770.583223992304
1130.4268988512324,5771.383541006704
1132.9012685523955,5772.185344016604
1135.3810543538173,5772.98859356623
1137.8662681106944,5773.793249652854
1140.356921704173,5774.599271721805
1142.853027041409,5775.406618661405
1145.354596055617,5776.215248797878
1147.8616407061375,5777.02511989022
1150.3741729784836,5777.836189125007
1152.8922048844045,5778.6484131112
1155.4157484619443,5779.461747874882
1157.944815775493,5780.276148853948
1160.4794189158524,5781.091570892784
1163.0195700002862,5781.90796823687
1165.565281172581,5782.7252945273685
1168.1165646031093,5783.543502795652
1170.6734324888769,5784.362545457789
1173.2358970535931,5785.182374309006
1175.8039705477197,5786.002940518083
1178.3776652485333,5786.8241946217
1180.9569934601875,5787.6460865187855
1183.5419675137632,5788.468565464767
1186.1325997673378,5789.29158006579
1188.7289026060353,5790.115078272925
1191.3308884420892,5790.939007376286
1193.9385697149055,5791.7633139991285
1196.5519588911136,5792.587944091887
1199.1710684646364,5793.412842926186
1201.79591095674,5794.237955088779
1204.4264989160986,5795.063224475462
1207.062844918857,5795.888594284927
1209.704961568684,5796.714007012566
1212.3528614968398,5797.539404444247
1215.00655736223,5798.36472765001
1217.6660618514693,5799.18991697774
1220.3313876789448,5800.014912046786
1223.0025475868695,5800.839651741514
1225.6795543453522,5801.66407420483
1228.3624207524508,5802.488116831644
1231.0511596342362,5803.311716262286
1233.7457838448574,5804.134808375865
1236.4463062665952,5804.957328283585
1239.152739809933,5805.779210322006
1241.8650974136092,5806.600388046242
1244.5833920446871,5807.420794223134
1247.3076366986113,5808.240360824339
1250.037844399271,5809.059019019387
1252.7740281990668,5809.876699168668
1255.5162011789648,5810.693330816384
1258.2643764485688,5811.508842683437
1261.0185671461738,5812.323162660244
1263.7787864388335,5813.136217799542
1266.5450475224259,5813.9479343090825
1269.3173636217089,5814.758237544322
1272.0957479903918,5815.567052001006
1274.8802139111922,5816.374301307748
1277.670774695901,5817.179908218502
1280.4674436854511,5817.983794605015
1283.2702342499722,5818.7858814491965
1286.0791597888644,5819.586088835453
1288.894233730854,5820.384335942935
1291.7154695340612,5821.180541037743
1294.5428806860677,5821.974621465083
1297.3764807039734,5822.766493641337
1300.2162831344706,5823.556073046087
1303.0623015538993,5824.343274214079
1305.914549568317,5825.128010727126
1308.773040813567,5825.910195205929
1311.6377889553344,5826.689739301883
1314.5088076892227,5827.466553688755
1317.3861107408088,5828.240548054356
1320.2697118657138,5829.011631092119
1323.1596248496714,5829.779710492627
1326.0558635085865,5830.544692935055
1328.9584416886096,5831.306484078572
1331.8673732661955,5832.064988553668
1334.7826721481722,5832.820109953409
1337.704352271813,5833.5717508246325
1340.632427604892,5834.319812659071
1343.5669121457631,5835.064195884414
1346.5078199234165,5835.8047998552975
1349.4551649975504,5836.541522844224
1352.408961458642,5837.27426203242
1355.3692234280054,5838.002913500613
1358.33596505787,5838.727372219755
1361.3092005314388,5839.447532041656
1364.28894406296,5840.16328568956
1367.2752098977992,5840.874524748645
1370.268012312498,5841.581139656458
1373.2673656148531,5842.283019693261
1376.2732841439754,5842.980052972319
1379.2857822703616,5843.67212643011
1382.304874395969,5844.359125816464
1385.3305749542724,5845.040935684615
1388.3628984103461,5845.717439381193
1391.4018592609223,5846.388519036132
1394.4474720344645,5847.054055552506
1397.4997512912423,5847.713928596283
1400.5587116233894,5848.368016586007
1403.6243676549861,5849.016196682401
1406.6967340421188,5849.658344777882
1409.7758254729545,5850.294335486012
1412.8616566678145,5850.9240421308705
1415.9542423792361,5851.547336736325
1419.0535973920535,5852.164090015234
1422.1597365234586,5852.774171358591
1425.2726746230774,5853.3774488245335
1428.3924265730427,5853.973789127335
1431.5190072880584,5854.563057626255
1434.6524317154795,5855.145118314332
1437.792714835375,5855.719833807109
1440.9398716606036,5856.287065331242
1444.0939172368894,5856.846672713041
1447.2548666428847,5857.39851436691
1450.4227349902521,5857.9424472837345
1453.5975374237282,5858.478327019137
1456.779289121199,5859.006007681678
1459.9680052937779,5859.525341920952
1463.1637011858675,5860.036180915603
1466.3663920752444,5860.538374361235
1469.5760932731225,5861.032906894612
1472.7928201242298,5861.525233699794
1476.0165880068862,5862.016089532514
1479.2474123330676,5862.505473645711
1482.4853085484904,5862.9933853912935
1485.7302921326755,5863.479824221416
1488.9823785990266,5863.964789689706
1492.2415834949086,5864.4482814525545
1495.5079224017124,5864.930299270405
1498.7814109349404,5865.410843009021
1502.0620647442706,5865.889912640821
1505.3498995136365,5866.36750824617
1508.6449309613067,5866.843630014726
1511.947174839949,5867.318278246764
1515.2566469367175,5867.791453354547
1518.5733630733187,5868.263155863676
1521.8973391060904,5868.733386414463
1525.2285909260827,5869.202145763333
1528.5671344591235,5869.669434784215
1531.9129856659063,5870.135254469951
1535.266160542056,5870.599605933735
1538.62667511821,5871.062490410533
1541.9945454600997,5871.52390925855
1545.3697876686165,5871.983863960678
1548.7524178799001,5872.442356125985
1552.1424522654063,5872.899387491187
1555.5399070319882,5873.3549599221715
1558.9447984219782,5873.809075415495
1562.3571427132554,5874.26173609991
1565.776956219335,5874.712944237924
1569.204255289436,5875.162702227332
1572.6390563085645,5875.611012602802
1576.0813756975951,5876.057878037447
1579.5312299133402,5876.503301344422
1582.9886354486403,5876.947285478532
1586.4536088324317,5877.389833537865
1589.926166629831,5877.83094876542
1593.4063254422185,5878.270634550752
1596.8941019073065,5878.708894431656
1600.389512699232,5879.145732095835
1603.892574528624,5879.581151382589
1607.4033041426903,5880.015156284542
1610.9217183253002,5880.447750949348
1614.4478338970548,5880.87893968144
1617.9816677153801,5881.308726943778
1621.5232366745959,5881.737117359629
1625.0725577060018,5882.164115714326
1628.6296477779626,5882.589726957096
1632.1945238959786,5883.013956202857
1635.7672031027796,5883.436808734052
1639.3477024783933,5883.858290002492
1642.9360391402402,5884.278405631226
1646.5322302432037,5884.697161416407
1650.1362929797172,5885.114563329193
1653.7482445798512,5885.530617517651
1657.3681023113847,5885.945330308687
1660.9958834798997,5886.358708209985
1664.6316054288534,5886.770757911963
1668.275285539666,5887.181486289757
1671.9269412318079,5887.590900405202
1675.5865899628725,5887.9990075088435
1679.2542492286723,5888.405815041971
1682.9299365633112,5888.81133063865
1686.6136695392731,5889.215562127783
1690.3054657675107,5889.618517535194
1694.0053428975186,5890.020205085717
1697.7133186174308,5890.420633205309
1701.429410654093,5890.819810523184
1705.1536367731535,5891.217745873956
1708.886014779152,5891.614448299806
1712.6265625155938,5892.009927052673
1716.3752978650482,5892.404191596444
1720.1322387492219,5892.797251609191
1723.8974031290506,5893.189116985391
1727.6708090047891,5893.5797978382025
1731.452474416086,5893.969304501733
1735.2424174420835,5894.35764753334
1739.040656201491,5894.744837715941
1742.8472088526782,5895.1308860603485
1746.662093593767,5895.515803807639
1750.4853286627047,5895.899602431502
1754.3169323373668,5896.282293640651
1758.156922935632,5896.663889381229
1762.0053188154745,5897.0444018392545
1765.8621383750567,5897.423843443055
1769.7274000528055,5897.802226865762
1773.601122327515,5898.179565027785
1777.4833237184214,5898.555871099347
1781.3740227852968,5898.931158503001
1785.2732381285448,5899.305440916208
1789.1809883892752,5899.678732273892
1793.0972922494084,5900.051046771062
1797.0221684317519,5900.422398865413
1800.955635700095,5900.792803279986
1804.8977128593042,5901.162275005814
1808.8484187554006,5901.53082930463
1812.807772275664,5901.8984817115515
1816.775792348711,5902.26524803783
1820.7524979445902,5902.631144373594
1824.7379080748797,5902.99618709063
1828.732041792763,5903.360392845172
1832.7349181931377,5903.723778580735
1836.746556412691,5904.086361530952
1840.7669756299988,5904.448159222442
1844.796195065622,5904.809189477697
1848.8342339821852,5905.169470418014
1852.8811116844847,5905.529020466406
1856.9368475195668,5905.887858350593
1861.0014608768258,5906.246003105968
1865.0749711881033,5906.603474078621
1869.157397927767,5906.960290928362
1873.2487606128195,5907.316473631792
1877.3490788029776,5907.672042485389
1881.4583721007725,5908.027018108605
1885.5766601516486,5908.381421447018
1889.703962644044,5908.73527377548
1893.8402993095003,5909.0885967013155
1897.9856899227432,5909.441412167517
1902.140154301783,5909.793742456007
1906.303712308015,5910.145610190878
1910.4763838463014,5910.4970383417
1914.6581888650805,5910.848050226838
1918.8491473564504,5911.198669516785
1923.0492793562696,5911.548920237544
1927.258604944258,5911.898826774022
1931.4771442440801,5912.248413873459
1935.7049174234564,5912.5977066488795
1939.9419446942463,5912.946730582574
1944.1882463125507,5913.29551152961
1948.4438425788144,5913.644075721372
1952.7087538379096,5913.992449769125
1956.983000479249,5914.340660667605
1961.2666029368695,5914.688735798652
1965.559581689535,5915.036702934858
1969.8619572608418,5915.384590243244
1974.1737502193014,5915.73242628899
1978.4949811784554,5916.08024003915
1982.82567079696,5916.4280608664485
1987.165839778691,5916.775918553062
1991.515508872848,5917.1238432944665
1995.8746988740404,5917.471865703287
2000.2434306224027,5917.820016813204
2004.6217250036798,5918.16832808287
2009.009602949333,5918.51683139986
2013.4070854366457,5918.865559084674
2017.814193488811,5919.214543894744
2022.2309481750465,5919.563819028485
2026.657370610682,5919.913418129388
2031.0934819572662,5920.263375290132
2035.539303422674,5920.613725056717
2039.9948562611937,5920.96450243267
2044.4601617736448,5921.315742883255
2048.935241307466,5921.667482339692
2053.4201162568224,5922.019757203482
2057.9148080627147,5922.372604350696
2062.4193382130675,5922.726061136325
2066.933728242848,5923.080165398683
2071.4579997341543,5923.434955463798
2075.9921743163254,5923.790470149891
2080.5362736660513,5924.146748771853
2085.09031950746,5924.5038311457765
2089.6543336122404,5924.8617575935
2094.22833779973,5925.2205689472285
2098.812353937027,5925.580306554146
2103.4064039391,5925.941012281092
2108.010509768879,5926.302728519272
2112.6246934373744,5926.665498188989
2117.2489770037732,5927.029364744435
2121.8833825755446,5927.394372178502
2126.5279323085565,5927.760565027641
2131.1826484071635,5928.127988376754
2135.8475531243325,5928.4966878641235
2140.522668761732,5928.866709686396
2145.2080176698473,5929.238100603569
2149.903622248092,5929.610907944066
2154.609504944901,5929.985179609805
2159.3256882578544,5930.360964081341
2164.052194733771,5930.738310423021
2168.789046968822,5931.117268288212
2173.536267608644,5931.497887924526
2178.2938793484345,5931.880220179141
2183.061904933077,5932.2643165041
2187.840367157233,5932.650228961712
2192.629288865465,5933.038010229961
2197.428692952334,5933.427713607949
2202.2386023625163,5933.819393021415
2207.059040090916,5934.21310302827
2211.8900291827613,5934.60889882419
2216.731592733734,5935.00683624823
2221.5837538900614,5935.406971788524
2226.4465358486364,5935.809362587973
2231.319961857133,5936.214066450032
2236.2040552141034,5936.621141844504
2241.098839269105,5937.030647913396
2246.0043374228003,5937.442644476816
2250.9205731270704,5937.857192038915
2255.8475698851385,5938.274351793882
2260.785351251663,5938.694185631974
2265.7339408328717,5939.116756145601
2270.6933622866545,5939.542126635456
2275.6636393226877,5939.970361116688
2280.6447957025503,5940.401524325129
2285.6368552398244,5940.835681723575
2290.6398418002263,5941.272899508104
2295.6537793017046,5941.713244614423
2300.6786917145614,5942.15678472433
2305.7146030615736,5942.603588272147
2310.761537418092,5943.053724451254
2315.8195189121748,5943.507263220665
2320.8885717246867,5943.964275311633
2325.9687200894214,5944.42483223432
2331.0599882932243,5944.889006284531
2336.162400676093,5945.356870550491
2341.2759816313114,5945.8284989196545
2346.40075560555,5946.303966085592
2351.5367470989904,5946.783347554919
2356.6839806654502,5947.266719654292
2361.8424809124817,5947.75415953742
2367.01227250151,5948.245745192185
2372.193380147934,5948.74155544779
2377.3858286212517,5949.241669981924
2382.589642745186,5949.746169328039
2387.804847397787,5950.255134882682
2393.0314675115674,5950.768648912858
2398.2695280736084,5951.286794563402
2403.519054125685,5951.809655864529
2408.7800707643933,5952.337317739331
2414.052603141252,5952.86986601139
2419.336676462843,5953.407387412444
2424.6323159909175,5953.949969590043
2429.939547042519,5954.497701115389
2435.2583949901154,5955.050671491133
2440.588885261702,5955.608971159281
2445.9310433409432,5956.172691509107
2451.2848947672765,5956.741924885206
2456.650465136041,5957.316764595549
2462.0277800986105,5957.8973049196275
2467.416865362495,5958.483641116615
2472.817746691486,5959.07586943368
2478.2304499057605,5959.674087114252
2483.6550008820136,5960.278392406438
2489.0914255535895,5960.888884571472
2494.539749910585,5961.505663892185
2499.9999999999995,5962.128831681654
