   0.10000E+03   0.10000E-05   0.21004E-03   0.21004E-03   0.16917E+00
   0.10000E+03   0.10723E-05   0.22538E-03   0.22537E-03   0.16668E+00
   0.10000E+03   0.11498E-05   0.24182E-03   0.24182E-03   0.16430E+00
   0.10000E+03   0.12328E-05   0.25947E-03   0.25946E-03   0.16204E+00
   0.10000E+03   0.13219E-05   0.27839E-03   0.27839E-03   0.15989E+00
   0.10000E+03   0.14175E-05   0.29852E-03   0.29852E-03   0.15685E+00
   0.10000E+03   0.15199E-05   0.32009E-03   0.32009E-03   0.15383E+00
   0.10000E+03   0.16298E-05   0.34321E-03   0.34321E-03   0.15093E+00
   0.10000E+03   0.17475E-05   0.36801E-03   0.36801E-03   0.14815E+00
   0.10000E+03   0.18738E-05   0.39460E-03   0.39460E-03   0.14549E+00
   0.10000E+03   0.20092E-05   0.42311E-03   0.42310E-03   0.14294E+00
   0.10000E+03   0.21544E-05   0.45365E-03   0.45365E-03   0.14033E+00
   0.10000E+03   0.23101E-05   0.48631E-03   0.48631E-03   0.13705E+00
   0.10000E+03   0.24771E-05   0.52132E-03   0.52132E-03   0.13391E+00
   0.10000E+03   0.26561E-05   0.55884E-03   0.55884E-03   0.13093E+00
   0.10000E+03   0.28480E-05   0.59906E-03   0.59906E-03   0.12809E+00
   0.10000E+03   0.30539E-05   0.64218E-03   0.64218E-03   0.12539E+00
   0.10000E+03   0.32745E-05   0.68840E-03   0.68840E-03   0.12282E+00
   0.10000E+03   0.35112E-05   0.73791E-03   0.73791E-03   0.11987E+00
   0.10000E+03   0.37649E-05   0.79092E-03   0.79092E-03   0.11644E+00
   0.10000E+03   0.40370E-05   0.84774E-03   0.84774E-03   0.11322E+00
   0.10000E+03   0.43288E-05   0.90864E-03   0.90864E-03   0.11021E+00
   0.10000E+03   0.46416E-05   0.97390E-03   0.97390E-03   0.10740E+00
   0.10000E+03   0.49770E-05   0.10438E-02   0.10438E-02   0.10476E+00
   0.10000E+03   0.53367E-05   0.11188E-02   0.11188E-02   0.10231E+00
   0.10000E+03   0.57224E-05   0.11993E-02   0.11993E-02   0.98984E-01
   0.10000E+03   0.61359E-05   0.12856E-02   0.12856E-02   0.95534E-01
   0.10000E+03   0.65793E-05   0.13781E-02   0.13781E-02   0.92406E-01
   0.10000E+03   0.70548E-05   0.14772E-02   0.14772E-02   0.89575E-01
   0.10000E+03   0.75646E-05   0.15835E-02   0.15835E-02   0.87019E-01
   0.10000E+03   0.81113E-05   0.16975E-02   0.16975E-02   0.84716E-01
   0.10000E+03   0.86975E-05   0.18195E-02   0.18195E-02   0.82620E-01
   0.10000E+03   0.93260E-05   0.19520E-02   0.19520E-02   0.81506E-01
   0.10000E+03   0.10000E-04   0.20940E-02   0.20940E-02   0.80504E-01
   0.10000E+03   0.10723E-04   0.22464E-02   0.22464E-02   0.79620E-01
   0.10000E+03   0.11498E-04   0.24097E-02   0.24097E-02   0.78861E-01
   0.10000E+03   0.12328E-04   0.25849E-02   0.25849E-02   0.78234E-01
   0.10000E+03   0.13219E-04   0.27728E-02   0.27728E-02   0.77748E-01
   0.10000E+03   0.14175E-04   0.29740E-02   0.29740E-02   0.77203E-01
   0.10000E+03   0.15199E-04   0.31885E-02   0.31885E-02   0.76083E-01
   0.10000E+03   0.16298E-04   0.34184E-02   0.34184E-02   0.75075E-01
   0.10000E+03   0.17475E-04   0.36650E-02   0.36650E-02   0.74179E-01
   0.10000E+03   0.18738E-04   0.39293E-02   0.39293E-02   0.73396E-01
   0.10000E+03   0.20092E-04   0.42127E-02   0.42127E-02   0.72729E-01
   0.10000E+03   0.21544E-04   0.45164E-02   0.45164E-02   0.72180E-01
   0.10000E+03   0.23101E-04   0.48417E-02   0.48417E-02   0.71367E-01
   0.10000E+03   0.24771E-04   0.51899E-02   0.51899E-02   0.70291E-01
   0.10000E+03   0.26561E-04   0.55631E-02   0.55631E-02   0.69352E-01
   0.10000E+03   0.28480E-04   0.59631E-02   0.59631E-02   0.68549E-01
   0.10000E+03   0.30539E-04   0.63918E-02   0.63918E-02   0.67880E-01
   0.10000E+03   0.32745E-04   0.68513E-02   0.68513E-02   0.67346E-01
   0.10000E+03   0.35112E-04   0.73437E-02   0.73437E-02   0.66947E-01
   0.10000E+03   0.37649E-04   0.78712E-02   0.78712E-02   0.66001E-01
   0.10000E+03   0.40370E-04   0.84365E-02   0.84365E-02   0.65029E-01
   0.10000E+03   0.43288E-04   0.90423E-02   0.90423E-02   0.64252E-01
   0.10000E+03   0.46416E-04   0.96914E-02   0.96914E-02   0.63664E-01
   0.10000E+03   0.49770E-04   0.10387E-01   0.10387E-01   0.63264E-01
   0.10000E+03   0.53367E-04   0.11132E-01   0.11132E-01   0.63047E-01
   0.10000E+03   0.57224E-04   0.11931E-01   0.11931E-01   0.62944E-01
   0.10000E+03   0.61359E-04   0.12788E-01   0.12788E-01   0.62299E-01
   0.10000E+03   0.65793E-04   0.13707E-01   0.13707E-01   0.61939E-01
   0.10000E+03   0.70548E-04   0.14691E-01   0.14691E-01   0.61851E-01
   0.10000E+03   0.75646E-04   0.15746E-01   0.15746E-01   0.62023E-01
   0.10000E+03   0.81113E-04   0.16876E-01   0.16876E-01   0.62447E-01
   0.10000E+03   0.86975E-04   0.18087E-01   0.18087E-01   0.63117E-01
   0.10000E+03   0.93260E-04   0.19387E-01   0.19387E-01   0.64378E-01
   0.10000E+03   0.10000E-03   0.20784E-01   0.20784E-01   0.66509E-01
   0.10000E+03   0.10723E-03   0.22281E-01   0.22281E-01   0.68817E-01
   0.10000E+03   0.11498E-03   0.23885E-01   0.23885E-01   0.71314E-01
   0.10000E+03   0.12328E-03   0.25605E-01   0.25605E-01   0.74011E-01
   0.10000E+03   0.13219E-03   0.27448E-01   0.27448E-01   0.76922E-01
   0.10000E+03   0.14175E-03   0.29423E-01   0.29423E-01   0.80059E-01
   0.10000E+03   0.15199E-03   0.31537E-01   0.31537E-01   0.83128E-01
   0.10000E+03   0.16298E-03   0.33801E-01   0.33801E-01   0.86228E-01
   0.10000E+03   0.17475E-03   0.36226E-01   0.36226E-01   0.89567E-01
   0.10000E+03   0.18738E-03   0.38825E-01   0.38825E-01   0.93158E-01
   0.10000E+03   0.20092E-03   0.41609E-01   0.41609E-01   0.97018E-01
   0.10000E+03   0.21544E-03   0.44592E-01   0.44592E-01   0.10116E+00
   0.10000E+03   0.23101E-03   0.47789E-01   0.47789E-01   0.10561E+00
   0.10000E+03   0.24771E-03   0.51220E-01   0.51220E-01   0.10991E+00
   0.10000E+03   0.26561E-03   0.54899E-01   0.54899E-01   0.11446E+00
   0.10000E+03   0.28480E-03   0.58840E-01   0.58840E-01   0.11935E+00
   0.10000E+03   0.30539E-03   0.63064E-01   0.63064E-01   0.12460E+00
   0.10000E+03   0.32745E-03   0.67590E-01   0.67590E-01   0.13023E+00
   0.10000E+03   0.35112E-03   0.72439E-01   0.72439E-01   0.13626E+00
   0.10000E+03   0.37649E-03   0.77635E-01   0.77635E-01   0.14268E+00
   0.10000E+03   0.40370E-03   0.83205E-01   0.83205E-01   0.14919E+00
   0.10000E+03   0.43288E-03   0.89174E-01   0.89174E-01   0.15620E+00
   0.10000E+03   0.46416E-03   0.95568E-01   0.95568E-01   0.16373E+00
   0.10000E+03   0.49770E-03   0.10242E+00   0.10242E+00   0.17181E+00
   0.10000E+03   0.53367E-03   0.10976E+00   0.10976E+00   0.18049E+00
   0.10000E+03   0.57224E-03   0.11763E+00   0.11763E+00   0.18981E+00
   0.10000E+03   0.61359E-03   0.12606E+00   0.12606E+00   0.19968E+00
   0.10000E+03   0.65793E-03   0.13510E+00   0.13510E+00   0.21008E+00
   0.10000E+03   0.70548E-03   0.14478E+00   0.14478E+00   0.22126E+00
   0.10000E+03   0.75646E-03   0.15516E+00   0.15516E+00   0.23326E+00
   0.10000E+03   0.81113E-03   0.16628E+00   0.16628E+00   0.24615E+00
   0.10000E+03   0.86975E-03   0.17819E+00   0.17819E+00   0.25999E+00
   0.10000E+03   0.93260E-03   0.19095E+00   0.19095E+00   0.27484E+00
   0.10000E+03   0.10000E-02   0.20465E+00   0.20465E+00   0.29050E+00
   0.13939E+03   0.10000E-05   0.22861E-03   0.22851E-03   0.10680E+01
   0.13939E+03   0.10723E-05   0.24520E-03   0.24510E-03   0.10514E+01
   0.13939E+03   0.11498E-05   0.26300E-03   0.26290E-03   0.10355E+01
   0.13939E+03   0.12328E-05   0.28208E-03   0.28198E-03   0.10203E+01
   0.13939E+03   0.13219E-05   0.30254E-03   0.30244E-03   0.10059E+01
   0.13939E+03   0.14175E-05   0.32414E-03   0.32403E-03   0.98686E+00
   0.13939E+03   0.15199E-05   0.34723E-03   0.34713E-03   0.96815E+00
   0.13939E+03   0.16298E-05   0.37196E-03   0.37186E-03   0.95024E+00
   0.13939E+03   0.17475E-05   0.39846E-03   0.39835E-03   0.93310E+00
   0.13939E+03   0.18738E-05   0.42683E-03   0.42672E-03   0.91671E+00
   0.13939E+03   0.20092E-05   0.45721E-03   0.45710E-03   0.90107E+00
   0.13939E+03   0.21544E-05   0.48972E-03   0.48961E-03   0.88508E+00
   0.13939E+03   0.23101E-05   0.52434E-03   0.52423E-03   0.86484E+00
   0.13939E+03   0.24771E-05   0.56140E-03   0.56129E-03   0.84564E+00
   0.13939E+03   0.26561E-05   0.60107E-03   0.60095E-03   0.82743E+00
   0.13939E+03   0.28480E-05   0.64352E-03   0.64339E-03   0.81019E+00
   0.13939E+03   0.30539E-05   0.68895E-03   0.68882E-03   0.79387E+00
   0.13939E+03   0.32745E-05   0.73757E-03   0.73744E-03   0.77845E+00
   0.13939E+03   0.35112E-05   0.78957E-03   0.78944E-03   0.76029E+00
   0.13939E+03   0.37649E-05   0.84515E-03   0.84502E-03   0.73887E+00
   0.13939E+03   0.40370E-05   0.90463E-03   0.90449E-03   0.71897E+00
   0.13939E+03   0.43288E-05   0.96825E-03   0.96811E-03   0.70051E+00
   0.13939E+03   0.46416E-05   0.10363E-02   0.10362E-02   0.68340E+00
   0.13939E+03   0.49770E-05   0.11091E-02   0.11090E-02   0.66756E+00
   0.13939E+03   0.53367E-05   0.11870E-02   0.11868E-02   0.65292E+00
   0.13939E+03   0.57224E-05   0.12732E-02   0.12731E-02   0.64016E+00
   0.13939E+03   0.61359E-05   0.13670E-02   0.13668E-02   0.62853E+00
   0.13939E+03   0.65793E-05   0.14675E-02   0.14674E-02   0.61766E+00
   0.13939E+03   0.70548E-05   0.15754E-02   0.15752E-02   0.60755E+00
   0.13939E+03   0.75646E-05   0.16911E-02   0.16909E-02   0.59823E+00
   0.13939E+03   0.81113E-05   0.18151E-02   0.18149E-02   0.58970E+00
   0.13939E+03   0.86975E-05   0.19482E-02   0.19480E-02   0.58212E+00
   0.13939E+03   0.93260E-05   0.20884E-02   0.20882E-02   0.57146E+00
   0.13939E+03   0.10000E-04   0.22387E-02   0.22385E-02   0.56145E+00
   0.13939E+03   0.10723E-04   0.23997E-02   0.23996E-02   0.55210E+00
   0.13939E+03   0.11498E-04   0.25723E-02   0.25721E-02   0.54340E+00
   0.13939E+03   0.12328E-04   0.27572E-02   0.27571E-02   0.53537E+00
   0.13939E+03   0.13219E-04   0.29554E-02   0.29552E-02   0.52801E+00
   0.13939E+03   0.14175E-04   0.31671E-02   0.31670E-02   0.52009E+00
   0.13939E+03   0.15199E-04   0.33920E-02   0.33919E-02   0.50873E+00
   0.13939E+03   0.16298E-04   0.36328E-02   0.36327E-02   0.49812E+00
   0.13939E+03   0.17475E-04   0.38906E-02   0.38905E-02   0.48824E+00
   0.13939E+03   0.18738E-04   0.41666E-02   0.41664E-02   0.47907E+00
   0.13939E+03   0.20092E-04   0.44620E-02   0.44618E-02   0.47060E+00
   0.13939E+03   0.21544E-04   0.47782E-02   0.47780E-02   0.46283E+00
   0.13939E+03   0.23101E-04   0.51160E-02   0.51159E-02   0.45278E+00
   0.13939E+03   0.24771E-04   0.54769E-02   0.54768E-02   0.44064E+00
   0.13939E+03   0.26561E-04   0.58631E-02   0.58629E-02   0.42950E+00
   0.13939E+03   0.28480E-04   0.62762E-02   0.62760E-02   0.41931E+00
   0.13939E+03   0.30539E-04   0.67181E-02   0.67179E-02   0.41004E+00
   0.13939E+03   0.32745E-04   0.71907E-02   0.71906E-02   0.40165E+00
   0.13939E+03   0.35112E-04   0.76963E-02   0.76961E-02   0.39411E+00
   0.13939E+03   0.37649E-04   0.82369E-02   0.82367E-02   0.38087E+00
   0.13939E+03   0.40370E-04   0.88149E-02   0.88147E-02   0.36729E+00
   0.13939E+03   0.43288E-04   0.94329E-02   0.94327E-02   0.35541E+00
   0.13939E+03   0.46416E-04   0.10094E-01   0.10093E-01   0.34510E+00
   0.13939E+03   0.49770E-04   0.10800E-01   0.10800E-01   0.33623E+00
   0.13939E+03   0.53367E-04   0.11555E-01   0.11555E-01   0.32868E+00
   0.13939E+03   0.57224E-04   0.12363E-01   0.12363E-01   0.32285E+00
   0.13939E+03   0.61359E-04   0.13243E-01   0.13242E-01   0.32383E+00
   0.13939E+03   0.65793E-04   0.14184E-01   0.14183E-01   0.32537E+00
   0.13939E+03   0.70548E-04   0.15191E-01   0.15191E-01   0.32748E+00
   0.13939E+03   0.75646E-04   0.16269E-01   0.16269E-01   0.33019E+00
   0.13939E+03   0.81113E-04   0.17423E-01   0.17423E-01   0.33351E+00
   0.13939E+03   0.86975E-04   0.18658E-01   0.18658E-01   0.33747E+00
   0.13939E+03   0.93260E-04   0.19977E-01   0.19977E-01   0.34153E+00
   0.13939E+03   0.10000E-03   0.21385E-01   0.21385E-01   0.34505E+00
   0.13939E+03   0.10723E-03   0.22891E-01   0.22891E-01   0.34907E+00
   0.13939E+03   0.11498E-03   0.24502E-01   0.24502E-01   0.35359E+00
   0.13939E+03   0.12328E-03   0.26224E-01   0.26224E-01   0.35863E+00
   0.13939E+03   0.13219E-03   0.28066E-01   0.28066E-01   0.36421E+00
   0.13939E+03   0.14175E-03   0.30036E-01   0.30035E-01   0.37035E+00
   0.13939E+03   0.15199E-03   0.32145E-01   0.32145E-01   0.37541E+00
   0.13939E+03   0.16298E-03   0.34403E-01   0.34403E-01   0.37989E+00
   0.13939E+03   0.17475E-03   0.36818E-01   0.36817E-01   0.38484E+00
   0.13939E+03   0.18738E-03   0.39399E-01   0.39399E-01   0.39029E+00
   0.13939E+03   0.20092E-03   0.42159E-01   0.42158E-01   0.39625E+00
   0.13939E+03   0.21544E-03   0.45108E-01   0.45108E-01   0.40273E+00
   0.13939E+03   0.23101E-03   0.48260E-01   0.48260E-01   0.40976E+00
   0.13939E+03   0.24771E-03   0.51648E-01   0.51648E-01   0.41561E+00
   0.13939E+03   0.26561E-03   0.55274E-01   0.55273E-01   0.42171E+00
   0.13939E+03   0.28480E-03   0.59149E-01   0.59149E-01   0.42833E+00
   0.13939E+03   0.30539E-03   0.63292E-01   0.63291E-01   0.43551E+00
   0.13939E+03   0.32745E-03   0.67719E-01   0.67719E-01   0.44327E+00
   0.13939E+03   0.35112E-03   0.72450E-01   0.72450E-01   0.45165E+00
   0.13939E+03   0.37649E-03   0.77505E-01   0.77505E-01   0.46036E+00
   0.13939E+03   0.40370E-03   0.82903E-01   0.82902E-01   0.46789E+00
   0.13939E+03   0.43288E-03   0.88669E-01   0.88668E-01   0.47606E+00
   0.13939E+03   0.46416E-03   0.94828E-01   0.94827E-01   0.48488E+00
   0.13939E+03   0.49770E-03   0.10140E+00   0.10140E+00   0.49440E+00
   0.13939E+03   0.53367E-03   0.10843E+00   0.10843E+00   0.50465E+00
   0.13939E+03   0.57224E-03   0.11593E+00   0.11593E+00   0.51565E+00
   0.13939E+03   0.61359E-03   0.12400E+00   0.12400E+00   0.52598E+00
   0.13939E+03   0.65793E-03   0.13275E+00   0.13275E+00   0.53509E+00
   0.13939E+03   0.70548E-03   0.14210E+00   0.14210E+00   0.54515E+00
   0.13939E+03   0.75646E-03   0.15210E+00   0.15210E+00   0.55620E+00
   0.13939E+03   0.81113E-03   0.16279E+00   0.16279E+00   0.56831E+00
   0.13939E+03   0.86975E-03   0.17422E+00   0.17422E+00   0.58154E+00
   0.13939E+03   0.93260E-03   0.18644E+00   0.18644E+00   0.59596E+00
   0.13939E+03   0.10000E-02   0.19947E+00   0.19947E+00   0.61018E+00
   0.17879E+03   0.10000E-05   0.30221E-03   0.30149E-03   0.23653E+01
   0.17879E+03   0.10723E-05   0.32347E-03   0.32274E-03   0.23310E+01
   0.17879E+03   0.11498E-05   0.34622E-03   0.34547E-03   0.22981E+01
   0.17879E+03   0.12328E-05   0.37055E-03   0.36979E-03   0.22667E+01
   0.17879E+03   0.13219E-05   0.39657E-03   0.39579E-03   0.22366E+01
   0.17879E+03   0.14175E-05   0.42370E-03   0.42291E-03   0.21979E+01
   0.17879E+03   0.15199E-05   0.45258E-03   0.45177E-03   0.21598E+01
   0.17879E+03   0.16298E-05   0.48340E-03   0.48257E-03   0.21235E+01
   0.17879E+03   0.17475E-05   0.51627E-03   0.51543E-03   0.20889E+01
   0.17879E+03   0.18738E-05   0.55134E-03   0.55048E-03   0.20560E+01
   0.17879E+03   0.20092E-05   0.58875E-03   0.58786E-03   0.20247E+01
   0.17879E+03   0.21544E-05   0.62857E-03   0.62767E-03   0.19927E+01
   0.17879E+03   0.23101E-05   0.67067E-03   0.66974E-03   0.19510E+01
   0.17879E+03   0.24771E-05   0.71550E-03   0.71456E-03   0.19115E+01
   0.17879E+03   0.26561E-05   0.76325E-03   0.76229E-03   0.18742E+01
   0.17879E+03   0.28480E-05   0.81409E-03   0.81311E-03   0.18390E+01
   0.17879E+03   0.30539E-05   0.86821E-03   0.86721E-03   0.18057E+01
   0.17879E+03   0.32745E-05   0.92581E-03   0.92479E-03   0.17743E+01
   0.17879E+03   0.35112E-05   0.98898E-03   0.98794E-03   0.17410E+01
   0.17879E+03   0.37649E-05   0.10590E-02   0.10579E-02   0.17050E+01
   0.17879E+03   0.40370E-05   0.11338E-02   0.11327E-02   0.16711E+01
   0.17879E+03   0.43288E-05   0.12138E-02   0.12127E-02   0.16393E+01
   0.17879E+03   0.46416E-05   0.12994E-02   0.12983E-02   0.16095E+01
   0.17879E+03   0.49770E-05   0.13909E-02   0.13898E-02   0.15817E+01
   0.17879E+03   0.53367E-05   0.14886E-02   0.14875E-02   0.15558E+01
   0.17879E+03   0.57224E-05   0.15969E-02   0.15958E-02   0.15305E+01
   0.17879E+03   0.61359E-05   0.17146E-02   0.17135E-02   0.15063E+01
   0.17879E+03   0.65793E-05   0.18407E-02   0.18397E-02   0.14837E+01
   0.17879E+03   0.70548E-05   0.19759E-02   0.19748E-02   0.14627E+01
   0.17879E+03   0.75646E-05   0.21207E-02   0.21196E-02   0.14435E+01
   0.17879E+03   0.81113E-05   0.22759E-02   0.22748E-02   0.14259E+01
   0.17879E+03   0.86975E-05   0.24423E-02   0.24413E-02   0.14107E+01
   0.17879E+03   0.93260E-05   0.26107E-02   0.26096E-02   0.13831E+01
   0.17879E+03   0.10000E-04   0.27904E-02   0.27893E-02   0.13572E+01
   0.17879E+03   0.10723E-04   0.29822E-02   0.29811E-02   0.13329E+01
   0.17879E+03   0.11498E-04   0.31870E-02   0.31858E-02   0.13103E+01
   0.17879E+03   0.12328E-04   0.34055E-02   0.34043E-02   0.12892E+01
   0.17879E+03   0.13219E-04   0.36386E-02   0.36374E-02   0.12697E+01
   0.17879E+03   0.14175E-04   0.38862E-02   0.38850E-02   0.12487E+01
   0.17879E+03   0.15199E-04   0.41460E-02   0.41448E-02   0.12192E+01
   0.17879E+03   0.16298E-04   0.44227E-02   0.44215E-02   0.11918E+01
   0.17879E+03   0.17475E-04   0.47172E-02   0.47160E-02   0.11664E+01
   0.17879E+03   0.18738E-04   0.50307E-02   0.50295E-02   0.11429E+01
   0.17879E+03   0.20092E-04   0.53643E-02   0.53631E-02   0.11213E+01
   0.17879E+03   0.21544E-04   0.57192E-02   0.57179E-02   0.11015E+01
   0.17879E+03   0.23101E-04   0.60960E-02   0.60946E-02   0.10750E+01
   0.17879E+03   0.24771E-04   0.64957E-02   0.64943E-02   0.10426E+01
   0.17879E+03   0.26561E-04   0.69205E-02   0.69191E-02   0.10134E+01
   0.17879E+03   0.28480E-04   0.73718E-02   0.73704E-02   0.98707E+00
   0.17879E+03   0.30539E-04   0.78513E-02   0.78498E-02   0.96345E+00
   0.17879E+03   0.32745E-04   0.83604E-02   0.83589E-02   0.94239E+00
   0.17879E+03   0.35112E-04   0.89009E-02   0.88994E-02   0.92372E+00
   0.17879E+03   0.37649E-04   0.94883E-02   0.94868E-02   0.90393E+00
   0.17879E+03   0.40370E-04   0.10118E-01   0.10116E-01   0.88573E+00
   0.17879E+03   0.43288E-04   0.10787E-01   0.10786E-01   0.87011E+00
   0.17879E+03   0.46416E-04   0.11499E-01   0.11498E-01   0.85693E+00
   0.17879E+03   0.49770E-04   0.12256E-01   0.12254E-01   0.84602E+00
   0.17879E+03   0.53367E-04   0.13060E-01   0.13059E-01   0.83728E+00
   0.17879E+03   0.57224E-04   0.13916E-01   0.13915E-01   0.83127E+00
   0.17879E+03   0.61359E-04   0.14846E-01   0.14844E-01   0.83485E+00
   0.17879E+03   0.65793E-04   0.15834E-01   0.15833E-01   0.83949E+00
   0.17879E+03   0.70548E-04   0.16886E-01   0.16885E-01   0.84521E+00
   0.17879E+03   0.75646E-04   0.18005E-01   0.18003E-01   0.85207E+00
   0.17879E+03   0.81113E-04   0.19194E-01   0.19192E-01   0.86009E+00
   0.17879E+03   0.86975E-04   0.20458E-01   0.20456E-01   0.86932E+00
   0.17879E+03   0.93260E-04   0.21797E-01   0.21795E-01   0.87704E+00
   0.17879E+03   0.10000E-03   0.23209E-01   0.23207E-01   0.88053E+00
   0.17879E+03   0.10723E-03   0.24708E-01   0.24706E-01   0.88507E+00
   0.17879E+03   0.11498E-03   0.26299E-01   0.26297E-01   0.89064E+00
   0.17879E+03   0.12328E-03   0.27986E-01   0.27984E-01   0.89727E+00
   0.17879E+03   0.13219E-03   0.29775E-01   0.29773E-01   0.90497E+00
   0.17879E+03   0.14175E-03   0.31671E-01   0.31669E-01   0.91375E+00
   0.17879E+03   0.15199E-03   0.33718E-01   0.33716E-01   0.92227E+00
   0.17879E+03   0.16298E-03   0.35916E-01   0.35914E-01   0.93081E+00
   0.17879E+03   0.17475E-03   0.38250E-01   0.38248E-01   0.94024E+00
   0.17879E+03   0.18738E-03   0.40727E-01   0.40725E-01   0.95059E+00
   0.17879E+03   0.20092E-03   0.43354E-01   0.43352E-01   0.96191E+00
   0.17879E+03   0.21544E-03   0.46140E-01   0.46138E-01   0.97423E+00
   0.17879E+03   0.23101E-03   0.49094E-01   0.49092E-01   0.98760E+00
   0.17879E+03   0.24771E-03   0.52233E-01   0.52231E-01   0.99761E+00
   0.17879E+03   0.26561E-03   0.55562E-01   0.55560E-01   0.10078E+01
   0.17879E+03   0.28480E-03   0.59091E-01   0.59088E-01   0.10190E+01
   0.17879E+03   0.30539E-03   0.62828E-01   0.62826E-01   0.10310E+01
   0.17879E+03   0.32745E-03   0.66786E-01   0.66784E-01   0.10441E+01
   0.17879E+03   0.35112E-03   0.70976E-01   0.70973E-01   0.10581E+01
   0.17879E+03   0.37649E-03   0.75434E-01   0.75432E-01   0.10720E+01
   0.17879E+03   0.40370E-03   0.80312E-01   0.80309E-01   0.10808E+01
   0.17879E+03   0.43288E-03   0.85489E-01   0.85486E-01   0.10906E+01
   0.17879E+03   0.46416E-03   0.90981E-01   0.90978E-01   0.11015E+01
   0.17879E+03   0.49770E-03   0.96806E-01   0.96803E-01   0.11135E+01
   0.17879E+03   0.53367E-03   0.10298E+00   0.10298E+00   0.11265E+01
   0.17879E+03   0.57224E-03   0.10953E+00   0.10953E+00   0.11407E+01
   0.17879E+03   0.61359E-03   0.11656E+00   0.11656E+00   0.11536E+01
   0.17879E+03   0.65793E-03   0.12416E+00   0.12415E+00   0.11643E+01
   0.17879E+03   0.70548E-03   0.13223E+00   0.13222E+00   0.11762E+01
   0.17879E+03   0.75646E-03   0.14080E+00   0.14080E+00   0.11892E+01
   0.17879E+03   0.81113E-03   0.14990E+00   0.14989E+00   0.12034E+01
   0.17879E+03   0.86975E-03   0.15956E+00   0.15955E+00   0.12190E+01
   0.17879E+03   0.93260E-03   0.16980E+00   0.16980E+00   0.12360E+01
   0.17879E+03   0.10000E-02   0.18071E+00   0.18070E+00   0.12517E+01
   0.21818E+03   0.10000E-05   0.29882E-02   0.29880E-02   0.33656E+01
   0.21818E+03   0.10723E-05   0.31149E-02   0.31148E-02   0.33230E+01
   0.21818E+03   0.11498E-05   0.32463E-02   0.32461E-02   0.32822E+01
   0.21818E+03   0.12328E-05   0.33824E-02   0.33822E-02   0.32431E+01
   0.21818E+03   0.13219E-05   0.35233E-02   0.35231E-02   0.32057E+01
   0.21818E+03   0.14175E-05   0.36871E-02   0.36869E-02   0.31677E+01
   0.21818E+03   0.15199E-05   0.38595E-02   0.38593E-02   0.31314E+01
   0.21818E+03   0.16298E-05   0.40389E-02   0.40387E-02   0.30971E+01
   0.21818E+03   0.17475E-05   0.42256E-02   0.42254E-02   0.30647E+01
   0.21818E+03   0.18738E-05   0.44198E-02   0.44196E-02   0.30343E+01
   0.21818E+03   0.20092E-05   0.46218E-02   0.46215E-02   0.30058E+01
   0.21818E+03   0.21544E-05   0.47343E-02   0.47340E-02   0.29668E+01
   0.21818E+03   0.23101E-05   0.43289E-02   0.43285E-02   0.28847E+01
   0.21818E+03   0.24771E-05   0.38318E-02   0.38313E-02   0.28191E+01
   0.21818E+03   0.26561E-05   0.32508E-02   0.32501E-02   0.27624E+01
   0.21818E+03   0.28480E-05   0.26113E-02   0.26103E-02   0.27115E+01
   0.21818E+03   0.30539E-05   0.19589E-02   0.19577E-02   0.26647E+01
   0.21818E+03   0.32745E-05   0.13545E-02   0.13528E-02   0.26214E+01
   0.21818E+03   0.35112E-05   0.10915E-02   0.10895E-02   0.25806E+01
   0.21818E+03   0.37649E-05   0.11737E-02   0.11718E-02   0.25420E+01
   0.21818E+03   0.40370E-05   0.12617E-02   0.12598E-02   0.25057E+01
   0.21818E+03   0.43288E-05   0.13559E-02   0.13540E-02   0.24719E+01
   0.21818E+03   0.46416E-05   0.14567E-02   0.14548E-02   0.24406E+01
   0.21818E+03   0.49770E-05   0.15645E-02   0.15626E-02   0.24118E+01
   0.21818E+03   0.53367E-05   0.16798E-02   0.16778E-02   0.23856E+01
   0.21818E+03   0.57224E-05   0.17967E-02   0.17947E-02   0.23511E+01
   0.21818E+03   0.61359E-05   0.19185E-02   0.19165E-02   0.23145E+01
   0.21818E+03   0.65793E-05   0.20482E-02   0.20462E-02   0.22804E+01
   0.21818E+03   0.70548E-05   0.21863E-02   0.21843E-02   0.22488E+01
   0.21818E+03   0.75646E-05   0.23333E-02   0.23312E-02   0.22199E+01
   0.21818E+03   0.81113E-05   0.24897E-02   0.24876E-02   0.21937E+01
   0.21818E+03   0.86975E-05   0.26565E-02   0.26544E-02   0.21710E+01
   0.21818E+03   0.93260E-05   0.28200E-02   0.28179E-02   0.21274E+01
   0.21818E+03   0.10000E-04   0.29931E-02   0.29909E-02   0.20868E+01
   0.21818E+03   0.10723E-04   0.31761E-02   0.31739E-02   0.20490E+01
   0.21818E+03   0.11498E-04   0.33696E-02   0.33674E-02   0.20141E+01
   0.21818E+03   0.12328E-04   0.35742E-02   0.35719E-02   0.19819E+01
   0.21818E+03   0.13219E-04   0.37903E-02   0.37880E-02   0.19523E+01
   0.21818E+03   0.14175E-04   0.40172E-02   0.40149E-02   0.19204E+01
   0.21818E+03   0.15199E-04   0.42514E-02   0.42491E-02   0.18756E+01
   0.21818E+03   0.16298E-04   0.44982E-02   0.44959E-02   0.18345E+01
   0.21818E+03   0.17475E-04   0.47581E-02   0.47558E-02   0.17969E+01
   0.21818E+03   0.18738E-04   0.50317E-02   0.50294E-02   0.17629E+01
   0.21818E+03   0.20092E-04   0.53197E-02   0.53173E-02   0.17322E+01
   0.21818E+03   0.21544E-04   0.56225E-02   0.56201E-02   0.17047E+01
   0.21818E+03   0.23101E-04   0.59406E-02   0.59381E-02   0.16643E+01
   0.21818E+03   0.24771E-04   0.62743E-02   0.62718E-02   0.16129E+01
   0.21818E+03   0.26561E-04   0.66247E-02   0.66222E-02   0.15676E+01
   0.21818E+03   0.28480E-04   0.69924E-02   0.69899E-02   0.15279E+01
   0.21818E+03   0.30539E-04   0.73779E-02   0.73754E-02   0.14933E+01
   0.21818E+03   0.32745E-04   0.77821E-02   0.77796E-02   0.14635E+01
   0.21818E+03   0.35112E-04   0.82054E-02   0.82029E-02   0.14380E+01
   0.21818E+03   0.37649E-04   0.86984E-02   0.86958E-02   0.14275E+01
   0.21818E+03   0.40370E-04   0.92350E-02   0.92324E-02   0.14227E+01
   0.21818E+03   0.43288E-04   0.98015E-02   0.97989E-02   0.14199E+01
   0.21818E+03   0.46416E-04   0.10399E-01   0.10397E-01   0.14190E+01
   0.21818E+03   0.49770E-04   0.11030E-01   0.11027E-01   0.14203E+01
   0.21818E+03   0.53367E-04   0.11694E-01   0.11692E-01   0.14236E+01
   0.21818E+03   0.57224E-04   0.12393E-01   0.12390E-01   0.14286E+01
   0.21818E+03   0.61359E-04   0.13110E-01   0.13108E-01   0.14304E+01
   0.21818E+03   0.65793E-04   0.13865E-01   0.13862E-01   0.14338E+01
   0.21818E+03   0.70548E-04   0.14657E-01   0.14655E-01   0.14386E+01
   0.21818E+03   0.75646E-04   0.15490E-01   0.15487E-01   0.14451E+01
   0.21818E+03   0.81113E-04   0.16363E-01   0.16361E-01   0.14531E+01
   0.21818E+03   0.86975E-04   0.17279E-01   0.17277E-01   0.14628E+01
   0.21818E+03   0.93260E-04   0.18242E-01   0.18239E-01   0.14713E+01
   0.21818E+03   0.10000E-03   0.19256E-01   0.19253E-01   0.14759E+01
   0.21818E+03   0.10723E-03   0.20318E-01   0.20316E-01   0.14818E+01
   0.21818E+03   0.11498E-03   0.21431E-01   0.21429E-01   0.14892E+01
   0.21818E+03   0.12328E-03   0.22597E-01   0.22594E-01   0.14981E+01
   0.21818E+03   0.13219E-03   0.23816E-01   0.23813E-01   0.15084E+01
   0.21818E+03   0.14175E-03   0.25090E-01   0.25088E-01   0.15201E+01
   0.21818E+03   0.15199E-03   0.26463E-01   0.26461E-01   0.15327E+01
   0.21818E+03   0.16298E-03   0.27929E-01   0.27927E-01   0.15461E+01
   0.21818E+03   0.17475E-03   0.29465E-01   0.29462E-01   0.15608E+01
   0.21818E+03   0.18738E-03   0.31073E-01   0.31071E-01   0.15769E+01
   0.21818E+03   0.20092E-03   0.32757E-01   0.32754E-01   0.15944E+01
   0.21818E+03   0.21544E-03   0.34517E-01   0.34514E-01   0.16133E+01
   0.21818E+03   0.23101E-03   0.36357E-01   0.36354E-01   0.16338E+01
   0.21818E+03   0.24771E-03   0.38307E-01   0.38304E-01   0.16465E+01
   0.21818E+03   0.26561E-03   0.40352E-01   0.40350E-01   0.16593E+01
   0.21818E+03   0.28480E-03   0.42492E-01   0.42489E-01   0.16736E+01
   0.21818E+03   0.30539E-03   0.44728E-01   0.44725E-01   0.16894E+01
   0.21818E+03   0.32745E-03   0.47064E-01   0.47061E-01   0.17066E+01
   0.21818E+03   0.35112E-03   0.49503E-01   0.49500E-01   0.17253E+01
   0.21818E+03   0.37649E-03   0.52096E-01   0.52093E-01   0.17438E+01
   0.21818E+03   0.40370E-03   0.55092E-01   0.55090E-01   0.17544E+01
   0.21818E+03   0.43288E-03   0.58244E-01   0.58242E-01   0.17661E+01
   0.21818E+03   0.46416E-03   0.61558E-01   0.61555E-01   0.17791E+01
   0.21818E+03   0.49770E-03   0.65041E-01   0.65038E-01   0.17933E+01
   0.21818E+03   0.53367E-03   0.68699E-01   0.68696E-01   0.18089E+01
   0.21818E+03   0.57224E-03   0.72540E-01   0.72538E-01   0.18259E+01
   0.21818E+03   0.61359E-03   0.76625E-01   0.76622E-01   0.18417E+01
   0.21818E+03   0.65793E-03   0.80998E-01   0.80995E-01   0.18549E+01
   0.21818E+03   0.70548E-03   0.85600E-01   0.85598E-01   0.18694E+01
   0.21818E+03   0.75646E-03   0.90442E-01   0.90439E-01   0.18851E+01
   0.21818E+03   0.81113E-03   0.95533E-01   0.95531E-01   0.19022E+01
   0.21818E+03   0.86975E-03   0.10089E+00   0.10088E+00   0.19207E+01
   0.21818E+03   0.93260E-03   0.10651E+00   0.10651E+00   0.19406E+01
   0.21818E+03   0.10000E-02   0.11260E+00   0.11260E+00   0.19574E+01
   0.25758E+03   0.10000E-05   0.71879E-02   0.71878E-02   0.51001E+01
   0.25758E+03   0.10723E-05   0.74245E-02   0.74244E-02   0.50562E+01
   0.25758E+03   0.11498E-05   0.76661E-02   0.76659E-02   0.50140E+01
   0.25758E+03   0.12328E-05   0.79124E-02   0.79123E-02   0.49735E+01
   0.25758E+03   0.13219E-05   0.81635E-02   0.81633E-02   0.49346E+01
   0.25758E+03   0.14175E-05   0.84035E-02   0.84033E-02   0.48857E+01
   0.25758E+03   0.15199E-05   0.86463E-02   0.86462E-02   0.48375E+01
   0.25758E+03   0.16298E-05   0.88937E-02   0.88935E-02   0.47913E+01
   0.25758E+03   0.17475E-05   0.91455E-02   0.91453E-02   0.47470E+01
   0.25758E+03   0.18738E-05   0.94017E-02   0.94015E-02   0.47046E+01
   0.25758E+03   0.20092E-05   0.96623E-02   0.96621E-02   0.46641E+01
   0.25758E+03   0.21544E-05   0.99316E-02   0.99314E-02   0.46228E+01
   0.25758E+03   0.23101E-05   0.10227E-01   0.10226E-01   0.45720E+01
   0.25758E+03   0.24771E-05   0.10527E-01   0.10527E-01   0.45236E+01
   0.25758E+03   0.26561E-05   0.10833E-01   0.10833E-01   0.44775E+01
   0.25758E+03   0.28480E-05   0.11145E-01   0.11145E-01   0.44338E+01
   0.25758E+03   0.30539E-05   0.11462E-01   0.11462E-01   0.43922E+01
   0.25758E+03   0.32745E-05   0.11784E-01   0.11784E-01   0.43528E+01
   0.25758E+03   0.35112E-05   0.12300E-01   0.12300E-01   0.43135E+01
   0.25758E+03   0.37649E-05   0.13076E-01   0.13075E-01   0.42744E+01
   0.25758E+03   0.40370E-05   0.13870E-01   0.13869E-01   0.42382E+01
   0.25758E+03   0.43288E-05   0.14681E-01   0.14680E-01   0.42049E+01
   0.25758E+03   0.46416E-05   0.15507E-01   0.15506E-01   0.41747E+01
   0.25758E+03   0.49770E-05   0.16346E-01   0.16346E-01   0.41478E+01
   0.25758E+03   0.53367E-05   0.17197E-01   0.17197E-01   0.41242E+01
   0.25758E+03   0.57224E-05   0.18011E-01   0.18011E-01   0.40976E+01
   0.25758E+03   0.61359E-05   0.18825E-01   0.18825E-01   0.40712E+01
   0.25758E+03   0.65793E-05   0.19662E-01   0.19662E-01   0.40476E+01
   0.25758E+03   0.70548E-05   0.20522E-01   0.20521E-01   0.40269E+01
   0.25758E+03   0.75646E-05   0.21403E-01   0.21402E-01   0.40092E+01
   0.25758E+03   0.81113E-05   0.22306E-01   0.22305E-01   0.39945E+01
   0.25758E+03   0.86975E-05   0.23238E-01   0.23237E-01   0.39842E+01
   0.25758E+03   0.93260E-05   0.23979E-01   0.23979E-01   0.39369E+01
   0.25758E+03   0.10000E-04   0.24734E-01   0.24733E-01   0.38931E+01
   0.25758E+03   0.10723E-04   0.25501E-01   0.25501E-01   0.38525E+01
   0.25758E+03   0.11498E-04   0.26281E-01   0.26280E-01   0.38153E+01
   0.25758E+03   0.12328E-04   0.27073E-01   0.27072E-01   0.37813E+01
   0.25758E+03   0.13219E-04   0.27877E-01   0.27876E-01   0.37504E+01
   0.25758E+03   0.14175E-04   0.28695E-01   0.28694E-01   0.37160E+01
   0.25758E+03   0.15199E-04   0.29535E-01   0.29534E-01   0.36635E+01
   0.25758E+03   0.16298E-04   0.30387E-01   0.30386E-01   0.36158E+01
   0.25758E+03   0.17475E-04   0.31251E-01   0.31250E-01   0.35726E+01
   0.25758E+03   0.18738E-04   0.32127E-01   0.32126E-01   0.35336E+01
   0.25758E+03   0.20092E-04   0.33014E-01   0.33013E-01   0.34988E+01
   0.25758E+03   0.21544E-04   0.33913E-01   0.33911E-01   0.34678E+01
   0.25758E+03   0.23101E-04   0.33977E-01   0.33976E-01   0.31144E+01
   0.25758E+03   0.24771E-04   0.32958E-01   0.32956E-01   0.26511E+01
   0.25758E+03   0.26561E-04   0.31632E-01   0.31631E-01   0.23739E+01
   0.25758E+03   0.28480E-04   0.29990E-01   0.29988E-01   0.22018E+01
   0.25758E+03   0.30539E-04   0.28030E-01   0.28029E-01   0.20910E+01
   0.25758E+03   0.32745E-04   0.25769E-01   0.25767E-01   0.20173E+01
   0.25758E+03   0.35112E-04   0.23237E-01   0.23236E-01   0.19673E+01
   0.25758E+03   0.37649E-04   0.23307E-01   0.23305E-01   0.19594E+01
   0.25758E+03   0.40370E-04   0.24285E-01   0.24283E-01   0.19634E+01
   0.25758E+03   0.43288E-04   0.25294E-01   0.25292E-01   0.19694E+01
   0.25758E+03   0.46416E-04   0.26334E-01   0.26333E-01   0.19776E+01
   0.25758E+03   0.49770E-04   0.27406E-01   0.27405E-01   0.19881E+01
   0.25758E+03   0.53367E-04   0.28510E-01   0.28509E-01   0.20009E+01
   0.25758E+03   0.57224E-04   0.29641E-01   0.29639E-01   0.20149E+01
   0.25758E+03   0.61359E-04   0.30730E-01   0.30728E-01   0.20154E+01
   0.25758E+03   0.65793E-04   0.31849E-01   0.31847E-01   0.20177E+01
   0.25758E+03   0.70548E-04   0.32998E-01   0.32996E-01   0.20220E+01
   0.25758E+03   0.75646E-04   0.34176E-01   0.34174E-01   0.20281E+01
   0.25758E+03   0.81113E-04   0.35384E-01   0.35383E-01   0.20362E+01
   0.25758E+03   0.86975E-04   0.36623E-01   0.36621E-01   0.20461E+01
   0.25758E+03   0.93260E-04   0.37997E-01   0.37995E-01   0.20570E+01
   0.25758E+03   0.10000E-03   0.39614E-01   0.39613E-01   0.20674E+01
   0.25758E+03   0.10723E-03   0.41281E-01   0.41280E-01   0.20795E+01
   0.25758E+03   0.11498E-03   0.42998E-01   0.42996E-01   0.20933E+01
   0.25758E+03   0.12328E-03   0.44765E-01   0.44763E-01   0.21089E+01
   0.25758E+03   0.13219E-03   0.46583E-01   0.46581E-01   0.21262E+01
   0.25758E+03   0.14175E-03   0.48451E-01   0.48449E-01   0.21453E+01
   0.25758E+03   0.15199E-03   0.50379E-01   0.50377E-01   0.21623E+01
   0.25758E+03   0.16298E-03   0.52369E-01   0.52367E-01   0.21785E+01
   0.25758E+03   0.17475E-03   0.54417E-01   0.54415E-01   0.21963E+01
   0.25758E+03   0.18738E-03   0.56523E-01   0.56521E-01   0.22159E+01
   0.25758E+03   0.20092E-03   0.58688E-01   0.58686E-01   0.22372E+01
   0.25758E+03   0.21544E-03   0.60913E-01   0.60911E-01   0.22602E+01
   0.25758E+03   0.23101E-03   0.63197E-01   0.63195E-01   0.22851E+01
   0.25758E+03   0.24771E-03   0.60249E-01   0.60247E-01   0.22769E+01
   0.25758E+03   0.26561E-03   0.56238E-01   0.56236E-01   0.22697E+01
   0.25758E+03   0.28480E-03   0.51962E-01   0.51960E-01   0.22676E+01
   0.25758E+03   0.30539E-03   0.47468E-01   0.47466E-01   0.22700E+01
   0.25758E+03   0.32745E-03   0.42816E-01   0.42814E-01   0.22759E+01
   0.25758E+03   0.35112E-03   0.38080E-01   0.38079E-01   0.22850E+01
   0.25758E+03   0.37649E-03   0.34307E-01   0.34305E-01   0.22967E+01
   0.25758E+03   0.40370E-03   0.36084E-01   0.36083E-01   0.23099E+01
   0.25758E+03   0.43288E-03   0.37943E-01   0.37941E-01   0.23243E+01
   0.25758E+03   0.46416E-03   0.39886E-01   0.39884E-01   0.23400E+01
   0.25758E+03   0.49770E-03   0.41916E-01   0.41914E-01   0.23571E+01
   0.25758E+03   0.53367E-03   0.44036E-01   0.44035E-01   0.23756E+01
   0.25758E+03   0.57224E-03   0.46250E-01   0.46249E-01   0.23956E+01
   0.25758E+03   0.61359E-03   0.48606E-01   0.48605E-01   0.24141E+01
   0.25758E+03   0.65793E-03   0.51137E-01   0.51136E-01   0.24297E+01
   0.25758E+03   0.70548E-03   0.53787E-01   0.53785E-01   0.24465E+01
   0.25758E+03   0.75646E-03   0.56559E-01   0.56557E-01   0.24646E+01
   0.25758E+03   0.81113E-03   0.59458E-01   0.59457E-01   0.24841E+01
   0.25758E+03   0.86975E-03   0.62490E-01   0.62489E-01   0.25049E+01
   0.25758E+03   0.93260E-03   0.65659E-01   0.65658E-01   0.25273E+01
   0.25758E+03   0.10000E-02   0.69145E-01   0.69143E-01   0.25433E+01
   0.29697E+03   0.10000E-05   0.11693E-01   0.11693E-01   0.57463E+01
   0.29697E+03   0.10723E-05   0.11999E-01   0.11999E-01   0.57068E+01
   0.29697E+03   0.11498E-05   0.12310E-01   0.12310E-01   0.56687E+01
   0.29697E+03   0.12328E-05   0.12624E-01   0.12623E-01   0.56322E+01
   0.29697E+03   0.13219E-05   0.12941E-01   0.12941E-01   0.55970E+01
   0.29697E+03   0.14175E-05   0.13231E-01   0.13231E-01   0.55532E+01
   0.29697E+03   0.15199E-05   0.13521E-01   0.13521E-01   0.55100E+01
   0.29697E+03   0.16298E-05   0.13814E-01   0.13814E-01   0.54684E+01
   0.29697E+03   0.17475E-05   0.14110E-01   0.14110E-01   0.54285E+01
   0.29697E+03   0.18738E-05   0.14409E-01   0.14409E-01   0.53903E+01
   0.29697E+03   0.20092E-05   0.14710E-01   0.14710E-01   0.53536E+01
   0.29697E+03   0.21544E-05   0.15060E-01   0.15060E-01   0.53170E+01
   0.29697E+03   0.23101E-05   0.15638E-01   0.15638E-01   0.52749E+01
   0.29697E+03   0.24771E-05   0.16224E-01   0.16224E-01   0.52348E+01
   0.29697E+03   0.26561E-05   0.16817E-01   0.16817E-01   0.51968E+01
   0.29697E+03   0.28480E-05   0.17417E-01   0.17416E-01   0.51607E+01
   0.29697E+03   0.30539E-05   0.18022E-01   0.18022E-01   0.51267E+01
   0.29697E+03   0.32745E-05   0.18632E-01   0.18632E-01   0.50946E+01
   0.29697E+03   0.35112E-05   0.19385E-01   0.19384E-01   0.50597E+01
   0.29697E+03   0.37649E-05   0.20323E-01   0.20323E-01   0.50214E+01
   0.29697E+03   0.40370E-05   0.21270E-01   0.21269E-01   0.49862E+01
   0.29697E+03   0.43288E-05   0.22222E-01   0.22222E-01   0.49542E+01
   0.29697E+03   0.46416E-05   0.23179E-01   0.23178E-01   0.49254E+01
   0.29697E+03   0.49770E-05   0.24136E-01   0.24136E-01   0.49000E+01
   0.29697E+03   0.53367E-05   0.25094E-01   0.25093E-01   0.48781E+01
   0.29697E+03   0.57224E-05   0.25876E-01   0.25875E-01   0.48420E+01
   0.29697E+03   0.61359E-05   0.26587E-01   0.26586E-01   0.48016E+01
   0.29697E+03   0.65793E-05   0.27302E-01   0.27302E-01   0.47642E+01
   0.29697E+03   0.70548E-05   0.28021E-01   0.28021E-01   0.47297E+01
   0.29697E+03   0.75646E-05   0.28743E-01   0.28742E-01   0.46982E+01
   0.29697E+03   0.81113E-05   0.29467E-01   0.29466E-01   0.46697E+01
   0.29697E+03   0.86975E-05   0.30195E-01   0.30194E-01   0.46450E+01
   0.29697E+03   0.93260E-05   0.30857E-01   0.30856E-01   0.45989E+01
   0.29697E+03   0.10000E-04   0.31522E-01   0.31521E-01   0.45563E+01
   0.29697E+03   0.10723E-04   0.32190E-01   0.32189E-01   0.45173E+01
   0.29697E+03   0.11498E-04   0.32861E-01   0.32860E-01   0.44817E+01
   0.29697E+03   0.12328E-04   0.33534E-01   0.33533E-01   0.44494E+01
   0.29697E+03   0.13219E-04   0.34209E-01   0.34208E-01   0.44204E+01
   0.29697E+03   0.14175E-04   0.34884E-01   0.34883E-01   0.43878E+01
   0.29697E+03   0.15199E-04   0.35556E-01   0.35555E-01   0.43373E+01
   0.29697E+03   0.16298E-04   0.36230E-01   0.36229E-01   0.42919E+01
   0.29697E+03   0.17475E-04   0.36905E-01   0.36904E-01   0.42515E+01
   0.29697E+03   0.18738E-04   0.37583E-01   0.37582E-01   0.42156E+01
   0.29697E+03   0.20092E-04   0.38261E-01   0.38260E-01   0.41840E+01
   0.29697E+03   0.21544E-04   0.38941E-01   0.38940E-01   0.41565E+01
   0.29697E+03   0.23101E-04   0.39757E-01   0.39756E-01   0.41266E+01
   0.29697E+03   0.24771E-04   0.40717E-01   0.40716E-01   0.40946E+01
   0.29697E+03   0.26561E-04   0.41682E-01   0.41680E-01   0.40673E+01
   0.29697E+03   0.28480E-04   0.42649E-01   0.42648E-01   0.40444E+01
   0.29697E+03   0.30539E-04   0.43620E-01   0.43619E-01   0.40256E+01
   0.29697E+03   0.32745E-04   0.44593E-01   0.44592E-01   0.40106E+01
   0.29697E+03   0.35112E-04   0.45567E-01   0.45566E-01   0.39992E+01
   0.29697E+03   0.37649E-04   0.46755E-01   0.46754E-01   0.39961E+01
   0.29697E+03   0.40370E-04   0.48016E-01   0.48015E-01   0.39966E+01
   0.29697E+03   0.43288E-04   0.49283E-01   0.49282E-01   0.39989E+01
   0.29697E+03   0.46416E-04   0.50555E-01   0.50554E-01   0.40032E+01
   0.29697E+03   0.49770E-04   0.51830E-01   0.51829E-01   0.40095E+01
   0.29697E+03   0.53367E-04   0.53109E-01   0.53107E-01   0.40179E+01
   0.29697E+03   0.57224E-04   0.54429E-01   0.54428E-01   0.40298E+01
   0.29697E+03   0.61359E-04   0.56241E-01   0.56240E-01   0.40603E+01
   0.29697E+03   0.65793E-04   0.58086E-01   0.58085E-01   0.40935E+01
   0.29697E+03   0.70548E-04   0.59963E-01   0.59962E-01   0.41294E+01
   0.29697E+03   0.75646E-04   0.61872E-01   0.61870E-01   0.41681E+01
   0.29697E+03   0.81113E-04   0.63812E-01   0.63811E-01   0.42096E+01
   0.29697E+03   0.86975E-04   0.65783E-01   0.65782E-01   0.42540E+01
   0.29697E+03   0.93260E-04   0.67907E-01   0.67905E-01   0.42904E+01
   0.29697E+03   0.10000E-03   0.70288E-01   0.70286E-01   0.43079E+01
   0.29697E+03   0.10723E-03   0.72685E-01   0.72684E-01   0.43273E+01
   0.29697E+03   0.11498E-03   0.75098E-01   0.75097E-01   0.43484E+01
   0.29697E+03   0.12328E-03   0.77525E-01   0.77524E-01   0.43715E+01
   0.29697E+03   0.13219E-03   0.79963E-01   0.79962E-01   0.43966E+01
   0.29697E+03   0.14175E-03   0.82412E-01   0.82410E-01   0.44238E+01
   0.29697E+03   0.15199E-03   0.84701E-01   0.84700E-01   0.44459E+01
   0.29697E+03   0.16298E-03   0.86900E-01   0.86899E-01   0.44650E+01
   0.29697E+03   0.17475E-03   0.89119E-01   0.89118E-01   0.44858E+01
   0.29697E+03   0.18738E-03   0.91358E-01   0.91357E-01   0.45082E+01
   0.29697E+03   0.20092E-03   0.93616E-01   0.93615E-01   0.45322E+01
   0.29697E+03   0.21544E-03   0.95892E-01   0.95890E-01   0.45580E+01
   0.29697E+03   0.23101E-03   0.98185E-01   0.98183E-01   0.45855E+01
   0.29697E+03   0.24771E-03   0.10151E+00   0.10151E+00   0.45539E+01
   0.29697E+03   0.26561E-03   0.10502E+00   0.10502E+00   0.45165E+01
   0.29697E+03   0.28480E-03   0.10855E+00   0.10855E+00   0.44823E+01
   0.29697E+03   0.30539E-03   0.11210E+00   0.11210E+00   0.44514E+01
   0.29697E+03   0.32745E-03   0.11567E+00   0.11567E+00   0.44236E+01
   0.29697E+03   0.35112E-03   0.11925E+00   0.11925E+00   0.43991E+01
   0.29697E+03   0.37649E-03   0.12302E+00   0.12302E+00   0.43857E+01
   0.29697E+03   0.40370E-03   0.12793E+00   0.12793E+00   0.44198E+01
   0.29697E+03   0.43288E-03   0.13294E+00   0.13294E+00   0.44555E+01
   0.29697E+03   0.46416E-03   0.13806E+00   0.13806E+00   0.44931E+01
   0.29697E+03   0.49770E-03   0.14329E+00   0.14329E+00   0.45324E+01
   0.29697E+03   0.53367E-03   0.14862E+00   0.14862E+00   0.45737E+01
   0.29697E+03   0.57224E-03   0.15407E+00   0.15406E+00   0.46170E+01
   0.29697E+03   0.61359E-03   0.15934E+00   0.15934E+00   0.46577E+01
   0.29697E+03   0.65793E-03   0.16433E+00   0.16432E+00   0.46934E+01
   0.29697E+03   0.70548E-03   0.16942E+00   0.16942E+00   0.47306E+01
   0.29697E+03   0.75646E-03   0.17462E+00   0.17462E+00   0.47694E+01
   0.29697E+03   0.81113E-03   0.17993E+00   0.17993E+00   0.48099E+01
   0.29697E+03   0.86975E-03   0.18535E+00   0.18535E+00   0.48520E+01
   0.29697E+03   0.93260E-03   0.19088E+00   0.19088E+00   0.48960E+01
   0.29697E+03   0.10000E-02   0.18904E+00   0.18904E+00   0.46644E+01
   0.33636E+03   0.10000E-05   0.19104E-01   0.19104E-01   0.61461E+01
   0.33636E+03   0.10723E-05   0.19493E-01   0.19493E-01   0.61130E+01
   0.33636E+03   0.11498E-05   0.19883E-01   0.19883E-01   0.60811E+01
   0.33636E+03   0.12328E-05   0.20276E-01   0.20276E-01   0.60504E+01
   0.33636E+03   0.13219E-05   0.20670E-01   0.20670E-01   0.60210E+01
   0.33636E+03   0.14175E-05   0.21018E-01   0.21018E-01   0.59840E+01
   0.33636E+03   0.15199E-05   0.21362E-01   0.21362E-01   0.59476E+01
   0.33636E+03   0.16298E-05   0.21708E-01   0.21708E-01   0.59126E+01
   0.33636E+03   0.17475E-05   0.22055E-01   0.22054E-01   0.58789E+01
   0.33636E+03   0.18738E-05   0.22403E-01   0.22402E-01   0.58465E+01
   0.33636E+03   0.20092E-05   0.22752E-01   0.22751E-01   0.58154E+01
   0.33636E+03   0.21544E-05   0.23221E-01   0.23221E-01   0.57846E+01
   0.33636E+03   0.23101E-05   0.24269E-01   0.24269E-01   0.57506E+01
   0.33636E+03   0.24771E-05   0.25320E-01   0.25320E-01   0.57187E+01
   0.33636E+03   0.26561E-05   0.26372E-01   0.26372E-01   0.56889E+01
   0.33636E+03   0.28480E-05   0.27422E-01   0.27421E-01   0.56614E+01
   0.33636E+03   0.30539E-05   0.28466E-01   0.28466E-01   0.56362E+01
   0.33636E+03   0.32745E-05   0.29503E-01   0.29502E-01   0.56133E+01
   0.33636E+03   0.35112E-05   0.30535E-01   0.30535E-01   0.55857E+01
   0.33636E+03   0.37649E-05   0.31570E-01   0.31569E-01   0.55518E+01
   0.33636E+03   0.40370E-05   0.32598E-01   0.32598E-01   0.55208E+01
   0.33636E+03   0.43288E-05   0.33619E-01   0.33619E-01   0.54928E+01
   0.33636E+03   0.46416E-05   0.34631E-01   0.34631E-01   0.54679E+01
   0.33636E+03   0.49770E-05   0.35633E-01   0.35633E-01   0.54460E+01
   0.33636E+03   0.53367E-05   0.36623E-01   0.36622E-01   0.54274E+01
   0.33636E+03   0.57224E-05   0.37418E-01   0.37417E-01   0.53956E+01
   0.33636E+03   0.61359E-05   0.38131E-01   0.38130E-01   0.53598E+01
   0.33636E+03   0.65793E-05   0.38840E-01   0.38839E-01   0.53271E+01
   0.33636E+03   0.70548E-05   0.39545E-01   0.39545E-01   0.52972E+01
   0.33636E+03   0.75646E-05   0.40247E-01   0.40246E-01   0.52703E+01
   0.33636E+03   0.81113E-05   0.40943E-01   0.40943E-01   0.52463E+01
   0.33636E+03   0.86975E-05   0.41638E-01   0.41637E-01   0.52260E+01
   0.33636E+03   0.93260E-05   0.42240E-01   0.42239E-01   0.51846E+01
   0.33636E+03   0.10000E-04   0.42840E-01   0.42839E-01   0.51469E+01
   0.33636E+03   0.10723E-04   0.43438E-01   0.43437E-01   0.51127E+01
   0.33636E+03   0.11498E-04   0.44034E-01   0.44033E-01   0.50819E+01
   0.33636E+03   0.12328E-04   0.44628E-01   0.44627E-01   0.50545E+01
   0.33636E+03   0.13219E-04   0.45219E-01   0.45218E-01   0.50304E+01
   0.33636E+03   0.14175E-04   0.45800E-01   0.45800E-01   0.50025E+01
   0.33636E+03   0.15199E-04   0.46354E-01   0.46353E-01   0.49561E+01
   0.33636E+03   0.16298E-04   0.46906E-01   0.46906E-01   0.49153E+01
   0.33636E+03   0.17475E-04   0.47457E-01   0.47456E-01   0.48795E+01
   0.33636E+03   0.18738E-04   0.48005E-01   0.48004E-01   0.48486E+01
   0.33636E+03   0.20092E-04   0.48551E-01   0.48551E-01   0.48222E+01
   0.33636E+03   0.21544E-04   0.49096E-01   0.49095E-01   0.48000E+01
   0.33636E+03   0.23101E-04   0.49840E-01   0.49840E-01   0.47812E+01
   0.33636E+03   0.24771E-04   0.50788E-01   0.50787E-01   0.47649E+01
   0.33636E+03   0.26561E-04   0.51728E-01   0.51727E-01   0.47516E+01
   0.33636E+03   0.28480E-04   0.52661E-01   0.52660E-01   0.47410E+01
   0.33636E+03   0.30539E-04   0.53585E-01   0.53584E-01   0.47332E+01
   0.33636E+03   0.32745E-04   0.54501E-01   0.54500E-01   0.47280E+01
   0.33636E+03   0.35112E-04   0.55408E-01   0.55407E-01   0.47255E+01
   0.33636E+03   0.37649E-04   0.56375E-01   0.56374E-01   0.47239E+01
   0.33636E+03   0.40370E-04   0.57359E-01   0.57358E-01   0.47236E+01
   0.33636E+03   0.43288E-04   0.58338E-01   0.58337E-01   0.47251E+01
   0.33636E+03   0.46416E-04   0.59312E-01   0.59311E-01   0.47285E+01
   0.33636E+03   0.49770E-04   0.60280E-01   0.60279E-01   0.47338E+01
   0.33636E+03   0.53367E-04   0.61243E-01   0.61242E-01   0.47410E+01
   0.33636E+03   0.57224E-04   0.62199E-01   0.62199E-01   0.47491E+01
   0.33636E+03   0.61359E-04   0.63147E-01   0.63146E-01   0.47468E+01
   0.33636E+03   0.65793E-04   0.64092E-01   0.64091E-01   0.47465E+01
   0.33636E+03   0.70548E-04   0.65035E-01   0.65034E-01   0.47479E+01
   0.33636E+03   0.75646E-04   0.65976E-01   0.65975E-01   0.47513E+01
   0.33636E+03   0.81113E-04   0.66914E-01   0.66914E-01   0.47564E+01
   0.33636E+03   0.86975E-04   0.67850E-01   0.67849E-01   0.47634E+01
   0.33636E+03   0.93260E-04   0.69068E-01   0.69067E-01   0.47745E+01
   0.33636E+03   0.10000E-03   0.70832E-01   0.70831E-01   0.47916E+01
   0.33636E+03   0.10723E-03   0.72595E-01   0.72594E-01   0.48104E+01
   0.33636E+03   0.11498E-03   0.74355E-01   0.74354E-01   0.48309E+01
   0.33636E+03   0.12328E-03   0.76112E-01   0.76111E-01   0.48532E+01
   0.33636E+03   0.13219E-03   0.77866E-01   0.77865E-01   0.48774E+01
   0.33636E+03   0.14175E-03   0.79615E-01   0.79614E-01   0.49035E+01
   0.33636E+03   0.15199E-03   0.81231E-01   0.81230E-01   0.49239E+01
   0.33636E+03   0.16298E-03   0.82769E-01   0.82768E-01   0.49409E+01
   0.33636E+03   0.17475E-03   0.84313E-01   0.84312E-01   0.49594E+01
   0.33636E+03   0.18738E-03   0.85861E-01   0.85860E-01   0.49793E+01
   0.33636E+03   0.20092E-03   0.87414E-01   0.87413E-01   0.50009E+01
   0.33636E+03   0.21544E-03   0.88972E-01   0.88971E-01   0.50240E+01
   0.33636E+03   0.23101E-03   0.90535E-01   0.90534E-01   0.50488E+01
   0.33636E+03   0.24771E-03   0.94495E-01   0.94494E-01   0.51109E+01
   0.33636E+03   0.26561E-03   0.98897E-01   0.98896E-01   0.51808E+01
   0.33636E+03   0.28480E-03   0.10339E+00   0.10339E+00   0.52534E+01
   0.33636E+03   0.30539E-03   0.10797E+00   0.10797E+00   0.53288E+01
   0.33636E+03   0.32745E-03   0.11264E+00   0.11263E+00   0.54072E+01
   0.33636E+03   0.35112E-03   0.11739E+00   0.11739E+00   0.54886E+01
   0.33636E+03   0.37649E-03   0.12206E+00   0.12206E+00   0.55664E+01
   0.33636E+03   0.40370E-03   0.12583E+00   0.12583E+00   0.56068E+01
   0.33636E+03   0.43288E-03   0.12966E+00   0.12966E+00   0.56489E+01
   0.33636E+03   0.46416E-03   0.13355E+00   0.13355E+00   0.56928E+01
   0.33636E+03   0.49770E-03   0.13751E+00   0.13751E+00   0.57386E+01
   0.33636E+03   0.53367E-03   0.14152E+00   0.14152E+00   0.57862E+01
   0.33636E+03   0.57224E-03   0.14559E+00   0.14559E+00   0.58359E+01
   0.33636E+03   0.61359E-03   0.14995E+00   0.14995E+00   0.58844E+01
   0.33636E+03   0.65793E-03   0.15470E+00   0.15470E+00   0.59304E+01
   0.33636E+03   0.70548E-03   0.15955E+00   0.15955E+00   0.59785E+01
   0.33636E+03   0.75646E-03   0.16449E+00   0.16449E+00   0.60285E+01
   0.33636E+03   0.81113E-03   0.16952E+00   0.16952E+00   0.60808E+01
   0.33636E+03   0.86975E-03   0.17464E+00   0.17464E+00   0.61352E+01
   0.33636E+03   0.93260E-03   0.17985E+00   0.17985E+00   0.61920E+01
   0.33636E+03   0.10000E-02   0.18490E+00   0.18490E+00   0.62047E+01
   0.37576E+03   0.10000E-05   0.25525E-01   0.25525E-01   0.62890E+01
   0.37576E+03   0.10723E-05   0.25965E-01   0.25965E-01   0.62704E+01
   0.37576E+03   0.11498E-05   0.26406E-01   0.26406E-01   0.62526E+01
   0.37576E+03   0.12328E-05   0.26846E-01   0.26846E-01   0.62356E+01
   0.37576E+03   0.13219E-05   0.27287E-01   0.27287E-01   0.62194E+01
   0.37576E+03   0.14175E-05   0.27671E-01   0.27670E-01   0.61938E+01
   0.37576E+03   0.15199E-05   0.28049E-01   0.28048E-01   0.61681E+01
   0.37576E+03   0.16298E-05   0.28427E-01   0.28426E-01   0.61434E+01
   0.37576E+03   0.17475E-05   0.28805E-01   0.28804E-01   0.61196E+01
   0.37576E+03   0.18738E-05   0.29182E-01   0.29182E-01   0.60968E+01
   0.37576E+03   0.20092E-05   0.29559E-01   0.29559E-01   0.60749E+01
   0.37576E+03   0.21544E-05   0.30115E-01   0.30114E-01   0.60527E+01
   0.37576E+03   0.23101E-05   0.31522E-01   0.31522E-01   0.60262E+01
   0.37576E+03   0.24771E-05   0.32919E-01   0.32918E-01   0.60022E+01
   0.37576E+03   0.26561E-05   0.34300E-01   0.34299E-01   0.59807E+01
   0.37576E+03   0.28480E-05   0.35661E-01   0.35660E-01   0.59618E+01
   0.37576E+03   0.30539E-05   0.36997E-01   0.36997E-01   0.59456E+01
   0.37576E+03   0.32745E-05   0.38306E-01   0.38306E-01   0.59323E+01
   0.37576E+03   0.35112E-05   0.39457E-01   0.39457E-01   0.59130E+01
   0.37576E+03   0.37649E-05   0.40426E-01   0.40426E-01   0.58846E+01
   0.37576E+03   0.40370E-05   0.41383E-01   0.41383E-01   0.58590E+01
   0.37576E+03   0.43288E-05   0.42327E-01   0.42326E-01   0.58362E+01
   0.37576E+03   0.46416E-05   0.43256E-01   0.43256E-01   0.58161E+01
   0.37576E+03   0.49770E-05   0.44171E-01   0.44170E-01   0.57989E+01
   0.37576E+03   0.53367E-05   0.45069E-01   0.45069E-01   0.57846E+01
   0.37576E+03   0.57224E-05   0.45802E-01   0.45801E-01   0.57581E+01
   0.37576E+03   0.61359E-05   0.46462E-01   0.46462E-01   0.57280E+01
   0.37576E+03   0.65793E-05   0.47116E-01   0.47116E-01   0.57008E+01
   0.37576E+03   0.70548E-05   0.47763E-01   0.47763E-01   0.56764E+01
   0.37576E+03   0.75646E-05   0.48404E-01   0.48403E-01   0.56547E+01
   0.37576E+03   0.81113E-05   0.49037E-01   0.49036E-01   0.56357E+01
   0.37576E+03   0.86975E-05   0.49666E-01   0.49665E-01   0.56203E+01
   0.37576E+03   0.93260E-05   0.50204E-01   0.50203E-01   0.55847E+01
   0.37576E+03   0.10000E-04   0.50738E-01   0.50738E-01   0.55526E+01
   0.37576E+03   0.10723E-04   0.51268E-01   0.51268E-01   0.55241E+01
   0.37576E+03   0.11498E-04   0.51794E-01   0.51794E-01   0.54988E+01
   0.37576E+03   0.12328E-04   0.52317E-01   0.52316E-01   0.54767E+01
   0.37576E+03   0.13219E-04   0.52834E-01   0.52834E-01   0.54577E+01
   0.37576E+03   0.14175E-04   0.53341E-01   0.53340E-01   0.54349E+01
   0.37576E+03   0.15199E-04   0.53819E-01   0.53819E-01   0.53940E+01
   0.37576E+03   0.16298E-04   0.54295E-01   0.54294E-01   0.53586E+01
   0.37576E+03   0.17475E-04   0.54768E-01   0.54767E-01   0.53284E+01
   0.37576E+03   0.18738E-04   0.55237E-01   0.55236E-01   0.53031E+01
   0.37576E+03   0.20092E-04   0.55703E-01   0.55703E-01   0.52822E+01
   0.37576E+03   0.21544E-04   0.56166E-01   0.56166E-01   0.52655E+01
   0.37576E+03   0.23101E-04   0.56876E-01   0.56876E-01   0.52555E+01
   0.37576E+03   0.24771E-04   0.57832E-01   0.57831E-01   0.52508E+01
   0.37576E+03   0.26561E-04   0.58772E-01   0.58771E-01   0.52481E+01
   0.37576E+03   0.28480E-04   0.59695E-01   0.59695E-01   0.52474E+01
   0.37576E+03   0.30539E-04   0.60603E-01   0.60603E-01   0.52487E+01
   0.37576E+03   0.32745E-04   0.61495E-01   0.61495E-01   0.52521E+01
   0.37576E+03   0.35112E-04   0.62372E-01   0.62372E-01   0.52577E+01
   0.37576E+03   0.37649E-04   0.63191E-01   0.63190E-01   0.52576E+01
   0.37576E+03   0.40370E-04   0.63988E-01   0.63987E-01   0.52568E+01
   0.37576E+03   0.43288E-04   0.64778E-01   0.64777E-01   0.52577E+01
   0.37576E+03   0.46416E-04   0.65561E-01   0.65560E-01   0.52604E+01
   0.37576E+03   0.49770E-04   0.66337E-01   0.66337E-01   0.52648E+01
   0.37576E+03   0.53367E-04   0.67106E-01   0.67106E-01   0.52710E+01
   0.37576E+03   0.57224E-04   0.67886E-01   0.67885E-01   0.52784E+01
   0.37576E+03   0.61359E-04   0.68858E-01   0.68857E-01   0.52807E+01
   0.37576E+03   0.65793E-04   0.69826E-01   0.69826E-01   0.52847E+01
   0.37576E+03   0.70548E-04   0.70790E-01   0.70790E-01   0.52904E+01
   0.37576E+03   0.75646E-04   0.71750E-01   0.71749E-01   0.52976E+01
   0.37576E+03   0.81113E-04   0.72705E-01   0.72704E-01   0.53065E+01
   0.37576E+03   0.86975E-04   0.73655E-01   0.73654E-01   0.53170E+01
   0.37576E+03   0.93260E-04   0.74753E-01   0.74752E-01   0.53300E+01
   0.37576E+03   0.10000E-03   0.76141E-01   0.76140E-01   0.53461E+01
   0.37576E+03   0.10723E-03   0.77525E-01   0.77524E-01   0.53637E+01
   0.37576E+03   0.11498E-03   0.78905E-01   0.78905E-01   0.53829E+01
   0.37576E+03   0.12328E-03   0.80281E-01   0.80280E-01   0.54037E+01
   0.37576E+03   0.13219E-03   0.81652E-01   0.81651E-01   0.54262E+01
   0.37576E+03   0.14175E-03   0.83018E-01   0.83017E-01   0.54504E+01
   0.37576E+03   0.15199E-03   0.84314E-01   0.84313E-01   0.54693E+01
   0.37576E+03   0.16298E-03   0.85569E-01   0.85568E-01   0.54850E+01
   0.37576E+03   0.17475E-03   0.86825E-01   0.86825E-01   0.55022E+01
   0.37576E+03   0.18738E-03   0.88084E-01   0.88083E-01   0.55208E+01
   0.37576E+03   0.20092E-03   0.89345E-01   0.89344E-01   0.55408E+01
   0.37576E+03   0.21544E-03   0.90607E-01   0.90607E-01   0.55624E+01
   0.37576E+03   0.23101E-03   0.91871E-01   0.91870E-01   0.55854E+01
   0.37576E+03   0.24771E-03   0.94894E-01   0.94893E-01   0.56211E+01
   0.37576E+03   0.26561E-03   0.98195E-01   0.98194E-01   0.56600E+01
   0.37576E+03   0.28480E-03   0.10151E+00   0.10151E+00   0.57008E+01
   0.37576E+03   0.30539E-03   0.10485E+00   0.10485E+00   0.57435E+01
   0.37576E+03   0.32745E-03   0.10820E+00   0.10820E+00   0.57881E+01
   0.37576E+03   0.35112E-03   0.11157E+00   0.11157E+00   0.58349E+01
   0.37576E+03   0.37649E-03   0.11489E+00   0.11489E+00   0.58826E+01
   0.37576E+03   0.40370E-03   0.11795E+00   0.11795E+00   0.59251E+01
   0.37576E+03   0.43288E-03   0.12105E+00   0.12105E+00   0.59692E+01
   0.37576E+03   0.46416E-03   0.12420E+00   0.12420E+00   0.60149E+01
   0.37576E+03   0.49770E-03   0.12738E+00   0.12738E+00   0.60623E+01
   0.37576E+03   0.53367E-03   0.13061E+00   0.13061E+00   0.61115E+01
   0.37576E+03   0.57224E-03   0.13388E+00   0.13388E+00   0.61625E+01
   0.37576E+03   0.61359E-03   0.13767E+00   0.13767E+00   0.62160E+01
   0.37576E+03   0.65793E-03   0.14220E+00   0.14220E+00   0.62727E+01
   0.37576E+03   0.70548E-03   0.14682E+00   0.14682E+00   0.63318E+01
   0.37576E+03   0.75646E-03   0.15152E+00   0.15152E+00   0.63933E+01
   0.37576E+03   0.81113E-03   0.15631E+00   0.15631E+00   0.64574E+01
   0.37576E+03   0.86975E-03   0.16118E+00   0.16118E+00   0.65242E+01
   0.37576E+03   0.93260E-03   0.16615E+00   0.16614E+00   0.65939E+01
   0.37576E+03   0.10000E-02   0.17039E+00   0.17039E+00   0.66101E+01
   0.41515E+03   0.10000E-05   0.32102E-01   0.32102E-01   0.59272E+01
   0.41515E+03   0.10723E-05   0.32695E-01   0.32694E-01   0.59476E+01
   0.41515E+03   0.11498E-05   0.33286E-01   0.33285E-01   0.59688E+01
   0.41515E+03   0.12328E-05   0.33875E-01   0.33874E-01   0.59906E+01
   0.41515E+03   0.13219E-05   0.34462E-01   0.34461E-01   0.60131E+01
   0.41515E+03   0.14175E-05   0.35038E-01   0.35038E-01   0.60186E+01
   0.41515E+03   0.15199E-05   0.35612E-01   0.35612E-01   0.60228E+01
   0.41515E+03   0.16298E-05   0.36184E-01   0.36184E-01   0.60276E+01
   0.41515E+03   0.17475E-05   0.36754E-01   0.36754E-01   0.60329E+01
   0.41515E+03   0.18738E-05   0.37321E-01   0.37321E-01   0.60388E+01
   0.41515E+03   0.20092E-05   0.37886E-01   0.37885E-01   0.60452E+01
   0.41515E+03   0.21544E-05   0.38646E-01   0.38646E-01   0.60494E+01
   0.41515E+03   0.23101E-05   0.40348E-01   0.40347E-01   0.60412E+01
   0.41515E+03   0.24771E-05   0.42021E-01   0.42020E-01   0.60353E+01
   0.41515E+03   0.26561E-05   0.43660E-01   0.43659E-01   0.60317E+01
   0.41515E+03   0.28480E-05   0.45260E-01   0.45260E-01   0.60308E+01
   0.41515E+03   0.30539E-05   0.46817E-01   0.46817E-01   0.60326E+01
   0.41515E+03   0.32745E-05   0.48328E-01   0.48328E-01   0.60374E+01
   0.41515E+03   0.35112E-05   0.49584E-01   0.49583E-01   0.60335E+01
   0.41515E+03   0.37649E-05   0.50547E-01   0.50547E-01   0.60166E+01
   0.41515E+03   0.40370E-05   0.51495E-01   0.51494E-01   0.60019E+01
   0.41515E+03   0.43288E-05   0.52426E-01   0.52426E-01   0.59896E+01
   0.41515E+03   0.46416E-05   0.53341E-01   0.53341E-01   0.59796E+01
   0.41515E+03   0.49770E-05   0.54239E-01   0.54239E-01   0.59720E+01
   0.41515E+03   0.53367E-05   0.55119E-01   0.55119E-01   0.59669E+01
   0.41515E+03   0.57224E-05   0.55847E-01   0.55846E-01   0.59489E+01
   0.41515E+03   0.61359E-05   0.56506E-01   0.56506E-01   0.59269E+01
   0.41515E+03   0.65793E-05   0.57158E-01   0.57157E-01   0.59075E+01
   0.41515E+03   0.70548E-05   0.57801E-01   0.57800E-01   0.58905E+01
   0.41515E+03   0.75646E-05   0.58436E-01   0.58435E-01   0.58759E+01
   0.41515E+03   0.81113E-05   0.59062E-01   0.59062E-01   0.58638E+01
   0.41515E+03   0.86975E-05   0.59683E-01   0.59683E-01   0.58549E+01
   0.41515E+03   0.93260E-05   0.60214E-01   0.60213E-01   0.58262E+01
   0.41515E+03   0.10000E-04   0.60739E-01   0.60739E-01   0.58007E+01
   0.41515E+03   0.10723E-04   0.61260E-01   0.61259E-01   0.57784E+01
   0.41515E+03   0.11498E-04   0.61775E-01   0.61774E-01   0.57592E+01
   0.41515E+03   0.12328E-04   0.62285E-01   0.62284E-01   0.57429E+01
   0.41515E+03   0.13219E-04   0.62790E-01   0.62789E-01   0.57294E+01
   0.41515E+03   0.14175E-04   0.63295E-01   0.63294E-01   0.57133E+01
   0.41515E+03   0.15199E-04   0.63814E-01   0.63814E-01   0.56827E+01
   0.41515E+03   0.16298E-04   0.64328E-01   0.64327E-01   0.56567E+01
   0.41515E+03   0.17475E-04   0.64836E-01   0.64835E-01   0.56351E+01
   0.41515E+03   0.18738E-04   0.65339E-01   0.65338E-01   0.56175E+01
   0.41515E+03   0.20092E-04   0.65836E-01   0.65836E-01   0.56036E+01
   0.41515E+03   0.21544E-04   0.66328E-01   0.66327E-01   0.55932E+01
   0.41515E+03   0.23101E-04   0.67055E-01   0.67054E-01   0.55885E+01
   0.41515E+03   0.24771E-04   0.68013E-01   0.68012E-01   0.55884E+01
   0.41515E+03   0.26561E-04   0.68950E-01   0.68949E-01   0.55898E+01
   0.41515E+03   0.28480E-04   0.69866E-01   0.69866E-01   0.55931E+01
   0.41515E+03   0.30539E-04   0.70763E-01   0.70763E-01   0.55980E+01
   0.41515E+03   0.32745E-04   0.71641E-01   0.71640E-01   0.56048E+01
   0.41515E+03   0.35112E-04   0.72499E-01   0.72499E-01   0.56135E+01
   0.41515E+03   0.37649E-04   0.73253E-01   0.73252E-01   0.56142E+01
   0.41515E+03   0.40370E-04   0.73969E-01   0.73969E-01   0.56134E+01
   0.41515E+03   0.43288E-04   0.74678E-01   0.74678E-01   0.56142E+01
   0.41515E+03   0.46416E-04   0.75379E-01   0.75379E-01   0.56166E+01
   0.41515E+03   0.49770E-04   0.76073E-01   0.76072E-01   0.56206E+01
   0.41515E+03   0.53367E-04   0.76758E-01   0.76758E-01   0.56262E+01
   0.41515E+03   0.57224E-04   0.77465E-01   0.77464E-01   0.56332E+01
   0.41515E+03   0.61359E-04   0.78495E-01   0.78494E-01   0.56392E+01
   0.41515E+03   0.65793E-04   0.79517E-01   0.79517E-01   0.56466E+01
   0.41515E+03   0.70548E-04   0.80532E-01   0.80531E-01   0.56554E+01
   0.41515E+03   0.75646E-04   0.81539E-01   0.81538E-01   0.56657E+01
   0.41515E+03   0.81113E-04   0.82538E-01   0.82537E-01   0.56774E+01
   0.41515E+03   0.86975E-04   0.83529E-01   0.83528E-01   0.56905E+01
   0.41515E+03   0.93260E-04   0.84593E-01   0.84592E-01   0.57047E+01
   0.41515E+03   0.10000E-03   0.85804E-01   0.85804E-01   0.57192E+01
   0.41515E+03   0.10723E-03   0.87012E-01   0.87011E-01   0.57351E+01
   0.41515E+03   0.11498E-03   0.88214E-01   0.88214E-01   0.57524E+01
   0.41515E+03   0.12328E-03   0.89412E-01   0.89412E-01   0.57711E+01
   0.41515E+03   0.13219E-03   0.90605E-01   0.90605E-01   0.57913E+01
   0.41515E+03   0.14175E-03   0.91793E-01   0.91793E-01   0.58129E+01
   0.41515E+03   0.15199E-03   0.93063E-01   0.93062E-01   0.58314E+01
   0.41515E+03   0.16298E-03   0.94388E-01   0.94388E-01   0.58481E+01
   0.41515E+03   0.17475E-03   0.95714E-01   0.95714E-01   0.58660E+01
   0.41515E+03   0.18738E-03   0.97041E-01   0.97041E-01   0.58851E+01
   0.41515E+03   0.20092E-03   0.98368E-01   0.98368E-01   0.59056E+01
   0.41515E+03   0.21544E-03   0.99696E-01   0.99695E-01   0.59273E+01
   0.41515E+03   0.23101E-03   0.10102E+00   0.10102E+00   0.59503E+01
   0.41515E+03   0.24771E-03   0.10400E+00   0.10400E+00   0.59908E+01
   0.41515E+03   0.26561E-03   0.10725E+00   0.10725E+00   0.60355E+01
   0.41515E+03   0.28480E-03   0.11051E+00   0.11050E+00   0.60821E+01
   0.41515E+03   0.30539E-03   0.11378E+00   0.11378E+00   0.61306E+01
   0.41515E+03   0.32745E-03   0.11707E+00   0.11707E+00   0.61812E+01
   0.41515E+03   0.35112E-03   0.12038E+00   0.12038E+00   0.62341E+01
   0.41515E+03   0.37649E-03   0.12362E+00   0.12362E+00   0.62873E+01
   0.41515E+03   0.40370E-03   0.12645E+00   0.12645E+00   0.63318E+01
   0.41515E+03   0.43288E-03   0.12932E+00   0.12932E+00   0.63777E+01
   0.41515E+03   0.46416E-03   0.13222E+00   0.13222E+00   0.64252E+01
   0.41515E+03   0.49770E-03   0.13516E+00   0.13516E+00   0.64742E+01
   0.41515E+03   0.53367E-03   0.13813E+00   0.13813E+00   0.65248E+01
   0.41515E+03   0.57224E-03   0.14114E+00   0.14114E+00   0.65771E+01
   0.41515E+03   0.61359E-03   0.14430E+00   0.14430E+00   0.66142E+01
   0.41515E+03   0.65793E-03   0.14765E+00   0.14765E+00   0.66289E+01
   0.41515E+03   0.70548E-03   0.15102E+00   0.15102E+00   0.66454E+01
   0.41515E+03   0.75646E-03   0.15440E+00   0.15440E+00   0.66638E+01
   0.41515E+03   0.81113E-03   0.15780E+00   0.15780E+00   0.66842E+01
   0.41515E+03   0.86975E-03   0.16121E+00   0.16121E+00   0.67066E+01
   0.41515E+03   0.93260E-03   0.16464E+00   0.16464E+00   0.67312E+01
   0.41515E+03   0.10000E-02   0.16801E+00   0.16800E+00   0.67328E+01
   0.45455E+03   0.10000E-05   0.38093E-01   0.38093E-01   0.52811E+01
   0.45455E+03   0.10723E-05   0.38862E-01   0.38862E-01   0.53136E+01
   0.45455E+03   0.11498E-05   0.39625E-01   0.39625E-01   0.53473E+01
   0.45455E+03   0.12328E-05   0.40382E-01   0.40382E-01   0.53825E+01
   0.45455E+03   0.13219E-05   0.41133E-01   0.41133E-01   0.54191E+01
   0.45455E+03   0.14175E-05   0.42121E-01   0.42120E-01   0.54470E+01
   0.45455E+03   0.15199E-05   0.43124E-01   0.43124E-01   0.54748E+01
   0.45455E+03   0.16298E-05   0.44117E-01   0.44116E-01   0.55037E+01
   0.45455E+03   0.17475E-05   0.45098E-01   0.45098E-01   0.55337E+01
   0.45455E+03   0.18738E-05   0.46067E-01   0.46067E-01   0.55648E+01
   0.45455E+03   0.20092E-05   0.47024E-01   0.47023E-01   0.55972E+01
   0.45455E+03   0.21544E-05   0.48131E-01   0.48130E-01   0.56282E+01
   0.45455E+03   0.23101E-05   0.50001E-01   0.50001E-01   0.56481E+01
   0.45455E+03   0.24771E-05   0.51831E-01   0.51830E-01   0.56699E+01
   0.45455E+03   0.26561E-05   0.53614E-01   0.53613E-01   0.56936E+01
   0.45455E+03   0.28480E-05   0.55348E-01   0.55348E-01   0.57194E+01
   0.45455E+03   0.30539E-05   0.57030E-01   0.57029E-01   0.57477E+01
   0.45455E+03   0.32745E-05   0.58658E-01   0.58657E-01   0.57787E+01
   0.45455E+03   0.35112E-05   0.60042E-01   0.60041E-01   0.58009E+01
   0.45455E+03   0.37649E-05   0.61153E-01   0.61152E-01   0.58099E+01
   0.45455E+03   0.40370E-05   0.62244E-01   0.62243E-01   0.58205E+01
   0.45455E+03   0.43288E-05   0.63313E-01   0.63312E-01   0.58328E+01
   0.45455E+03   0.46416E-05   0.64359E-01   0.64359E-01   0.58469E+01
   0.45455E+03   0.49770E-05   0.65384E-01   0.65383E-01   0.58629E+01
   0.45455E+03   0.53367E-05   0.66387E-01   0.66386E-01   0.58810E+01
   0.45455E+03   0.57224E-05   0.67229E-01   0.67228E-01   0.58835E+01
   0.45455E+03   0.61359E-05   0.68000E-01   0.68000E-01   0.58804E+01
   0.45455E+03   0.65793E-05   0.68760E-01   0.68760E-01   0.58792E+01
   0.45455E+03   0.70548E-05   0.69509E-01   0.69508E-01   0.58800E+01
   0.45455E+03   0.75646E-05   0.70246E-01   0.70245E-01   0.58826E+01
   0.45455E+03   0.81113E-05   0.70972E-01   0.70971E-01   0.58872E+01
   0.45455E+03   0.86975E-05   0.71691E-01   0.71690E-01   0.58947E+01
   0.45455E+03   0.93260E-05   0.72287E-01   0.72286E-01   0.58789E+01
   0.45455E+03   0.10000E-04   0.72876E-01   0.72875E-01   0.58658E+01
   0.45455E+03   0.10723E-04   0.73458E-01   0.73457E-01   0.58554E+01
   0.45455E+03   0.11498E-04   0.74034E-01   0.74033E-01   0.58475E+01
   0.45455E+03   0.12328E-04   0.74602E-01   0.74601E-01   0.58421E+01
   0.45455E+03   0.13219E-04   0.75164E-01   0.75163E-01   0.58391E+01
   0.45455E+03   0.14175E-04   0.75752E-01   0.75751E-01   0.58344E+01
   0.45455E+03   0.15199E-04   0.76441E-01   0.76440E-01   0.58186E+01
   0.45455E+03   0.16298E-04   0.77119E-01   0.77118E-01   0.58060E+01
   0.45455E+03   0.17475E-04   0.77786E-01   0.77786E-01   0.57962E+01
   0.45455E+03   0.18738E-04   0.78443E-01   0.78442E-01   0.57891E+01
   0.45455E+03   0.20092E-04   0.79089E-01   0.79088E-01   0.57846E+01
   0.45455E+03   0.21544E-04   0.79724E-01   0.79723E-01   0.57825E+01
   0.45455E+03   0.23101E-04   0.80511E-01   0.80510E-01   0.57826E+01
   0.45455E+03   0.24771E-04   0.81447E-01   0.81447E-01   0.57842E+01
   0.45455E+03   0.26561E-04   0.82363E-01   0.82362E-01   0.57872E+01
   0.45455E+03   0.28480E-04   0.83257E-01   0.83257E-01   0.57918E+01
   0.45455E+03   0.30539E-04   0.84132E-01   0.84131E-01   0.57978E+01
   0.45455E+03   0.32745E-04   0.84987E-01   0.84986E-01   0.58054E+01
   0.45455E+03   0.35112E-04   0.85823E-01   0.85822E-01   0.58147E+01
   0.45455E+03   0.37649E-04   0.86557E-01   0.86557E-01   0.58160E+01
   0.45455E+03   0.40370E-04   0.87255E-01   0.87254E-01   0.58158E+01
   0.45455E+03   0.43288E-04   0.87943E-01   0.87943E-01   0.58170E+01
   0.45455E+03   0.46416E-04   0.88623E-01   0.88622E-01   0.58197E+01
   0.45455E+03   0.49770E-04   0.89294E-01   0.89294E-01   0.58239E+01
   0.45455E+03   0.53367E-04   0.89957E-01   0.89956E-01   0.58295E+01
   0.45455E+03   0.57224E-04   0.90648E-01   0.90647E-01   0.58366E+01
   0.45455E+03   0.61359E-04   0.91771E-01   0.91770E-01   0.58452E+01
   0.45455E+03   0.65793E-04   0.92882E-01   0.92881E-01   0.58551E+01
   0.45455E+03   0.70548E-04   0.93982E-01   0.93981E-01   0.58663E+01
   0.45455E+03   0.75646E-04   0.95070E-01   0.95070E-01   0.58787E+01
   0.45455E+03   0.81113E-04   0.96148E-01   0.96148E-01   0.58924E+01
   0.45455E+03   0.86975E-04   0.97215E-01   0.97214E-01   0.59075E+01
   0.45455E+03   0.93260E-04   0.98301E-01   0.98301E-01   0.59222E+01
   0.45455E+03   0.10000E-03   0.99439E-01   0.99439E-01   0.59351E+01
   0.45455E+03   0.10723E-03   0.10057E+00   0.10057E+00   0.59492E+01
   0.45455E+03   0.11498E-03   0.10170E+00   0.10170E+00   0.59644E+01
   0.45455E+03   0.12328E-03   0.10282E+00   0.10282E+00   0.59810E+01
   0.45455E+03   0.13219E-03   0.10394E+00   0.10394E+00   0.59987E+01
   0.45455E+03   0.14175E-03   0.10505E+00   0.10505E+00   0.60178E+01
   0.45455E+03   0.15199E-03   0.10651E+00   0.10651E+00   0.60378E+01
   0.45455E+03   0.16298E-03   0.10819E+00   0.10819E+00   0.60588E+01
   0.45455E+03   0.17475E-03   0.10987E+00   0.10987E+00   0.60809E+01
   0.45455E+03   0.18738E-03   0.11156E+00   0.11156E+00   0.61041E+01
   0.45455E+03   0.20092E-03   0.11324E+00   0.11324E+00   0.61284E+01
   0.45455E+03   0.21544E-03   0.11491E+00   0.11491E+00   0.61540E+01
   0.45455E+03   0.23101E-03   0.11659E+00   0.11659E+00   0.61808E+01
   0.45455E+03   0.24771E-03   0.11947E+00   0.11947E+00   0.62231E+01
   0.45455E+03   0.26561E-03   0.12254E+00   0.12254E+00   0.62691E+01
   0.45455E+03   0.28480E-03   0.12563E+00   0.12563E+00   0.63169E+01
   0.45455E+03   0.30539E-03   0.12874E+00   0.12874E+00   0.63666E+01
   0.45455E+03   0.32745E-03   0.13186E+00   0.13186E+00   0.64181E+01
   0.45455E+03   0.35112E-03   0.13500E+00   0.13500E+00   0.64717E+01
   0.45455E+03   0.37649E-03   0.13810E+00   0.13810E+00   0.65256E+01
   0.45455E+03   0.40370E-03   0.14087E+00   0.14087E+00   0.65707E+01
   0.45455E+03   0.43288E-03   0.14366E+00   0.14366E+00   0.66171E+01
   0.45455E+03   0.46416E-03   0.14649E+00   0.14649E+00   0.66650E+01
   0.45455E+03   0.49770E-03   0.14935E+00   0.14935E+00   0.67143E+01
   0.45455E+03   0.53367E-03   0.15223E+00   0.15223E+00   0.67651E+01
   0.45455E+03   0.57224E-03   0.15515E+00   0.15515E+00   0.68174E+01
   0.45455E+03   0.61359E-03   0.15823E+00   0.15823E+00   0.68498E+01
   0.45455E+03   0.65793E-03   0.16152E+00   0.16152E+00   0.68536E+01
   0.45455E+03   0.70548E-03   0.16480E+00   0.16480E+00   0.68594E+01
   0.45455E+03   0.75646E-03   0.16808E+00   0.16808E+00   0.68673E+01
   0.45455E+03   0.81113E-03   0.17135E+00   0.17135E+00   0.68775E+01
   0.45455E+03   0.86975E-03   0.17462E+00   0.17462E+00   0.68900E+01
   0.45455E+03   0.93260E-03   0.17788E+00   0.17788E+00   0.69049E+01
   0.45455E+03   0.10000E-02   0.18104E+00   0.18103E+00   0.69034E+01
   0.49394E+03   0.10000E-05   0.44165E-01   0.44164E-01   0.49365E+01
   0.49394E+03   0.10723E-05   0.44991E-01   0.44990E-01   0.49546E+01
   0.49394E+03   0.11498E-05   0.45807E-01   0.45805E-01   0.49736E+01
   0.49394E+03   0.12328E-05   0.46611E-01   0.46610E-01   0.49936E+01
   0.49394E+03   0.13219E-05   0.47405E-01   0.47403E-01   0.50146E+01
   0.49394E+03   0.14175E-05   0.48759E-01   0.48758E-01   0.50350E+01
   0.49394E+03   0.15199E-05   0.50146E-01   0.50144E-01   0.50562E+01
   0.49394E+03   0.16298E-05   0.51504E-01   0.51502E-01   0.50785E+01
   0.49394E+03   0.17475E-05   0.52833E-01   0.52831E-01   0.51020E+01
   0.49394E+03   0.18738E-05   0.54132E-01   0.54130E-01   0.51267E+01
   0.49394E+03   0.20092E-05   0.55400E-01   0.55399E-01   0.51528E+01
   0.49394E+03   0.21544E-05   0.56756E-01   0.56754E-01   0.51794E+01
   0.49394E+03   0.23101E-05   0.58640E-01   0.58638E-01   0.52030E+01
   0.49394E+03   0.24771E-05   0.60476E-01   0.60474E-01   0.52281E+01
   0.49394E+03   0.26561E-05   0.62263E-01   0.62261E-01   0.52549E+01
   0.49394E+03   0.28480E-05   0.63997E-01   0.63995E-01   0.52834E+01
   0.49394E+03   0.30539E-05   0.65678E-01   0.65676E-01   0.53140E+01
   0.49394E+03   0.32745E-05   0.67306E-01   0.67304E-01   0.53468E+01
   0.49394E+03   0.35112E-05   0.68792E-01   0.68790E-01   0.53760E+01
   0.49394E+03   0.37649E-05   0.70131E-01   0.70129E-01   0.53991E+01
   0.49394E+03   0.40370E-05   0.71441E-01   0.71439E-01   0.54236E+01
   0.49394E+03   0.43288E-05   0.72723E-01   0.72720E-01   0.54498E+01
   0.49394E+03   0.46416E-05   0.73975E-01   0.73972E-01   0.54776E+01
   0.49394E+03   0.49770E-05   0.75198E-01   0.75195E-01   0.55073E+01
   0.49394E+03   0.53367E-05   0.76391E-01   0.76388E-01   0.55390E+01
   0.49394E+03   0.57224E-05   0.77459E-01   0.77456E-01   0.55599E+01
   0.49394E+03   0.61359E-05   0.78467E-01   0.78464E-01   0.55769E+01
   0.49394E+03   0.65793E-05   0.79457E-01   0.79454E-01   0.55953E+01
   0.49394E+03   0.70548E-05   0.80429E-01   0.80427E-01   0.56153E+01
   0.49394E+03   0.75646E-05   0.81384E-01   0.81381E-01   0.56370E+01
   0.49394E+03   0.81113E-05   0.82321E-01   0.82318E-01   0.56604E+01
   0.49394E+03   0.86975E-05   0.83244E-01   0.83242E-01   0.56865E+01
   0.49394E+03   0.93260E-05   0.84034E-01   0.84031E-01   0.56912E+01
   0.49394E+03   0.10000E-04   0.84812E-01   0.84810E-01   0.56979E+01
   0.49394E+03   0.10723E-04   0.85579E-01   0.85577E-01   0.57066E+01
   0.49394E+03   0.11498E-04   0.86336E-01   0.86333E-01   0.57172E+01
   0.49394E+03   0.12328E-04   0.87081E-01   0.87079E-01   0.57298E+01
   0.49394E+03   0.13219E-04   0.87816E-01   0.87813E-01   0.57445E+01
   0.49394E+03   0.14175E-04   0.88598E-01   0.88596E-01   0.57576E+01
   0.49394E+03   0.15199E-04   0.89561E-01   0.89559E-01   0.57606E+01
   0.49394E+03   0.16298E-04   0.90504E-01   0.90502E-01   0.57653E+01
   0.49394E+03   0.17475E-04   0.91427E-01   0.91425E-01   0.57719E+01
   0.49394E+03   0.18738E-04   0.92331E-01   0.92328E-01   0.57803E+01
   0.49394E+03   0.20092E-04   0.93215E-01   0.93213E-01   0.57904E+01
   0.49394E+03   0.21544E-04   0.94080E-01   0.94078E-01   0.58022E+01
   0.49394E+03   0.23101E-04   0.95008E-01   0.95006E-01   0.58119E+01
   0.49394E+03   0.24771E-04   0.95997E-01   0.95995E-01   0.58191E+01
   0.49394E+03   0.26561E-04   0.96965E-01   0.96963E-01   0.58275E+01
   0.49394E+03   0.28480E-04   0.97911E-01   0.97909E-01   0.58372E+01
   0.49394E+03   0.30539E-04   0.98837E-01   0.98835E-01   0.58482E+01
   0.49394E+03   0.32745E-04   0.99742E-01   0.99740E-01   0.58606E+01
   0.49394E+03   0.35112E-04   0.10063E+00   0.10063E+00   0.58743E+01
   0.49394E+03   0.37649E-04   0.10140E+00   0.10140E+00   0.58790E+01
   0.49394E+03   0.40370E-04   0.10214E+00   0.10214E+00   0.58817E+01
   0.49394E+03   0.43288E-04   0.10286E+00   0.10286E+00   0.58857E+01
   0.49394E+03   0.46416E-04   0.10358E+00   0.10358E+00   0.58911E+01
   0.49394E+03   0.49770E-04   0.10428E+00   0.10428E+00   0.58977E+01
   0.49394E+03   0.53367E-04   0.10498E+00   0.10498E+00   0.59057E+01
   0.49394E+03   0.57224E-04   0.10571E+00   0.10571E+00   0.59150E+01
   0.49394E+03   0.61359E-04   0.10695E+00   0.10695E+00   0.59261E+01
   0.49394E+03   0.65793E-04   0.10818E+00   0.10818E+00   0.59384E+01
   0.49394E+03   0.70548E-04   0.10940E+00   0.10940E+00   0.59517E+01
   0.49394E+03   0.75646E-04   0.11060E+00   0.11060E+00   0.59662E+01
   0.49394E+03   0.81113E-04   0.11178E+00   0.11178E+00   0.59820E+01
   0.49394E+03   0.86975E-04   0.11296E+00   0.11296E+00   0.59990E+01
   0.49394E+03   0.93260E-04   0.11411E+00   0.11411E+00   0.60147E+01
   0.49394E+03   0.10000E-03   0.11523E+00   0.11523E+00   0.60264E+01
   0.49394E+03   0.10723E-03   0.11636E+00   0.11635E+00   0.60393E+01
   0.49394E+03   0.11498E-03   0.11747E+00   0.11747E+00   0.60532E+01
   0.49394E+03   0.12328E-03   0.11858E+00   0.11858E+00   0.60682E+01
   0.49394E+03   0.13219E-03   0.11968E+00   0.11968E+00   0.60843E+01
   0.49394E+03   0.14175E-03   0.12077E+00   0.12077E+00   0.61015E+01
   0.49394E+03   0.15199E-03   0.12246E+00   0.12246E+00   0.61238E+01
   0.49394E+03   0.16298E-03   0.12454E+00   0.12454E+00   0.61498E+01
   0.49394E+03   0.17475E-03   0.12661E+00   0.12661E+00   0.61768E+01
   0.49394E+03   0.18738E-03   0.12868E+00   0.12868E+00   0.62049E+01
   0.49394E+03   0.20092E-03   0.13075E+00   0.13075E+00   0.62342E+01
   0.49394E+03   0.21544E-03   0.13281E+00   0.13281E+00   0.62646E+01
   0.49394E+03   0.23101E-03   0.13487E+00   0.13487E+00   0.62961E+01
   0.49394E+03   0.24771E-03   0.13771E+00   0.13771E+00   0.63389E+01
   0.49394E+03   0.26561E-03   0.14068E+00   0.14068E+00   0.63846E+01
   0.49394E+03   0.28480E-03   0.14366E+00   0.14366E+00   0.64319E+01
   0.49394E+03   0.30539E-03   0.14667E+00   0.14666E+00   0.64809E+01
   0.49394E+03   0.32745E-03   0.14969E+00   0.14968E+00   0.65315E+01
   0.49394E+03   0.35112E-03   0.15272E+00   0.15272E+00   0.65840E+01
   0.49394E+03   0.37649E-03   0.15574E+00   0.15573E+00   0.66366E+01
   0.49394E+03   0.40370E-03   0.15854E+00   0.15854E+00   0.66801E+01
   0.49394E+03   0.43288E-03   0.16136E+00   0.16136E+00   0.67248E+01
   0.49394E+03   0.46416E-03   0.16422E+00   0.16421E+00   0.67709E+01
   0.49394E+03   0.49770E-03   0.16709E+00   0.16709E+00   0.68183E+01
   0.49394E+03   0.53367E-03   0.16999E+00   0.16999E+00   0.68670E+01
   0.49394E+03   0.57224E-03   0.17292E+00   0.17292E+00   0.69170E+01
   0.49394E+03   0.61359E-03   0.17599E+00   0.17599E+00   0.69445E+01
   0.49394E+03   0.65793E-03   0.17924E+00   0.17924E+00   0.69398E+01
   0.49394E+03   0.70548E-03   0.18246E+00   0.18246E+00   0.69374E+01
   0.49394E+03   0.75646E-03   0.18567E+00   0.18567E+00   0.69374E+01
   0.49394E+03   0.81113E-03   0.18885E+00   0.18885E+00   0.69398E+01
   0.49394E+03   0.86975E-03   0.19202E+00   0.19202E+00   0.69447E+01
   0.49394E+03   0.93260E-03   0.19516E+00   0.19516E+00   0.69522E+01
   0.49394E+03   0.10000E-02   0.19822E+00   0.19822E+00   0.69485E+01
   0.53333E+03   0.10000E-05   0.52292E-01   0.52288E-01   0.48418E+01
   0.53333E+03   0.10723E-05   0.53054E-01   0.53050E-01   0.48491E+01
   0.53333E+03   0.11498E-05   0.53804E-01   0.53800E-01   0.48569E+01
   0.53333E+03   0.12328E-05   0.54542E-01   0.54537E-01   0.48652E+01
   0.53333E+03   0.13219E-05   0.55267E-01   0.55263E-01   0.48739E+01
   0.53333E+03   0.14175E-05   0.56741E-01   0.56737E-01   0.48833E+01
   0.53333E+03   0.15199E-05   0.58250E-01   0.58245E-01   0.48933E+01
   0.53333E+03   0.16298E-05   0.59714E-01   0.59709E-01   0.49039E+01
   0.53333E+03   0.17475E-05   0.61134E-01   0.61129E-01   0.49151E+01
   0.53333E+03   0.18738E-05   0.62509E-01   0.62504E-01   0.49270E+01
   0.53333E+03   0.20092E-05   0.63839E-01   0.63834E-01   0.49397E+01
   0.53333E+03   0.21544E-05   0.65217E-01   0.65212E-01   0.49530E+01
   0.53333E+03   0.23101E-05   0.66984E-01   0.66979E-01   0.49666E+01
   0.53333E+03   0.24771E-05   0.68699E-01   0.68693E-01   0.49811E+01
   0.53333E+03   0.26561E-05   0.70362E-01   0.70356E-01   0.49965E+01
   0.53333E+03   0.28480E-05   0.71972E-01   0.71966E-01   0.50129E+01
   0.53333E+03   0.30539E-05   0.73530E-01   0.73524E-01   0.50305E+01
   0.53333E+03   0.32745E-05   0.75037E-01   0.75031E-01   0.50493E+01
   0.53333E+03   0.35112E-05   0.76518E-01   0.76511E-01   0.50681E+01
   0.53333E+03   0.37649E-05   0.77990E-01   0.77984E-01   0.50860E+01
   0.53333E+03   0.40370E-05   0.79428E-01   0.79422E-01   0.51051E+01
   0.53333E+03   0.43288E-05   0.80832E-01   0.80825E-01   0.51254E+01
   0.53333E+03   0.46416E-05   0.82201E-01   0.82194E-01   0.51470E+01
   0.53333E+03   0.49770E-05   0.83536E-01   0.83529E-01   0.51699E+01
   0.53333E+03   0.53367E-05   0.84836E-01   0.84829E-01   0.51944E+01
   0.53333E+03   0.57224E-05   0.86127E-01   0.86120E-01   0.52158E+01
   0.53333E+03   0.61359E-05   0.87403E-01   0.87396E-01   0.52363E+01
   0.53333E+03   0.65793E-05   0.88652E-01   0.88645E-01   0.52582E+01
   0.53333E+03   0.70548E-05   0.89875E-01   0.89868E-01   0.52815E+01
   0.53333E+03   0.75646E-05   0.91073E-01   0.91066E-01   0.53063E+01
   0.53333E+03   0.81113E-05   0.92245E-01   0.92238E-01   0.53328E+01
   0.53333E+03   0.86975E-05   0.93393E-01   0.93386E-01   0.53615E+01
   0.53333E+03   0.93260E-05   0.94491E-01   0.94483E-01   0.53788E+01
   0.53333E+03   0.10000E-04   0.95570E-01   0.95563E-01   0.53976E+01
   0.53333E+03   0.10723E-04   0.96631E-01   0.96623E-01   0.54181E+01
   0.53333E+03   0.11498E-04   0.97673E-01   0.97666E-01   0.54403E+01
   0.53333E+03   0.12328E-04   0.98697E-01   0.98690E-01   0.54643E+01
   0.53333E+03   0.13219E-04   0.99703E-01   0.99696E-01   0.54902E+01
   0.53333E+03   0.14175E-04   0.10078E+00   0.10077E+00   0.55156E+01
   0.53333E+03   0.15199E-04   0.10213E+00   0.10212E+00   0.55340E+01
   0.53333E+03   0.16298E-04   0.10344E+00   0.10343E+00   0.55538E+01
   0.53333E+03   0.17475E-04   0.10472E+00   0.10472E+00   0.55750E+01
   0.53333E+03   0.18738E-04   0.10597E+00   0.10596E+00   0.55976E+01
   0.53333E+03   0.20092E-04   0.10719E+00   0.10718E+00   0.56217E+01
   0.53333E+03   0.21544E-04   0.10837E+00   0.10837E+00   0.56474E+01
   0.53333E+03   0.23101E-04   0.10955E+00   0.10954E+00   0.56689E+01
   0.53333E+03   0.24771E-04   0.11072E+00   0.11071E+00   0.56855E+01
   0.53333E+03   0.26561E-04   0.11186E+00   0.11185E+00   0.57032E+01
   0.53333E+03   0.28480E-04   0.11298E+00   0.11297E+00   0.57221E+01
   0.53333E+03   0.30539E-04   0.11407E+00   0.11407E+00   0.57423E+01
   0.53333E+03   0.32745E-04   0.11514E+00   0.11514E+00   0.57637E+01
   0.53333E+03   0.35112E-04   0.11619E+00   0.11618E+00   0.57865E+01
   0.53333E+03   0.37649E-04   0.11713E+00   0.11712E+00   0.57991E+01
   0.53333E+03   0.40370E-04   0.11802E+00   0.11802E+00   0.58092E+01
   0.53333E+03   0.43288E-04   0.11890E+00   0.11890E+00   0.58204E+01
   0.53333E+03   0.46416E-04   0.11977E+00   0.11977E+00   0.58328E+01
   0.53333E+03   0.49770E-04   0.12063E+00   0.12062E+00   0.58463E+01
   0.53333E+03   0.53367E-04   0.12147E+00   0.12146E+00   0.58610E+01
   0.53333E+03   0.57224E-04   0.12234E+00   0.12234E+00   0.58768E+01
   0.53333E+03   0.61359E-04   0.12373E+00   0.12373E+00   0.58917E+01
   0.53333E+03   0.65793E-04   0.12511E+00   0.12511E+00   0.59076E+01
   0.53333E+03   0.70548E-04   0.12647E+00   0.12646E+00   0.59245E+01
   0.53333E+03   0.75646E-04   0.12781E+00   0.12780E+00   0.59425E+01
   0.53333E+03   0.81113E-04   0.12913E+00   0.12912E+00   0.59616E+01
   0.53333E+03   0.86975E-04   0.13043E+00   0.13043E+00   0.59819E+01
   0.53333E+03   0.93260E-04   0.13169E+00   0.13168E+00   0.59999E+01
   0.53333E+03   0.10000E-03   0.13286E+00   0.13286E+00   0.60124E+01
   0.53333E+03   0.10723E-03   0.13402E+00   0.13402E+00   0.60259E+01
   0.53333E+03   0.11498E-03   0.13518E+00   0.13518E+00   0.60405E+01
   0.53333E+03   0.12328E-03   0.13633E+00   0.13633E+00   0.60560E+01
   0.53333E+03   0.13219E-03   0.13747E+00   0.13747E+00   0.60727E+01
   0.53333E+03   0.14175E-03   0.13860E+00   0.13860E+00   0.60904E+01
   0.53333E+03   0.15199E-03   0.14053E+00   0.14053E+00   0.61156E+01
   0.53333E+03   0.16298E-03   0.14297E+00   0.14297E+00   0.61460E+01
   0.53333E+03   0.17475E-03   0.14541E+00   0.14541E+00   0.61775E+01
   0.53333E+03   0.18738E-03   0.14785E+00   0.14785E+00   0.62103E+01
   0.53333E+03   0.20092E-03   0.15028E+00   0.15028E+00   0.62442E+01
   0.53333E+03   0.21544E-03   0.15271E+00   0.15270E+00   0.62793E+01
   0.53333E+03   0.23101E-03   0.15513E+00   0.15513E+00   0.63157E+01
   0.53333E+03   0.24771E-03   0.15800E+00   0.15799E+00   0.63586E+01
   0.53333E+03   0.26561E-03   0.16095E+00   0.16095E+00   0.64036E+01
   0.53333E+03   0.28480E-03   0.16392E+00   0.16391E+00   0.64501E+01
   0.53333E+03   0.30539E-03   0.16690E+00   0.16690E+00   0.64980E+01
   0.53333E+03   0.32745E-03   0.16990E+00   0.16989E+00   0.65475E+01
   0.53333E+03   0.35112E-03   0.17291E+00   0.17291E+00   0.65987E+01
   0.53333E+03   0.37649E-03   0.17592E+00   0.17592E+00   0.66493E+01
   0.53333E+03   0.40370E-03   0.17883E+00   0.17883E+00   0.66881E+01
   0.53333E+03   0.43288E-03   0.18177E+00   0.18177E+00   0.67279E+01
   0.53333E+03   0.46416E-03   0.18472E+00   0.18472E+00   0.67690E+01
   0.53333E+03   0.49770E-03   0.18769E+00   0.18769E+00   0.68112E+01
   0.53333E+03   0.53367E-03   0.19068E+00   0.19068E+00   0.68546E+01
   0.53333E+03   0.57224E-03   0.19369E+00   0.19369E+00   0.68992E+01
   0.53333E+03   0.61359E-03   0.19679E+00   0.19679E+00   0.69220E+01
   0.53333E+03   0.65793E-03   0.19999E+00   0.19999E+00   0.69137E+01
   0.53333E+03   0.70548E-03   0.20316E+00   0.20316E+00   0.69077E+01
   0.53333E+03   0.75646E-03   0.20631E+00   0.20631E+00   0.69041E+01
   0.53333E+03   0.81113E-03   0.20944E+00   0.20944E+00   0.69028E+01
   0.53333E+03   0.86975E-03   0.21254E+00   0.21254E+00   0.69041E+01
   0.53333E+03   0.93260E-03   0.21561E+00   0.21561E+00   0.69079E+01
   0.53333E+03   0.10000E-02   0.21864E+00   0.21864E+00   0.69032E+01
   0.57273E+03   0.10000E-05   0.63773E-01   0.63762E-01   0.48242E+01
   0.57273E+03   0.10723E-05   0.64378E-01   0.64366E-01   0.48270E+01
   0.57273E+03   0.11498E-05   0.64972E-01   0.64960E-01   0.48299E+01
   0.57273E+03   0.12328E-05   0.65557E-01   0.65544E-01   0.48331E+01
   0.57273E+03   0.13219E-05   0.66131E-01   0.66119E-01   0.48364E+01
   0.57273E+03   0.14175E-05   0.67470E-01   0.67457E-01   0.48402E+01
   0.57273E+03   0.15199E-05   0.68843E-01   0.68830E-01   0.48443E+01
   0.57273E+03   0.16298E-05   0.70172E-01   0.70159E-01   0.48487E+01
   0.57273E+03   0.17475E-05   0.71458E-01   0.71444E-01   0.48533E+01
   0.57273E+03   0.18738E-05   0.72700E-01   0.72686E-01   0.48583E+01
   0.57273E+03   0.20092E-05   0.73902E-01   0.73887E-01   0.48635E+01
   0.57273E+03   0.21544E-05   0.75135E-01   0.75121E-01   0.48692E+01
   0.57273E+03   0.23101E-05   0.76675E-01   0.76660E-01   0.48754E+01
   0.57273E+03   0.24771E-05   0.78167E-01   0.78151E-01   0.48819E+01
   0.57273E+03   0.26561E-05   0.79611E-01   0.79596E-01   0.48889E+01
   0.57273E+03   0.28480E-05   0.81010E-01   0.80994E-01   0.48964E+01
   0.57273E+03   0.30539E-05   0.82363E-01   0.82347E-01   0.49044E+01
   0.57273E+03   0.32745E-05   0.83673E-01   0.83656E-01   0.49129E+01
   0.57273E+03   0.35112E-05   0.85017E-01   0.85000E-01   0.49218E+01
   0.57273E+03   0.37649E-05   0.86424E-01   0.86407E-01   0.49310E+01
   0.57273E+03   0.40370E-05   0.87796E-01   0.87779E-01   0.49408E+01
   0.57273E+03   0.43288E-05   0.89132E-01   0.89115E-01   0.49512E+01
   0.57273E+03   0.46416E-05   0.90434E-01   0.90417E-01   0.49623E+01
   0.57273E+03   0.49770E-05   0.91702E-01   0.91684E-01   0.49741E+01
   0.57273E+03   0.53367E-05   0.92937E-01   0.92919E-01   0.49867E+01
   0.57273E+03   0.57224E-05   0.94260E-01   0.94241E-01   0.49992E+01
   0.57273E+03   0.61359E-05   0.95604E-01   0.95586E-01   0.50121E+01
   0.57273E+03   0.65793E-05   0.96920E-01   0.96901E-01   0.50258E+01
   0.57273E+03   0.70548E-05   0.98206E-01   0.98188E-01   0.50404E+01
   0.57273E+03   0.75646E-05   0.99464E-01   0.99446E-01   0.50559E+01
   0.57273E+03   0.81113E-05   0.10069E+00   0.10068E+00   0.50725E+01
   0.57273E+03   0.86975E-05   0.10189E+00   0.10187E+00   0.50904E+01
   0.57273E+03   0.93260E-05   0.10320E+00   0.10318E+00   0.51055E+01
   0.57273E+03   0.10000E-04   0.10449E+00   0.10447E+00   0.51216E+01
   0.57273E+03   0.10723E-04   0.10575E+00   0.10573E+00   0.51390E+01
   0.57273E+03   0.11498E-04   0.10698E+00   0.10696E+00   0.51576E+01
   0.57273E+03   0.12328E-04   0.10819E+00   0.10817E+00   0.51776E+01
   0.57273E+03   0.13219E-04   0.10938E+00   0.10936E+00   0.51990E+01
   0.57273E+03   0.14175E-04   0.11068E+00   0.11067E+00   0.52214E+01
   0.57273E+03   0.15199E-04   0.11242E+00   0.11240E+00   0.52431E+01
   0.57273E+03   0.16298E-04   0.11411E+00   0.11409E+00   0.52659E+01
   0.57273E+03   0.17475E-04   0.11575E+00   0.11573E+00   0.52901E+01
   0.57273E+03   0.18738E-04   0.11734E+00   0.11732E+00   0.53156E+01
   0.57273E+03   0.20092E-04   0.11888E+00   0.11886E+00   0.53426E+01
   0.57273E+03   0.21544E-04   0.12038E+00   0.12037E+00   0.53711E+01
   0.57273E+03   0.23101E-04   0.12188E+00   0.12186E+00   0.53976E+01
   0.57273E+03   0.24771E-04   0.12337E+00   0.12336E+00   0.54215E+01
   0.57273E+03   0.26561E-04   0.12484E+00   0.12482E+00   0.54466E+01
   0.57273E+03   0.28480E-04   0.12627E+00   0.12625E+00   0.54730E+01
   0.57273E+03   0.30539E-04   0.12767E+00   0.12765E+00   0.55009E+01
   0.57273E+03   0.32745E-04   0.12904E+00   0.12902E+00   0.55302E+01
   0.57273E+03   0.35112E-04   0.13038E+00   0.13036E+00   0.55611E+01
   0.57273E+03   0.37649E-04   0.13170E+00   0.13168E+00   0.55844E+01
   0.57273E+03   0.40370E-04   0.13301E+00   0.13299E+00   0.56058E+01
   0.57273E+03   0.43288E-04   0.13430E+00   0.13428E+00   0.56283E+01
   0.57273E+03   0.46416E-04   0.13557E+00   0.13555E+00   0.56519E+01
   0.57273E+03   0.49770E-04   0.13682E+00   0.13680E+00   0.56768E+01
   0.57273E+03   0.53367E-04   0.13804E+00   0.13803E+00   0.57030E+01
   0.57273E+03   0.57224E-04   0.13928E+00   0.13927E+00   0.57298E+01
   0.57273E+03   0.61359E-04   0.14085E+00   0.14084E+00   0.57509E+01
   0.57273E+03   0.65793E-04   0.14240E+00   0.14239E+00   0.57729E+01
   0.57273E+03   0.70548E-04   0.14393E+00   0.14392E+00   0.57959E+01
   0.57273E+03   0.75646E-04   0.14545E+00   0.14544E+00   0.58199E+01
   0.57273E+03   0.81113E-04   0.14694E+00   0.14693E+00   0.58449E+01
   0.57273E+03   0.86975E-04   0.14842E+00   0.14841E+00   0.58711E+01
   0.57273E+03   0.93260E-04   0.14983E+00   0.14982E+00   0.58940E+01
   0.57273E+03   0.10000E-03   0.15113E+00   0.15112E+00   0.59093E+01
   0.57273E+03   0.10723E-03   0.15242E+00   0.15241E+00   0.59255E+01
   0.57273E+03   0.11498E-03   0.15370E+00   0.15369E+00   0.59424E+01
   0.57273E+03   0.12328E-03   0.15497E+00   0.15496E+00   0.59602E+01
   0.57273E+03   0.13219E-03   0.15623E+00   0.15622E+00   0.59789E+01
   0.57273E+03   0.14175E-03   0.15749E+00   0.15748E+00   0.59984E+01
   0.57273E+03   0.15199E-03   0.15968E+00   0.15967E+00   0.60280E+01
   0.57273E+03   0.16298E-03   0.16249E+00   0.16248E+00   0.60647E+01
   0.57273E+03   0.17475E-03   0.16530E+00   0.16529E+00   0.61023E+01
   0.57273E+03   0.18738E-03   0.16811E+00   0.16810E+00   0.61411E+01
   0.57273E+03   0.20092E-03   0.17091E+00   0.17090E+00   0.61811E+01
   0.57273E+03   0.21544E-03   0.17371E+00   0.17370E+00   0.62222E+01
   0.57273E+03   0.23101E-03   0.17650E+00   0.17649E+00   0.62645E+01
   0.57273E+03   0.24771E-03   0.17946E+00   0.17945E+00   0.63077E+01
   0.57273E+03   0.26561E-03   0.18246E+00   0.18245E+00   0.63520E+01
   0.57273E+03   0.28480E-03   0.18547E+00   0.18546E+00   0.63976E+01
   0.57273E+03   0.30539E-03   0.18850E+00   0.18849E+00   0.64446E+01
   0.57273E+03   0.32745E-03   0.19154E+00   0.19153E+00   0.64929E+01
   0.57273E+03   0.35112E-03   0.19459E+00   0.19458E+00   0.65427E+01
   0.57273E+03   0.37649E-03   0.19766E+00   0.19765E+00   0.65908E+01
   0.57273E+03   0.40370E-03   0.20075E+00   0.20074E+00   0.66217E+01
   0.57273E+03   0.43288E-03   0.20384E+00   0.20384E+00   0.66538E+01
   0.57273E+03   0.46416E-03   0.20695E+00   0.20694E+00   0.66869E+01
   0.57273E+03   0.49770E-03   0.21006E+00   0.21005E+00   0.67212E+01
   0.57273E+03   0.53367E-03   0.21318E+00   0.21318E+00   0.67567E+01
   0.57273E+03   0.57224E-03   0.21631E+00   0.21631E+00   0.67935E+01
   0.57273E+03   0.61359E-03   0.21946E+00   0.21946E+00   0.68119E+01
   0.57273E+03   0.65793E-03   0.22262E+00   0.22262E+00   0.68044E+01
   0.57273E+03   0.70548E-03   0.22576E+00   0.22576E+00   0.67990E+01
   0.57273E+03   0.75646E-03   0.22888E+00   0.22888E+00   0.67956E+01
   0.57273E+03   0.81113E-03   0.23197E+00   0.23197E+00   0.67944E+01
   0.57273E+03   0.86975E-03   0.23504E+00   0.23504E+00   0.67955E+01
   0.57273E+03   0.93260E-03   0.23809E+00   0.23808E+00   0.67988E+01
   0.57273E+03   0.10000E-02   0.24119E+00   0.24119E+00   0.67949E+01
   0.61212E+03   0.10000E-05   0.78549E-01   0.78517E-01   0.48065E+01
   0.61212E+03   0.10723E-05   0.78998E-01   0.78966E-01   0.48074E+01
   0.61212E+03   0.11498E-05   0.79438E-01   0.79405E-01   0.48083E+01
   0.61212E+03   0.12328E-05   0.79869E-01   0.79836E-01   0.48092E+01
   0.61212E+03   0.13219E-05   0.80292E-01   0.80259E-01   0.48103E+01
   0.61212E+03   0.14175E-05   0.81346E-01   0.81312E-01   0.48118E+01
   0.61212E+03   0.15199E-05   0.82428E-01   0.82395E-01   0.48134E+01
   0.61212E+03   0.16298E-05   0.83476E-01   0.83442E-01   0.48151E+01
   0.61212E+03   0.17475E-05   0.84490E-01   0.84455E-01   0.48169E+01
   0.61212E+03   0.18738E-05   0.85472E-01   0.85437E-01   0.48189E+01
   0.61212E+03   0.20092E-05   0.86424E-01   0.86389E-01   0.48210E+01
   0.61212E+03   0.21544E-05   0.87405E-01   0.87369E-01   0.48233E+01
   0.61212E+03   0.23101E-05   0.88636E-01   0.88600E-01   0.48261E+01
   0.61212E+03   0.24771E-05   0.89833E-01   0.89796E-01   0.48290E+01
   0.61212E+03   0.26561E-05   0.90997E-01   0.90960E-01   0.48321E+01
   0.61212E+03   0.28480E-05   0.92130E-01   0.92092E-01   0.48354E+01
   0.61212E+03   0.30539E-05   0.93231E-01   0.93193E-01   0.48389E+01
   0.61212E+03   0.32745E-05   0.94303E-01   0.94264E-01   0.48427E+01
   0.61212E+03   0.35112E-05   0.95443E-01   0.95404E-01   0.48468E+01
   0.61212E+03   0.37649E-05   0.96680E-01   0.96640E-01   0.48513E+01
   0.61212E+03   0.40370E-05   0.97887E-01   0.97847E-01   0.48561E+01
   0.61212E+03   0.43288E-05   0.99067E-01   0.99026E-01   0.48611E+01
   0.61212E+03   0.46416E-05   0.10022E+00   0.10018E+00   0.48665E+01
   0.61212E+03   0.49770E-05   0.10134E+00   0.10130E+00   0.48722E+01
   0.61212E+03   0.53367E-05   0.10244E+00   0.10240E+00   0.48783E+01
   0.61212E+03   0.57224E-05   0.10367E+00   0.10363E+00   0.48847E+01
   0.61212E+03   0.61359E-05   0.10493E+00   0.10489E+00   0.48916E+01
   0.61212E+03   0.65793E-05   0.10617E+00   0.10613E+00   0.48988E+01
   0.61212E+03   0.70548E-05   0.10739E+00   0.10734E+00   0.49065E+01
   0.61212E+03   0.75646E-05   0.10858E+00   0.10853E+00   0.49147E+01
   0.61212E+03   0.81113E-05   0.10974E+00   0.10970E+00   0.49234E+01
   0.61212E+03   0.86975E-05   0.11087E+00   0.11083E+00   0.49327E+01
   0.61212E+03   0.93260E-05   0.11219E+00   0.11215E+00   0.49417E+01
   0.61212E+03   0.10000E-04   0.11349E+00   0.11344E+00   0.49513E+01
   0.61212E+03   0.10723E-04   0.11476E+00   0.11471E+00   0.49616E+01
   0.61212E+03   0.11498E-04   0.11600E+00   0.11596E+00   0.49726E+01
   0.61212E+03   0.12328E-04   0.11723E+00   0.11718E+00   0.49844E+01
   0.61212E+03   0.13219E-04   0.11843E+00   0.11838E+00   0.49970E+01
   0.61212E+03   0.14175E-04   0.11977E+00   0.11972E+00   0.50107E+01
   0.61212E+03   0.15199E-04   0.12162E+00   0.12157E+00   0.50257E+01
   0.61212E+03   0.16298E-04   0.12342E+00   0.12337E+00   0.50414E+01
   0.61212E+03   0.17475E-04   0.12516E+00   0.12512E+00   0.50581E+01
   0.61212E+03   0.18738E-04   0.12686E+00   0.12681E+00   0.50756E+01
   0.61212E+03   0.20092E-04   0.12850E+00   0.12846E+00   0.50942E+01
   0.61212E+03   0.21544E-04   0.13010E+00   0.13006E+00   0.51138E+01
   0.61212E+03   0.23101E-04   0.13174E+00   0.13169E+00   0.51335E+01
   0.61212E+03   0.24771E-04   0.13342E+00   0.13337E+00   0.51530E+01
   0.61212E+03   0.26561E-04   0.13506E+00   0.13501E+00   0.51736E+01
   0.61212E+03   0.28480E-04   0.13666E+00   0.13662E+00   0.51952E+01
   0.61212E+03   0.30539E-04   0.13824E+00   0.13819E+00   0.52180E+01
   0.61212E+03   0.32745E-04   0.13977E+00   0.13973E+00   0.52420E+01
   0.61212E+03   0.35112E-04   0.14128E+00   0.14124E+00   0.52673E+01
   0.61212E+03   0.37649E-04   0.14293E+00   0.14289E+00   0.52909E+01
   0.61212E+03   0.40370E-04   0.14461E+00   0.14457E+00   0.53145E+01
   0.61212E+03   0.43288E-04   0.14626E+00   0.14622E+00   0.53392E+01
   0.61212E+03   0.46416E-04   0.14788E+00   0.14784E+00   0.53650E+01
   0.61212E+03   0.49770E-04   0.14948E+00   0.14944E+00   0.53921E+01
   0.61212E+03   0.53367E-04   0.15105E+00   0.15101E+00   0.54204E+01
   0.61212E+03   0.57224E-04   0.15262E+00   0.15258E+00   0.54497E+01
   0.61212E+03   0.61359E-04   0.15448E+00   0.15445E+00   0.54763E+01
   0.61212E+03   0.65793E-04   0.15632E+00   0.15629E+00   0.55038E+01
   0.61212E+03   0.70548E-04   0.15814E+00   0.15811E+00   0.55323E+01
   0.61212E+03   0.75646E-04   0.15994E+00   0.15991E+00   0.55620E+01
   0.61212E+03   0.81113E-04   0.16172E+00   0.16169E+00   0.55928E+01
   0.61212E+03   0.86975E-04   0.16348E+00   0.16345E+00   0.56249E+01
   0.61212E+03   0.93260E-04   0.16518E+00   0.16515E+00   0.56542E+01
   0.61212E+03   0.10000E-03   0.16680E+00   0.16677E+00   0.56768E+01
   0.61212E+03   0.10723E-03   0.16841E+00   0.16838E+00   0.57003E+01
   0.61212E+03   0.11498E-03   0.17000E+00   0.16997E+00   0.57245E+01
   0.61212E+03   0.12328E-03   0.17158E+00   0.17155E+00   0.57497E+01
   0.61212E+03   0.13219E-03   0.17315E+00   0.17312E+00   0.57758E+01
   0.61212E+03   0.14175E-03   0.17471E+00   0.17468E+00   0.58028E+01
   0.61212E+03   0.15199E-03   0.17728E+00   0.17725E+00   0.58409E+01
   0.61212E+03   0.16298E-03   0.18052E+00   0.18049E+00   0.58867E+01
   0.61212E+03   0.17475E-03   0.18376E+00   0.18374E+00   0.59337E+01
   0.61212E+03   0.18738E-03   0.18701E+00   0.18698E+00   0.59819E+01
   0.61212E+03   0.20092E-03   0.19026E+00   0.19023E+00   0.60315E+01
   0.61212E+03   0.21544E-03   0.19351E+00   0.19349E+00   0.60826E+01
   0.61212E+03   0.23101E-03   0.19677E+00   0.19674E+00   0.61351E+01
   0.61212E+03   0.24771E-03   0.19993E+00   0.19991E+00   0.61808E+01
   0.61212E+03   0.26561E-03   0.20309E+00   0.20307E+00   0.62263E+01
   0.61212E+03   0.28480E-03   0.20627E+00   0.20625E+00   0.62729E+01
   0.61212E+03   0.30539E-03   0.20947E+00   0.20945E+00   0.63206E+01
   0.61212E+03   0.32745E-03   0.21267E+00   0.21265E+00   0.63694E+01
   0.61212E+03   0.35112E-03   0.21590E+00   0.21588E+00   0.64194E+01
   0.61212E+03   0.37649E-03   0.21914E+00   0.21913E+00   0.64666E+01
   0.61212E+03   0.40370E-03   0.22244E+00   0.22243E+00   0.64921E+01
   0.61212E+03   0.43288E-03   0.22575E+00   0.22573E+00   0.65187E+01
   0.61212E+03   0.46416E-03   0.22905E+00   0.22903E+00   0.65465E+01
   0.61212E+03   0.49770E-03   0.23235E+00   0.23234E+00   0.65755E+01
   0.61212E+03   0.53367E-03   0.23566E+00   0.23564E+00   0.66057E+01
   0.61212E+03   0.57224E-03   0.23897E+00   0.23895E+00   0.66372E+01
   0.61212E+03   0.61359E-03   0.24226E+00   0.24225E+00   0.66536E+01
   0.61212E+03   0.65793E-03   0.24552E+00   0.24551E+00   0.66483E+01
   0.61212E+03   0.70548E-03   0.24877E+00   0.24876E+00   0.66447E+01
   0.61212E+03   0.75646E-03   0.25199E+00   0.25198E+00   0.66431E+01
   0.61212E+03   0.81113E-03   0.25520E+00   0.25519E+00   0.66433E+01
   0.61212E+03   0.86975E-03   0.25838E+00   0.25837E+00   0.66456E+01
   0.61212E+03   0.93260E-03   0.26154E+00   0.26153E+00   0.66498E+01
   0.61212E+03   0.10000E-02   0.26486E+00   0.26485E+00   0.66473E+01
   0.65152E+03   0.10000E-05   0.93787E-01   0.93712E-01   0.47810E+01
   0.65152E+03   0.10723E-05   0.94000E-01   0.93925E-01   0.47811E+01
   0.65152E+03   0.11498E-05   0.94203E-01   0.94128E-01   0.47812E+01
   0.65152E+03   0.12328E-05   0.94396E-01   0.94321E-01   0.47814E+01
   0.65152E+03   0.13219E-05   0.94579E-01   0.94504E-01   0.47816E+01
   0.65152E+03   0.14175E-05   0.95299E-01   0.95223E-01   0.47820E+01
   0.65152E+03   0.15199E-05   0.96044E-01   0.95967E-01   0.47824E+01
   0.65152E+03   0.16298E-05   0.96759E-01   0.96682E-01   0.47829E+01
   0.65152E+03   0.17475E-05   0.97446E-01   0.97369E-01   0.47835E+01
   0.65152E+03   0.18738E-05   0.98107E-01   0.98030E-01   0.47841E+01
   0.65152E+03   0.20092E-05   0.98743E-01   0.98665E-01   0.47847E+01
   0.65152E+03   0.21544E-05   0.99406E-01   0.99328E-01   0.47855E+01
   0.65152E+03   0.23101E-05   0.10029E+00   0.10021E+00   0.47865E+01
   0.65152E+03   0.24771E-05   0.10115E+00   0.10107E+00   0.47877E+01
   0.65152E+03   0.26561E-05   0.10198E+00   0.10190E+00   0.47889E+01
   0.65152E+03   0.28480E-05   0.10280E+00   0.10272E+00   0.47902E+01
   0.65152E+03   0.30539E-05   0.10359E+00   0.10351E+00   0.47916E+01
   0.65152E+03   0.32745E-05   0.10436E+00   0.10428E+00   0.47931E+01
   0.65152E+03   0.35112E-05   0.10523E+00   0.10515E+00   0.47949E+01
   0.65152E+03   0.37649E-05   0.10622E+00   0.10614E+00   0.47969E+01
   0.65152E+03   0.40370E-05   0.10720E+00   0.10711E+00   0.47991E+01
   0.65152E+03   0.43288E-05   0.10815E+00   0.10806E+00   0.48014E+01
   0.65152E+03   0.46416E-05   0.10908E+00   0.10899E+00   0.48038E+01
   0.65152E+03   0.49770E-05   0.10999E+00   0.10990E+00   0.48064E+01
   0.65152E+03   0.53367E-05   0.11088E+00   0.11079E+00   0.48092E+01
   0.65152E+03   0.57224E-05   0.11193E+00   0.11185E+00   0.48123E+01
   0.65152E+03   0.61359E-05   0.11304E+00   0.11296E+00   0.48157E+01
   0.65152E+03   0.65793E-05   0.11413E+00   0.11405E+00   0.48193E+01
   0.65152E+03   0.70548E-05   0.11520E+00   0.11511E+00   0.48232E+01
   0.65152E+03   0.75646E-05   0.11625E+00   0.11616E+00   0.48272E+01
   0.65152E+03   0.81113E-05   0.11728E+00   0.11719E+00   0.48316E+01
   0.65152E+03   0.86975E-05   0.11827E+00   0.11819E+00   0.48362E+01
   0.65152E+03   0.93260E-05   0.11954E+00   0.11945E+00   0.48412E+01
   0.65152E+03   0.10000E-04   0.12078E+00   0.12069E+00   0.48466E+01
   0.65152E+03   0.10723E-04   0.12200E+00   0.12191E+00   0.48524E+01
   0.65152E+03   0.11498E-04   0.12320E+00   0.12310E+00   0.48585E+01
   0.65152E+03   0.12328E-04   0.12437E+00   0.12428E+00   0.48650E+01
   0.65152E+03   0.13219E-04   0.12553E+00   0.12544E+00   0.48720E+01
   0.65152E+03   0.14175E-04   0.12683E+00   0.12674E+00   0.48798E+01
   0.65152E+03   0.15199E-04   0.12865E+00   0.12856E+00   0.48892E+01
   0.65152E+03   0.16298E-04   0.13043E+00   0.13034E+00   0.48990E+01
   0.65152E+03   0.17475E-04   0.13216E+00   0.13207E+00   0.49094E+01
   0.65152E+03   0.18738E-04   0.13385E+00   0.13375E+00   0.49204E+01
   0.65152E+03   0.20092E-04   0.13549E+00   0.13540E+00   0.49319E+01
   0.65152E+03   0.21544E-04   0.13709E+00   0.13700E+00   0.49441E+01
   0.65152E+03   0.23101E-04   0.13876E+00   0.13867E+00   0.49570E+01
   0.65152E+03   0.24771E-04   0.14052E+00   0.14043E+00   0.49707E+01
   0.65152E+03   0.26561E-04   0.14225E+00   0.14216E+00   0.49850E+01
   0.65152E+03   0.28480E-04   0.14394E+00   0.14385E+00   0.50001E+01
   0.65152E+03   0.30539E-04   0.14560E+00   0.14551E+00   0.50160E+01
   0.65152E+03   0.32745E-04   0.14722E+00   0.14713E+00   0.50328E+01
   0.65152E+03   0.35112E-04   0.14882E+00   0.14873E+00   0.50504E+01
   0.65152E+03   0.37649E-04   0.15069E+00   0.15060E+00   0.50695E+01
   0.65152E+03   0.40370E-04   0.15263E+00   0.15254E+00   0.50895E+01
   0.65152E+03   0.43288E-04   0.15454E+00   0.15445E+00   0.51105E+01
   0.65152E+03   0.46416E-04   0.15641E+00   0.15633E+00   0.51323E+01
   0.65152E+03   0.49770E-04   0.15826E+00   0.15818E+00   0.51552E+01
   0.65152E+03   0.53367E-04   0.16008E+00   0.16000E+00   0.51791E+01
   0.65152E+03   0.57224E-04   0.16190E+00   0.16181E+00   0.52041E+01
   0.65152E+03   0.61359E-04   0.16402E+00   0.16393E+00   0.52294E+01
   0.65152E+03   0.65793E-04   0.16611E+00   0.16603E+00   0.52557E+01
   0.65152E+03   0.70548E-04   0.16818E+00   0.16810E+00   0.52829E+01
   0.65152E+03   0.75646E-04   0.17023E+00   0.17015E+00   0.53112E+01
   0.65152E+03   0.81113E-04   0.17226E+00   0.17218E+00   0.53406E+01
   0.65152E+03   0.86975E-04   0.17426E+00   0.17418E+00   0.53713E+01
   0.65152E+03   0.93260E-04   0.17627E+00   0.17620E+00   0.54010E+01
   0.65152E+03   0.10000E-03   0.17832E+00   0.17824E+00   0.54276E+01
   0.65152E+03   0.10723E-03   0.18035E+00   0.18028E+00   0.54550E+01
   0.65152E+03   0.11498E-03   0.18236E+00   0.18229E+00   0.54833E+01
   0.65152E+03   0.12328E-03   0.18437E+00   0.18430E+00   0.55126E+01
   0.65152E+03   0.13219E-03   0.18636E+00   0.18629E+00   0.55429E+01
   0.65152E+03   0.14175E-03   0.18834E+00   0.18827E+00   0.55743E+01
   0.65152E+03   0.15199E-03   0.19129E+00   0.19123E+00   0.56181E+01
   0.65152E+03   0.16298E-03   0.19490E+00   0.19484E+00   0.56705E+01
   0.65152E+03   0.17475E-03   0.19852E+00   0.19846E+00   0.57243E+01
   0.65152E+03   0.18738E-03   0.20215E+00   0.20209E+00   0.57797E+01
   0.65152E+03   0.20092E-03   0.20579E+00   0.20573E+00   0.58367E+01
   0.65152E+03   0.21544E-03   0.20945E+00   0.20939E+00   0.58955E+01
   0.65152E+03   0.23101E-03   0.21311E+00   0.21305E+00   0.59563E+01
   0.65152E+03   0.24771E-03   0.21657E+00   0.21651E+00   0.60051E+01
   0.65152E+03   0.26561E-03   0.22000E+00   0.21995E+00   0.60529E+01
   0.65152E+03   0.28480E-03   0.22346E+00   0.22340E+00   0.61020E+01
   0.65152E+03   0.30539E-03   0.22693E+00   0.22688E+00   0.61521E+01
   0.65152E+03   0.32745E-03   0.23042E+00   0.23037E+00   0.62035E+01
   0.65152E+03   0.35112E-03   0.23393E+00   0.23388E+00   0.62561E+01
   0.65152E+03   0.37649E-03   0.23746E+00   0.23741E+00   0.63050E+01
   0.65152E+03   0.40370E-03   0.24106E+00   0.24101E+00   0.63270E+01
   0.65152E+03   0.43288E-03   0.24466E+00   0.24461E+00   0.63501E+01
   0.65152E+03   0.46416E-03   0.24825E+00   0.24821E+00   0.63744E+01
   0.65152E+03   0.49770E-03   0.25184E+00   0.25180E+00   0.63999E+01
   0.65152E+03   0.53367E-03   0.25543E+00   0.25539E+00   0.64266E+01
   0.65152E+03   0.57224E-03   0.25901E+00   0.25897E+00   0.64546E+01
   0.65152E+03   0.61359E-03   0.26257E+00   0.26253E+00   0.64702E+01
   0.65152E+03   0.65793E-03   0.26609E+00   0.26606E+00   0.64678E+01
   0.65152E+03   0.70548E-03   0.26960E+00   0.26957E+00   0.64670E+01
   0.65152E+03   0.75646E-03   0.27309E+00   0.27306E+00   0.64679E+01
   0.65152E+03   0.81113E-03   0.27656E+00   0.27653E+00   0.64706E+01
   0.65152E+03   0.86975E-03   0.28002E+00   0.27999E+00   0.64750E+01
   0.65152E+03   0.93260E-03   0.28345E+00   0.28343E+00   0.64812E+01
   0.65152E+03   0.10000E-02   0.28718E+00   0.28715E+00   0.64816E+01
   0.69091E+03   0.10000E-05   0.10702E+00   0.10687E+00   0.47456E+01
   0.69091E+03   0.10723E-05   0.10698E+00   0.10683E+00   0.47455E+01
   0.69091E+03   0.11498E-05   0.10694E+00   0.10679E+00   0.47455E+01
   0.69091E+03   0.12328E-05   0.10687E+00   0.10672E+00   0.47455E+01
   0.69091E+03   0.13219E-05   0.10679E+00   0.10664E+00   0.47455E+01
   0.69091E+03   0.14175E-05   0.10718E+00   0.10703E+00   0.47454E+01
   0.69091E+03   0.15199E-05   0.10761E+00   0.10746E+00   0.47453E+01
   0.69091E+03   0.16298E-05   0.10801E+00   0.10786E+00   0.47452E+01
   0.69091E+03   0.17475E-05   0.10838E+00   0.10823E+00   0.47451E+01
   0.69091E+03   0.18738E-05   0.10874E+00   0.10859E+00   0.47450E+01
   0.69091E+03   0.20092E-05   0.10907E+00   0.10892E+00   0.47450E+01
   0.69091E+03   0.21544E-05   0.10942E+00   0.10927E+00   0.47450E+01
   0.69091E+03   0.23101E-05   0.10999E+00   0.10984E+00   0.47453E+01
   0.69091E+03   0.24771E-05   0.11055E+00   0.11040E+00   0.47455E+01
   0.69091E+03   0.26561E-05   0.11108E+00   0.11093E+00   0.47458E+01
   0.69091E+03   0.28480E-05   0.11160E+00   0.11145E+00   0.47461E+01
   0.69091E+03   0.30539E-05   0.11210E+00   0.11195E+00   0.47465E+01
   0.69091E+03   0.32745E-05   0.11259E+00   0.11244E+00   0.47469E+01
   0.69091E+03   0.35112E-05   0.11318E+00   0.11303E+00   0.47475E+01
   0.69091E+03   0.37649E-05   0.11390E+00   0.11375E+00   0.47482E+01
   0.69091E+03   0.40370E-05   0.11461E+00   0.11446E+00   0.47490E+01
   0.69091E+03   0.43288E-05   0.11530E+00   0.11515E+00   0.47498E+01
   0.69091E+03   0.46416E-05   0.11598E+00   0.11583E+00   0.47507E+01
   0.69091E+03   0.49770E-05   0.11665E+00   0.11649E+00   0.47516E+01
   0.69091E+03   0.53367E-05   0.11730E+00   0.11715E+00   0.47527E+01
   0.69091E+03   0.57224E-05   0.11813E+00   0.11797E+00   0.47540E+01
   0.69091E+03   0.61359E-05   0.11902E+00   0.11886E+00   0.47555E+01
   0.69091E+03   0.65793E-05   0.11989E+00   0.11974E+00   0.47571E+01
   0.69091E+03   0.70548E-05   0.12076E+00   0.12060E+00   0.47588E+01
   0.69091E+03   0.75646E-05   0.12160E+00   0.12145E+00   0.47607E+01
   0.69091E+03   0.81113E-05   0.12244E+00   0.12228E+00   0.47626E+01
   0.69091E+03   0.86975E-05   0.12325E+00   0.12309E+00   0.47647E+01
   0.69091E+03   0.93260E-05   0.12439E+00   0.12423E+00   0.47674E+01
   0.69091E+03   0.10000E-04   0.12551E+00   0.12535E+00   0.47702E+01
   0.69091E+03   0.10723E-04   0.12662E+00   0.12646E+00   0.47733E+01
   0.69091E+03   0.11498E-04   0.12771E+00   0.12755E+00   0.47765E+01
   0.69091E+03   0.12328E-04   0.12878E+00   0.12862E+00   0.47799E+01
   0.69091E+03   0.13219E-04   0.12983E+00   0.12967E+00   0.47835E+01
   0.69091E+03   0.14175E-04   0.13102E+00   0.13085E+00   0.47877E+01
   0.69091E+03   0.15199E-04   0.13265E+00   0.13249E+00   0.47931E+01
   0.69091E+03   0.16298E-04   0.13425E+00   0.13408E+00   0.47988E+01
   0.69091E+03   0.17475E-04   0.13581E+00   0.13565E+00   0.48048E+01
   0.69091E+03   0.18738E-04   0.13734E+00   0.13718E+00   0.48111E+01
   0.69091E+03   0.20092E-04   0.13884E+00   0.13868E+00   0.48176E+01
   0.69091E+03   0.21544E-04   0.14031E+00   0.14014E+00   0.48246E+01
   0.69091E+03   0.23101E-04   0.14189E+00   0.14172E+00   0.48322E+01
   0.69091E+03   0.24771E-04   0.14359E+00   0.14342E+00   0.48406E+01
   0.69091E+03   0.26561E-04   0.14526E+00   0.14509E+00   0.48494E+01
   0.69091E+03   0.28480E-04   0.14690E+00   0.14674E+00   0.48587E+01
   0.69091E+03   0.30539E-04   0.14851E+00   0.14835E+00   0.48684E+01
   0.69091E+03   0.32745E-04   0.15009E+00   0.14993E+00   0.48786E+01
   0.69091E+03   0.35112E-04   0.15165E+00   0.15148E+00   0.48894E+01
   0.69091E+03   0.37649E-04   0.15356E+00   0.15340E+00   0.49030E+01
   0.69091E+03   0.40370E-04   0.15557E+00   0.15541E+00   0.49178E+01
   0.69091E+03   0.43288E-04   0.15755E+00   0.15739E+00   0.49333E+01
   0.69091E+03   0.46416E-04   0.15950E+00   0.15934E+00   0.49494E+01
   0.69091E+03   0.49770E-04   0.16142E+00   0.16126E+00   0.49661E+01
   0.69091E+03   0.53367E-04   0.16331E+00   0.16315E+00   0.49836E+01
   0.69091E+03   0.57224E-04   0.16521E+00   0.16505E+00   0.50020E+01
   0.69091E+03   0.61359E-04   0.16746E+00   0.16730E+00   0.50227E+01
   0.69091E+03   0.65793E-04   0.16968E+00   0.16953E+00   0.50442E+01
   0.69091E+03   0.70548E-04   0.17189E+00   0.17173E+00   0.50665E+01
   0.69091E+03   0.75646E-04   0.17406E+00   0.17391E+00   0.50897E+01
   0.69091E+03   0.81113E-04   0.17622E+00   0.17607E+00   0.51138E+01
   0.69091E+03   0.86975E-04   0.17835E+00   0.17820E+00   0.51389E+01
   0.69091E+03   0.93260E-04   0.18060E+00   0.18045E+00   0.51653E+01
   0.69091E+03   0.10000E-03   0.18309E+00   0.18295E+00   0.51932E+01
   0.69091E+03   0.10723E-03   0.18557E+00   0.18543E+00   0.52219E+01
   0.69091E+03   0.11498E-03   0.18804E+00   0.18790E+00   0.52516E+01
   0.69091E+03   0.12328E-03   0.19050E+00   0.19035E+00   0.52823E+01
   0.69091E+03   0.13219E-03   0.19294E+00   0.19280E+00   0.53141E+01
   0.69091E+03   0.14175E-03   0.19537E+00   0.19523E+00   0.53469E+01
   0.69091E+03   0.15199E-03   0.19867E+00   0.19853E+00   0.53929E+01
   0.69091E+03   0.16298E-03   0.20255E+00   0.20241E+00   0.54482E+01
   0.69091E+03   0.17475E-03   0.20645E+00   0.20632E+00   0.55050E+01
   0.69091E+03   0.18738E-03   0.21037E+00   0.21024E+00   0.55635E+01
   0.69091E+03   0.20092E-03   0.21432E+00   0.21419E+00   0.56237E+01
   0.69091E+03   0.21544E-03   0.21828E+00   0.21816E+00   0.56859E+01
   0.69091E+03   0.23101E-03   0.22227E+00   0.22215E+00   0.57502E+01
   0.69091E+03   0.24771E-03   0.22608E+00   0.22596E+00   0.58028E+01
   0.69091E+03   0.26561E-03   0.22989E+00   0.22977E+00   0.58546E+01
   0.69091E+03   0.28480E-03   0.23371E+00   0.23360E+00   0.59074E+01
   0.69091E+03   0.30539E-03   0.23757E+00   0.23745E+00   0.59614E+01
   0.69091E+03   0.32745E-03   0.24144E+00   0.24133E+00   0.60166E+01
   0.69091E+03   0.35112E-03   0.24534E+00   0.24524E+00   0.60729E+01
   0.69091E+03   0.37649E-03   0.24928E+00   0.24917E+00   0.61246E+01
   0.69091E+03   0.40370E-03   0.25326E+00   0.25316E+00   0.61436E+01
   0.69091E+03   0.43288E-03   0.25724E+00   0.25714E+00   0.61639E+01
   0.69091E+03   0.46416E-03   0.26122E+00   0.26112E+00   0.61855E+01
   0.69091E+03   0.49770E-03   0.26520E+00   0.26511E+00   0.62084E+01
   0.69091E+03   0.53367E-03   0.26918E+00   0.26908E+00   0.62328E+01
   0.69091E+03   0.57224E-03   0.27315E+00   0.27306E+00   0.62586E+01
   0.69091E+03   0.61359E-03   0.27711E+00   0.27702E+00   0.62743E+01
   0.69091E+03   0.65793E-03   0.28105E+00   0.28097E+00   0.62751E+01
   0.69091E+03   0.70548E-03   0.28498E+00   0.28490E+00   0.62775E+01
   0.69091E+03   0.75646E-03   0.28890E+00   0.28882E+00   0.62814E+01
   0.69091E+03   0.81113E-03   0.29281E+00   0.29273E+00   0.62868E+01
   0.69091E+03   0.86975E-03   0.29670E+00   0.29663E+00   0.62939E+01
   0.69091E+03   0.93260E-03   0.30058E+00   0.30051E+00   0.63027E+01
   0.69091E+03   0.10000E-02   0.30490E+00   0.30483E+00   0.63067E+01
   0.73030E+03   0.10000E-05   0.11822E+00   0.11795E+00   0.46457E+01
   0.73030E+03   0.10723E-05   0.11824E+00   0.11797E+00   0.46505E+01
   0.73030E+03   0.11498E-05   0.11824E+00   0.11797E+00   0.46555E+01
   0.73030E+03   0.12328E-05   0.11822E+00   0.11795E+00   0.46605E+01
   0.73030E+03   0.13219E-05   0.11816E+00   0.11789E+00   0.46655E+01
   0.73030E+03   0.14175E-05   0.11837E+00   0.11811E+00   0.46675E+01
   0.73030E+03   0.15199E-05   0.11859E+00   0.11832E+00   0.46691E+01
   0.73030E+03   0.16298E-05   0.11877E+00   0.11851E+00   0.46708E+01
   0.73030E+03   0.17475E-05   0.11893E+00   0.11867E+00   0.46725E+01
   0.73030E+03   0.18738E-05   0.11906E+00   0.11880E+00   0.46742E+01
   0.73030E+03   0.20092E-05   0.11916E+00   0.11890E+00   0.46760E+01
   0.73030E+03   0.21544E-05   0.11927E+00   0.11901E+00   0.46775E+01
   0.73030E+03   0.23101E-05   0.11955E+00   0.11929E+00   0.46781E+01
   0.73030E+03   0.24771E-05   0.11981E+00   0.11955E+00   0.46788E+01
   0.73030E+03   0.26561E-05   0.12004E+00   0.11978E+00   0.46794E+01
   0.73030E+03   0.28480E-05   0.12025E+00   0.11999E+00   0.46801E+01
   0.73030E+03   0.30539E-05   0.12044E+00   0.12018E+00   0.46807E+01
   0.73030E+03   0.32745E-05   0.12060E+00   0.12035E+00   0.46815E+01
   0.73030E+03   0.35112E-05   0.12087E+00   0.12062E+00   0.46820E+01
   0.73030E+03   0.37649E-05   0.12128E+00   0.12103E+00   0.46825E+01
   0.73030E+03   0.40370E-05   0.12167E+00   0.12142E+00   0.46829E+01
   0.73030E+03   0.43288E-05   0.12205E+00   0.12180E+00   0.46834E+01
   0.73030E+03   0.46416E-05   0.12241E+00   0.12215E+00   0.46839E+01
   0.73030E+03   0.49770E-05   0.12275E+00   0.12250E+00   0.46844E+01
   0.73030E+03   0.53367E-05   0.12307E+00   0.12282E+00   0.46850E+01
   0.73030E+03   0.57224E-05   0.12360E+00   0.12334E+00   0.46856E+01
   0.73030E+03   0.61359E-05   0.12420E+00   0.12395E+00   0.46864E+01
   0.73030E+03   0.65793E-05   0.12480E+00   0.12454E+00   0.46872E+01
   0.73030E+03   0.70548E-05   0.12538E+00   0.12512E+00   0.46881E+01
   0.73030E+03   0.75646E-05   0.12594E+00   0.12569E+00   0.46890E+01
   0.73030E+03   0.81113E-05   0.12649E+00   0.12624E+00   0.46900E+01
   0.73030E+03   0.86975E-05   0.12702E+00   0.12676E+00   0.46910E+01
   0.73030E+03   0.93260E-05   0.12793E+00   0.12768E+00   0.46925E+01
   0.73030E+03   0.10000E-04   0.12884E+00   0.12858E+00   0.46941E+01
   0.73030E+03   0.10723E-04   0.12973E+00   0.12947E+00   0.46958E+01
   0.73030E+03   0.11498E-04   0.13060E+00   0.13035E+00   0.46975E+01
   0.73030E+03   0.12328E-04   0.13147E+00   0.13121E+00   0.46994E+01
   0.73030E+03   0.13219E-04   0.13231E+00   0.13206E+00   0.47014E+01
   0.73030E+03   0.14175E-04   0.13328E+00   0.13302E+00   0.47037E+01
   0.73030E+03   0.15199E-04   0.13464E+00   0.13438E+00   0.47070E+01
   0.73030E+03   0.16298E-04   0.13598E+00   0.13572E+00   0.47104E+01
   0.73030E+03   0.17475E-04   0.13730E+00   0.13704E+00   0.47140E+01
   0.73030E+03   0.18738E-04   0.13860E+00   0.13834E+00   0.47177E+01
   0.73030E+03   0.20092E-04   0.13988E+00   0.13961E+00   0.47216E+01
   0.73030E+03   0.21544E-04   0.14113E+00   0.14087E+00   0.47256E+01
   0.73030E+03   0.23101E-04   0.14253E+00   0.14227E+00   0.47303E+01
   0.73030E+03   0.24771E-04   0.14407E+00   0.14381E+00   0.47356E+01
   0.73030E+03   0.26561E-04   0.14559E+00   0.14532E+00   0.47411E+01
   0.73030E+03   0.28480E-04   0.14708E+00   0.14682E+00   0.47468E+01
   0.73030E+03   0.30539E-04   0.14856E+00   0.14829E+00   0.47528E+01
   0.73030E+03   0.32745E-04   0.15001E+00   0.14975E+00   0.47591E+01
   0.73030E+03   0.35112E-04   0.15144E+00   0.15118E+00   0.47657E+01
   0.73030E+03   0.37649E-04   0.15325E+00   0.15299E+00   0.47753E+01
   0.73030E+03   0.40370E-04   0.15516E+00   0.15490E+00   0.47862E+01
   0.73030E+03   0.43288E-04   0.15705E+00   0.15679E+00   0.47974E+01
   0.73030E+03   0.46416E-04   0.15892E+00   0.15866E+00   0.48089E+01
   0.73030E+03   0.49770E-04   0.16077E+00   0.16051E+00   0.48209E+01
   0.73030E+03   0.53367E-04   0.16259E+00   0.16233E+00   0.48333E+01
   0.73030E+03   0.57224E-04   0.16442E+00   0.16416E+00   0.48463E+01
   0.73030E+03   0.61359E-04   0.16662E+00   0.16636E+00   0.48618E+01
   0.73030E+03   0.65793E-04   0.16880E+00   0.16854E+00   0.48777E+01
   0.73030E+03   0.70548E-04   0.17096E+00   0.17070E+00   0.48942E+01
   0.73030E+03   0.75646E-04   0.17310E+00   0.17284E+00   0.49113E+01
   0.73030E+03   0.81113E-04   0.17522E+00   0.17497E+00   0.49289E+01
   0.73030E+03   0.86975E-04   0.17732E+00   0.17707E+00   0.49472E+01
   0.73030E+03   0.93260E-04   0.17961E+00   0.17937E+00   0.49683E+01
   0.73030E+03   0.10000E-03   0.18231E+00   0.18206E+00   0.49944E+01
   0.73030E+03   0.10723E-03   0.18499E+00   0.18474E+00   0.50213E+01
   0.73030E+03   0.11498E-03   0.18767E+00   0.18742E+00   0.50488E+01
   0.73030E+03   0.12328E-03   0.19033E+00   0.19009E+00   0.50772E+01
   0.73030E+03   0.13219E-03   0.19300E+00   0.19276E+00   0.51065E+01
   0.73030E+03   0.14175E-03   0.19565E+00   0.19541E+00   0.51366E+01
   0.73030E+03   0.15199E-03   0.19903E+00   0.19880E+00   0.51791E+01
   0.73030E+03   0.16298E-03   0.20291E+00   0.20268E+00   0.52303E+01
   0.73030E+03   0.17475E-03   0.20682E+00   0.20659E+00   0.52828E+01
   0.73030E+03   0.18738E-03   0.21075E+00   0.21052E+00   0.53367E+01
   0.73030E+03   0.20092E-03   0.21470E+00   0.21447E+00   0.53920E+01
   0.73030E+03   0.21544E-03   0.21868E+00   0.21846E+00   0.54489E+01
   0.73030E+03   0.23101E-03   0.22268E+00   0.22246E+00   0.55074E+01
   0.73030E+03   0.24771E-03   0.22673E+00   0.22651E+00   0.55596E+01
   0.73030E+03   0.26561E-03   0.23080E+00   0.23058E+00   0.56117E+01
   0.73030E+03   0.28480E-03   0.23491E+00   0.23469E+00   0.56650E+01
   0.73030E+03   0.30539E-03   0.23904E+00   0.23883E+00   0.57195E+01
   0.73030E+03   0.32745E-03   0.24320E+00   0.24299E+00   0.57753E+01
   0.73030E+03   0.35112E-03   0.24739E+00   0.24718E+00   0.58325E+01
   0.73030E+03   0.37649E-03   0.25163E+00   0.25143E+00   0.58849E+01
   0.73030E+03   0.40370E-03   0.25603E+00   0.25583E+00   0.59031E+01
   0.73030E+03   0.43288E-03   0.26043E+00   0.26024E+00   0.59228E+01
   0.73030E+03   0.46416E-03   0.26484E+00   0.26465E+00   0.59440E+01
   0.73030E+03   0.49770E-03   0.26926E+00   0.26907E+00   0.59668E+01
   0.73030E+03   0.53367E-03   0.27369E+00   0.27350E+00   0.59912E+01
   0.73030E+03   0.57224E-03   0.27811E+00   0.27793E+00   0.60172E+01
   0.73030E+03   0.61359E-03   0.28258E+00   0.28241E+00   0.60354E+01
   0.73030E+03   0.65793E-03   0.28712E+00   0.28694E+00   0.60414E+01
   0.73030E+03   0.70548E-03   0.29165E+00   0.29148E+00   0.60489E+01
   0.73030E+03   0.75646E-03   0.29619E+00   0.29602E+00   0.60580E+01
   0.73030E+03   0.81113E-03   0.30073E+00   0.30056E+00   0.60685E+01
   0.73030E+03   0.86975E-03   0.30527E+00   0.30511E+00   0.60806E+01
   0.73030E+03   0.93260E-03   0.30980E+00   0.30964E+00   0.60942E+01
   0.73030E+03   0.10000E-02   0.31486E+00   0.31470E+00   0.61031E+01
   0.76970E+03   0.10000E-05   0.11819E+00   0.11779E+00   0.44776E+01
   0.76970E+03   0.10723E-05   0.11863E+00   0.11823E+00   0.44922E+01
   0.76970E+03   0.11498E-05   0.11905E+00   0.11865E+00   0.45072E+01
   0.76970E+03   0.12328E-05   0.11944E+00   0.11905E+00   0.45226E+01
   0.76970E+03   0.13219E-05   0.11981E+00   0.11942E+00   0.45383E+01
   0.76970E+03   0.14175E-05   0.12014E+00   0.11975E+00   0.45460E+01
   0.76970E+03   0.15199E-05   0.12044E+00   0.12005E+00   0.45530E+01
   0.76970E+03   0.16298E-05   0.12072E+00   0.12033E+00   0.45601E+01
   0.76970E+03   0.17475E-05   0.12098E+00   0.12059E+00   0.45675E+01
   0.76970E+03   0.18738E-05   0.12121E+00   0.12082E+00   0.45750E+01
   0.76970E+03   0.20092E-05   0.12141E+00   0.12102E+00   0.45826E+01
   0.76970E+03   0.21544E-05   0.12159E+00   0.12121E+00   0.45895E+01
   0.76970E+03   0.23101E-05   0.12181E+00   0.12143E+00   0.45925E+01
   0.76970E+03   0.24771E-05   0.12201E+00   0.12163E+00   0.45956E+01
   0.76970E+03   0.26561E-05   0.12219E+00   0.12180E+00   0.45987E+01
   0.76970E+03   0.28480E-05   0.12234E+00   0.12196E+00   0.46019E+01
   0.76970E+03   0.30539E-05   0.12246E+00   0.12208E+00   0.46052E+01
   0.76970E+03   0.32745E-05   0.12256E+00   0.12218E+00   0.46085E+01
   0.76970E+03   0.35112E-05   0.12271E+00   0.12234E+00   0.46109E+01
   0.76970E+03   0.37649E-05   0.12296E+00   0.12259E+00   0.46121E+01
   0.76970E+03   0.40370E-05   0.12319E+00   0.12282E+00   0.46133E+01
   0.76970E+03   0.43288E-05   0.12340E+00   0.12303E+00   0.46146E+01
   0.76970E+03   0.46416E-05   0.12359E+00   0.12322E+00   0.46159E+01
   0.76970E+03   0.49770E-05   0.12376E+00   0.12339E+00   0.46172E+01
   0.76970E+03   0.53367E-05   0.12391E+00   0.12354E+00   0.46185E+01
   0.76970E+03   0.57224E-05   0.12423E+00   0.12386E+00   0.46194E+01
   0.76970E+03   0.61359E-05   0.12461E+00   0.12425E+00   0.46201E+01
   0.76970E+03   0.65793E-05   0.12499E+00   0.12462E+00   0.46208E+01
   0.76970E+03   0.70548E-05   0.12534E+00   0.12497E+00   0.46215E+01
   0.76970E+03   0.75646E-05   0.12568E+00   0.12532E+00   0.46223E+01
   0.76970E+03   0.81113E-05   0.12601E+00   0.12564E+00   0.46231E+01
   0.76970E+03   0.86975E-05   0.12631E+00   0.12594E+00   0.46239E+01
   0.76970E+03   0.93260E-05   0.12700E+00   0.12663E+00   0.46248E+01
   0.76970E+03   0.10000E-04   0.12768E+00   0.12731E+00   0.46257E+01
   0.76970E+03   0.10723E-04   0.12835E+00   0.12798E+00   0.46267E+01
   0.76970E+03   0.11498E-04   0.12900E+00   0.12864E+00   0.46277E+01
   0.76970E+03   0.12328E-04   0.12965E+00   0.12928E+00   0.46287E+01
   0.76970E+03   0.13219E-04   0.13028E+00   0.12991E+00   0.46299E+01
   0.76970E+03   0.14175E-04   0.13100E+00   0.13063E+00   0.46312E+01
   0.76970E+03   0.15199E-04   0.13207E+00   0.13170E+00   0.46331E+01
   0.76970E+03   0.16298E-04   0.13312E+00   0.13275E+00   0.46350E+01
   0.76970E+03   0.17475E-04   0.13416E+00   0.13379E+00   0.46371E+01
   0.76970E+03   0.18738E-04   0.13519E+00   0.13482E+00   0.46392E+01
   0.76970E+03   0.20092E-04   0.13619E+00   0.13583E+00   0.46414E+01
   0.76970E+03   0.21544E-04   0.13719E+00   0.13682E+00   0.46437E+01
   0.76970E+03   0.23101E-04   0.13834E+00   0.13797E+00   0.46465E+01
   0.76970E+03   0.24771E-04   0.13965E+00   0.13928E+00   0.46496E+01
   0.76970E+03   0.26561E-04   0.14094E+00   0.14057E+00   0.46530E+01
   0.76970E+03   0.28480E-04   0.14222E+00   0.14185E+00   0.46564E+01
   0.76970E+03   0.30539E-04   0.14348E+00   0.14311E+00   0.46600E+01
   0.76970E+03   0.32745E-04   0.14472E+00   0.14435E+00   0.46638E+01
   0.76970E+03   0.35112E-04   0.14595E+00   0.14558E+00   0.46677E+01
   0.76970E+03   0.37649E-04   0.14756E+00   0.14719E+00   0.46747E+01
   0.76970E+03   0.40370E-04   0.14929E+00   0.14891E+00   0.46828E+01
   0.76970E+03   0.43288E-04   0.15099E+00   0.15062E+00   0.46911E+01
   0.76970E+03   0.46416E-04   0.15268E+00   0.15231E+00   0.46996E+01
   0.76970E+03   0.49770E-04   0.15435E+00   0.15398E+00   0.47084E+01
   0.76970E+03   0.53367E-04   0.15601E+00   0.15563E+00   0.47174E+01
   0.76970E+03   0.57224E-04   0.15768E+00   0.15731E+00   0.47268E+01
   0.76970E+03   0.61359E-04   0.15972E+00   0.15935E+00   0.47383E+01
   0.76970E+03   0.65793E-04   0.16175E+00   0.16138E+00   0.47500E+01
   0.76970E+03   0.70548E-04   0.16377E+00   0.16340E+00   0.47621E+01
   0.76970E+03   0.75646E-04   0.16577E+00   0.16540E+00   0.47745E+01
   0.76970E+03   0.81113E-04   0.16775E+00   0.16738E+00   0.47874E+01
   0.76970E+03   0.86975E-04   0.16972E+00   0.16935E+00   0.48006E+01
   0.76970E+03   0.93260E-04   0.17193E+00   0.17157E+00   0.48179E+01
   0.76970E+03   0.10000E-03   0.17465E+00   0.17428E+00   0.48427E+01
   0.76970E+03   0.10723E-03   0.17737E+00   0.17700E+00   0.48681E+01
   0.76970E+03   0.11498E-03   0.18008E+00   0.17971E+00   0.48941E+01
   0.76970E+03   0.12328E-03   0.18279E+00   0.18242E+00   0.49207E+01
   0.76970E+03   0.13219E-03   0.18550E+00   0.18513E+00   0.49481E+01
   0.76970E+03   0.14175E-03   0.18820E+00   0.18784E+00   0.49761E+01
   0.76970E+03   0.15199E-03   0.19153E+00   0.19117E+00   0.50149E+01
   0.76970E+03   0.16298E-03   0.19529E+00   0.19492E+00   0.50612E+01
   0.76970E+03   0.17475E-03   0.19907E+00   0.19871E+00   0.51086E+01
   0.76970E+03   0.18738E-03   0.20287E+00   0.20251E+00   0.51572E+01
   0.76970E+03   0.20092E-03   0.20670E+00   0.20634E+00   0.52071E+01
   0.76970E+03   0.21544E-03   0.21056E+00   0.21020E+00   0.52582E+01
   0.76970E+03   0.23101E-03   0.21444E+00   0.21408E+00   0.53107E+01
   0.76970E+03   0.24771E-03   0.21858E+00   0.21823E+00   0.53600E+01
   0.76970E+03   0.26561E-03   0.22279E+00   0.22244E+00   0.54098E+01
   0.76970E+03   0.28480E-03   0.22703E+00   0.22668E+00   0.54608E+01
   0.76970E+03   0.30539E-03   0.23130E+00   0.23096E+00   0.55132E+01
   0.76970E+03   0.32745E-03   0.23561E+00   0.23527E+00   0.55669E+01
   0.76970E+03   0.35112E-03   0.23995E+00   0.23961E+00   0.56220E+01
   0.76970E+03   0.37649E-03   0.24437E+00   0.24403E+00   0.56725E+01
   0.76970E+03   0.40370E-03   0.24907E+00   0.24873E+00   0.56891E+01
   0.76970E+03   0.43288E-03   0.25378E+00   0.25345E+00   0.57073E+01
   0.76970E+03   0.46416E-03   0.25852E+00   0.25818E+00   0.57271E+01
   0.76970E+03   0.49770E-03   0.26327E+00   0.26293E+00   0.57486E+01
   0.76970E+03   0.53367E-03   0.26803E+00   0.26770E+00   0.57719E+01
   0.76970E+03   0.57224E-03   0.27281E+00   0.27249E+00   0.57970E+01
   0.76970E+03   0.61359E-03   0.27772E+00   0.27739E+00   0.58163E+01
   0.76970E+03   0.65793E-03   0.28279E+00   0.28247E+00   0.58262E+01
   0.76970E+03   0.70548E-03   0.28789E+00   0.28756E+00   0.58375E+01
   0.76970E+03   0.75646E-03   0.29300E+00   0.29268E+00   0.58503E+01
   0.76970E+03   0.81113E-03   0.29813E+00   0.29781E+00   0.58645E+01
   0.76970E+03   0.86975E-03   0.30327E+00   0.30296E+00   0.58803E+01
   0.76970E+03   0.93260E-03   0.30844E+00   0.30812E+00   0.58976E+01
   0.76970E+03   0.10000E-02   0.31419E+00   0.31387E+00   0.59103E+01
   0.80909E+03   0.10000E-05   0.10320E+00   0.10273E+00   0.39634E+01
   0.80909E+03   0.10723E-05   0.10485E+00   0.10438E+00   0.40103E+01
   0.80909E+03   0.11498E-05   0.10652E+00   0.10604E+00   0.40591E+01
   0.80909E+03   0.12328E-05   0.10820E+00   0.10772E+00   0.41098E+01
   0.80909E+03   0.13219E-05   0.10989E+00   0.10941E+00   0.41622E+01
   0.80909E+03   0.14175E-05   0.11095E+00   0.11048E+00   0.41920E+01
   0.80909E+03   0.15199E-05   0.11195E+00   0.11147E+00   0.42204E+01
   0.80909E+03   0.16298E-05   0.11295E+00   0.11247E+00   0.42499E+01
   0.80909E+03   0.17475E-05   0.11394E+00   0.11346E+00   0.42802E+01
   0.80909E+03   0.18738E-05   0.11492E+00   0.11444E+00   0.43114E+01
   0.80909E+03   0.20092E-05   0.11590E+00   0.11542E+00   0.43435E+01
   0.80909E+03   0.21544E-05   0.11679E+00   0.11631E+00   0.43731E+01
   0.80909E+03   0.23101E-05   0.11734E+00   0.11686E+00   0.43873E+01
   0.80909E+03   0.24771E-05   0.11787E+00   0.11740E+00   0.44020E+01
   0.80909E+03   0.26561E-05   0.11839E+00   0.11792E+00   0.44170E+01
   0.80909E+03   0.28480E-05   0.11890E+00   0.11842E+00   0.44324E+01
   0.80909E+03   0.30539E-05   0.11939E+00   0.11891E+00   0.44481E+01
   0.80909E+03   0.32745E-05   0.11985E+00   0.11938E+00   0.44642E+01
   0.80909E+03   0.35112E-05   0.12025E+00   0.11978E+00   0.44760E+01
   0.80909E+03   0.37649E-05   0.12057E+00   0.12009E+00   0.44823E+01
   0.80909E+03   0.40370E-05   0.12087E+00   0.12039E+00   0.44887E+01
   0.80909E+03   0.43288E-05   0.12115E+00   0.12068E+00   0.44952E+01
   0.80909E+03   0.46416E-05   0.12141E+00   0.12094E+00   0.45019E+01
   0.80909E+03   0.49770E-05   0.12165E+00   0.12118E+00   0.45087E+01
   0.80909E+03   0.53367E-05   0.12187E+00   0.12140E+00   0.45156E+01
   0.80909E+03   0.57224E-05   0.12214E+00   0.12167E+00   0.45194E+01
   0.80909E+03   0.61359E-05   0.12242E+00   0.12195E+00   0.45219E+01
   0.80909E+03   0.65793E-05   0.12268E+00   0.12221E+00   0.45245E+01
   0.80909E+03   0.70548E-05   0.12292E+00   0.12245E+00   0.45271E+01
   0.80909E+03   0.75646E-05   0.12314E+00   0.12267E+00   0.45297E+01
   0.80909E+03   0.81113E-05   0.12335E+00   0.12288E+00   0.45325E+01
   0.80909E+03   0.86975E-05   0.12351E+00   0.12305E+00   0.45353E+01
   0.80909E+03   0.93260E-05   0.12401E+00   0.12355E+00   0.45367E+01
   0.80909E+03   0.10000E-04   0.12450E+00   0.12403E+00   0.45381E+01
   0.80909E+03   0.10723E-04   0.12496E+00   0.12450E+00   0.45396E+01
   0.80909E+03   0.11498E-04   0.12541E+00   0.12495E+00   0.45411E+01
   0.80909E+03   0.12328E-04   0.12585E+00   0.12538E+00   0.45426E+01
   0.80909E+03   0.13219E-04   0.12626E+00   0.12580E+00   0.45442E+01
   0.80909E+03   0.14175E-04   0.12675E+00   0.12629E+00   0.45457E+01
   0.80909E+03   0.15199E-04   0.12754E+00   0.12708E+00   0.45472E+01
   0.80909E+03   0.16298E-04   0.12832E+00   0.12786E+00   0.45487E+01
   0.80909E+03   0.17475E-04   0.12908E+00   0.12862E+00   0.45502E+01
   0.80909E+03   0.18738E-04   0.12983E+00   0.12937E+00   0.45518E+01
   0.80909E+03   0.20092E-04   0.13056E+00   0.13010E+00   0.45535E+01
   0.80909E+03   0.21544E-04   0.13127E+00   0.13081E+00   0.45552E+01
   0.80909E+03   0.23101E-04   0.13214E+00   0.13168E+00   0.45571E+01
   0.80909E+03   0.24771E-04   0.13318E+00   0.13272E+00   0.45594E+01
   0.80909E+03   0.26561E-04   0.13421E+00   0.13375E+00   0.45616E+01
   0.80909E+03   0.28480E-04   0.13522E+00   0.13476E+00   0.45640E+01
   0.80909E+03   0.30539E-04   0.13622E+00   0.13576E+00   0.45665E+01
   0.80909E+03   0.32745E-04   0.13720E+00   0.13674E+00   0.45690E+01
   0.80909E+03   0.35112E-04   0.13817E+00   0.13771E+00   0.45717E+01
   0.80909E+03   0.37649E-04   0.13952E+00   0.13906E+00   0.45772E+01
   0.80909E+03   0.40370E-04   0.14098E+00   0.14052E+00   0.45838E+01
   0.80909E+03   0.43288E-04   0.14244E+00   0.14198E+00   0.45905E+01
   0.80909E+03   0.46416E-04   0.14388E+00   0.14342E+00   0.45974E+01
   0.80909E+03   0.49770E-04   0.14530E+00   0.14484E+00   0.46044E+01
   0.80909E+03   0.53367E-04   0.14672E+00   0.14626E+00   0.46115E+01
   0.80909E+03   0.57224E-04   0.14816E+00   0.14770E+00   0.46189E+01
   0.80909E+03   0.61359E-04   0.14996E+00   0.14950E+00   0.46277E+01
   0.80909E+03   0.65793E-04   0.15176E+00   0.15130E+00   0.46367E+01
   0.80909E+03   0.70548E-04   0.15355E+00   0.15309E+00   0.46459E+01
   0.80909E+03   0.75646E-04   0.15532E+00   0.15486E+00   0.46553E+01
   0.80909E+03   0.81113E-04   0.15708E+00   0.15662E+00   0.46649E+01
   0.80909E+03   0.86975E-04   0.15884E+00   0.15837E+00   0.46747E+01
   0.80909E+03   0.93260E-04   0.16085E+00   0.16039E+00   0.46893E+01
   0.80909E+03   0.10000E-03   0.16340E+00   0.16294E+00   0.47128E+01
   0.80909E+03   0.10723E-03   0.16595E+00   0.16549E+00   0.47368E+01
   0.80909E+03   0.11498E-03   0.16851E+00   0.16805E+00   0.47612E+01
   0.80909E+03   0.12328E-03   0.17106E+00   0.17060E+00   0.47861E+01
   0.80909E+03   0.13219E-03   0.17362E+00   0.17316E+00   0.48115E+01
   0.80909E+03   0.14175E-03   0.17618E+00   0.17572E+00   0.48375E+01
   0.80909E+03   0.15199E-03   0.17928E+00   0.17882E+00   0.48723E+01
   0.80909E+03   0.16298E-03   0.18274E+00   0.18228E+00   0.49134E+01
   0.80909E+03   0.17475E-03   0.18623E+00   0.18576E+00   0.49553E+01
   0.80909E+03   0.18738E-03   0.18974E+00   0.18927E+00   0.49982E+01
   0.80909E+03   0.20092E-03   0.19327E+00   0.19281E+00   0.50420E+01
   0.80909E+03   0.21544E-03   0.19683E+00   0.19637E+00   0.50868E+01
   0.80909E+03   0.23101E-03   0.20041E+00   0.19995E+00   0.51327E+01
   0.80909E+03   0.24771E-03   0.20438E+00   0.20392E+00   0.51761E+01
   0.80909E+03   0.26561E-03   0.20844E+00   0.20797E+00   0.52200E+01
   0.80909E+03   0.28480E-03   0.21253E+00   0.21207E+00   0.52648E+01
   0.80909E+03   0.30539E-03   0.21666E+00   0.21619E+00   0.53106E+01
   0.80909E+03   0.32745E-03   0.22082E+00   0.22035E+00   0.53574E+01
   0.80909E+03   0.35112E-03   0.22501E+00   0.22455E+00   0.54053E+01
   0.80909E+03   0.37649E-03   0.22931E+00   0.22884E+00   0.54490E+01
   0.80909E+03   0.40370E-03   0.23400E+00   0.23353E+00   0.54636E+01
   0.80909E+03   0.43288E-03   0.23872E+00   0.23825E+00   0.54796E+01
   0.80909E+03   0.46416E-03   0.24347E+00   0.24300E+00   0.54973E+01
   0.80909E+03   0.49770E-03   0.24824E+00   0.24777E+00   0.55165E+01
   0.80909E+03   0.53367E-03   0.25304E+00   0.25257E+00   0.55374E+01
   0.80909E+03   0.57224E-03   0.25786E+00   0.25739E+00   0.55600E+01
   0.80909E+03   0.61359E-03   0.26292E+00   0.26244E+00   0.55789E+01
   0.80909E+03   0.65793E-03   0.26829E+00   0.26781E+00   0.55912E+01
   0.80909E+03   0.70548E-03   0.27371E+00   0.27322E+00   0.56049E+01
   0.80909E+03   0.75646E-03   0.27916E+00   0.27867E+00   0.56201E+01
   0.80909E+03   0.81113E-03   0.28464E+00   0.28415E+00   0.56367E+01
   0.80909E+03   0.86975E-03   0.29016E+00   0.28966E+00   0.56548E+01
   0.80909E+03   0.93260E-03   0.29571E+00   0.29521E+00   0.56745E+01
   0.80909E+03   0.10000E-02   0.30191E+00   0.30141E+00   0.56904E+01
   0.84848E+03   0.10000E-05   0.82562E-01   0.82080E-01   0.35025E+01
   0.84848E+03   0.10723E-05   0.84709E-01   0.84221E-01   0.35572E+01
   0.84848E+03   0.11498E-05   0.86901E-01   0.86408E-01   0.36158E+01
   0.84848E+03   0.12328E-05   0.89138E-01   0.88640E-01   0.36782E+01
   0.84848E+03   0.13219E-05   0.91421E-01   0.90917E-01   0.37444E+01
   0.84848E+03   0.14175E-05   0.93024E-01   0.92518E-01   0.37834E+01
   0.84848E+03   0.15199E-05   0.94574E-01   0.94064E-01   0.38222E+01
   0.84848E+03   0.16298E-05   0.96141E-01   0.95628E-01   0.38638E+01
   0.84848E+03   0.17475E-05   0.97726E-01   0.97210E-01   0.39080E+01
   0.84848E+03   0.18738E-05   0.99327E-01   0.98809E-01   0.39548E+01
   0.84848E+03   0.20092E-05   0.10094E+00   0.10042E+00   0.40041E+01
   0.84848E+03   0.21544E-05   0.10247E+00   0.10195E+00   0.40509E+01
   0.84848E+03   0.23101E-05   0.10348E+00   0.10296E+00   0.40766E+01
   0.84848E+03   0.24771E-05   0.10450E+00   0.10397E+00   0.41038E+01
   0.84848E+03   0.26561E-05   0.10551E+00   0.10498E+00   0.41325E+01
   0.84848E+03   0.28480E-05   0.10652E+00   0.10599E+00   0.41626E+01
   0.84848E+03   0.30539E-05   0.10753E+00   0.10700E+00   0.41939E+01
   0.84848E+03   0.32745E-05   0.10854E+00   0.10801E+00   0.42264E+01
   0.84848E+03   0.35112E-05   0.10938E+00   0.10885E+00   0.42521E+01
   0.84848E+03   0.37649E-05   0.11001E+00   0.10947E+00   0.42681E+01
   0.84848E+03   0.40370E-05   0.11062E+00   0.11009E+00   0.42848E+01
   0.84848E+03   0.43288E-05   0.11123E+00   0.11070E+00   0.43021E+01
   0.84848E+03   0.46416E-05   0.11182E+00   0.11129E+00   0.43199E+01
   0.84848E+03   0.49770E-05   0.11241E+00   0.11187E+00   0.43383E+01
   0.84848E+03   0.53367E-05   0.11298E+00   0.11244E+00   0.43572E+01
   0.84848E+03   0.57224E-05   0.11344E+00   0.11290E+00   0.43687E+01
   0.84848E+03   0.61359E-05   0.11384E+00   0.11331E+00   0.43772E+01
   0.84848E+03   0.65793E-05   0.11424E+00   0.11370E+00   0.43859E+01
   0.84848E+03   0.70548E-05   0.11462E+00   0.11408E+00   0.43949E+01
   0.84848E+03   0.75646E-05   0.11498E+00   0.11445E+00   0.44040E+01
   0.84848E+03   0.81113E-05   0.11533E+00   0.11480E+00   0.44134E+01
   0.84848E+03   0.86975E-05   0.11565E+00   0.11512E+00   0.44231E+01
   0.84848E+03   0.93260E-05   0.11614E+00   0.11561E+00   0.44273E+01
   0.84848E+03   0.10000E-04   0.11661E+00   0.11608E+00   0.44315E+01
   0.84848E+03   0.10723E-04   0.11706E+00   0.11653E+00   0.44359E+01
   0.84848E+03   0.11498E-04   0.11750E+00   0.11698E+00   0.44403E+01
   0.84848E+03   0.12328E-04   0.11793E+00   0.11740E+00   0.44448E+01
   0.84848E+03   0.13219E-04   0.11833E+00   0.11781E+00   0.44494E+01
   0.84848E+03   0.14175E-04   0.11878E+00   0.11825E+00   0.44535E+01
   0.84848E+03   0.15199E-04   0.11942E+00   0.11889E+00   0.44557E+01
   0.84848E+03   0.16298E-04   0.12004E+00   0.11952E+00   0.44580E+01
   0.84848E+03   0.17475E-04   0.12065E+00   0.12013E+00   0.44603E+01
   0.84848E+03   0.18738E-04   0.12125E+00   0.12073E+00   0.44627E+01
   0.84848E+03   0.20092E-04   0.12183E+00   0.12131E+00   0.44651E+01
   0.84848E+03   0.21544E-04   0.12239E+00   0.12187E+00   0.44676E+01
   0.84848E+03   0.23101E-04   0.12307E+00   0.12256E+00   0.44698E+01
   0.84848E+03   0.24771E-04   0.12390E+00   0.12338E+00   0.44719E+01
   0.84848E+03   0.26561E-04   0.12471E+00   0.12419E+00   0.44739E+01
   0.84848E+03   0.28480E-04   0.12551E+00   0.12499E+00   0.44761E+01
   0.84848E+03   0.30539E-04   0.12629E+00   0.12578E+00   0.44782E+01
   0.84848E+03   0.32745E-04   0.12707E+00   0.12655E+00   0.44805E+01
   0.84848E+03   0.35112E-04   0.12782E+00   0.12730E+00   0.44828E+01
   0.84848E+03   0.37649E-04   0.12892E+00   0.12840E+00   0.44876E+01
   0.84848E+03   0.40370E-04   0.13012E+00   0.12960E+00   0.44932E+01
   0.84848E+03   0.43288E-04   0.13131E+00   0.13079E+00   0.44989E+01
   0.84848E+03   0.46416E-04   0.13249E+00   0.13197E+00   0.45047E+01
   0.84848E+03   0.49770E-04   0.13366E+00   0.13315E+00   0.45106E+01
   0.84848E+03   0.53367E-04   0.13482E+00   0.13431E+00   0.45166E+01
   0.84848E+03   0.57224E-04   0.13601E+00   0.13549E+00   0.45227E+01
   0.84848E+03   0.61359E-04   0.13754E+00   0.13703E+00   0.45296E+01
   0.84848E+03   0.65793E-04   0.13907E+00   0.13855E+00   0.45367E+01
   0.84848E+03   0.70548E-04   0.14059E+00   0.14007E+00   0.45438E+01
   0.84848E+03   0.75646E-04   0.14210E+00   0.14159E+00   0.45511E+01
   0.84848E+03   0.81113E-04   0.14361E+00   0.14309E+00   0.45585E+01
   0.84848E+03   0.86975E-04   0.14510E+00   0.14458E+00   0.45661E+01
   0.84848E+03   0.93260E-04   0.14686E+00   0.14634E+00   0.45789E+01
   0.84848E+03   0.10000E-03   0.14916E+00   0.14864E+00   0.46018E+01
   0.84848E+03   0.10723E-03   0.15147E+00   0.15094E+00   0.46250E+01
   0.84848E+03   0.11498E-03   0.15378E+00   0.15325E+00   0.46487E+01
   0.84848E+03   0.12328E-03   0.15609E+00   0.15557E+00   0.46727E+01
   0.84848E+03   0.13219E-03   0.15841E+00   0.15789E+00   0.46972E+01
   0.84848E+03   0.14175E-03   0.16074E+00   0.16021E+00   0.47221E+01
   0.84848E+03   0.15199E-03   0.16352E+00   0.16300E+00   0.47539E+01
   0.84848E+03   0.16298E-03   0.16663E+00   0.16610E+00   0.47907E+01
   0.84848E+03   0.17475E-03   0.16976E+00   0.16923E+00   0.48281E+01
   0.84848E+03   0.18738E-03   0.17292E+00   0.17238E+00   0.48663E+01
   0.84848E+03   0.20092E-03   0.17609E+00   0.17556E+00   0.49052E+01
   0.84848E+03   0.21544E-03   0.17929E+00   0.17876E+00   0.49449E+01
   0.84848E+03   0.23101E-03   0.18252E+00   0.18198E+00   0.49855E+01
   0.84848E+03   0.24771E-03   0.18620E+00   0.18566E+00   0.50233E+01
   0.84848E+03   0.26561E-03   0.18999E+00   0.18945E+00   0.50614E+01
   0.84848E+03   0.28480E-03   0.19381E+00   0.19326E+00   0.51003E+01
   0.84848E+03   0.30539E-03   0.19766E+00   0.19712E+00   0.51401E+01
   0.84848E+03   0.32745E-03   0.20155E+00   0.20100E+00   0.51806E+01
   0.84848E+03   0.35112E-03   0.20548E+00   0.20493E+00   0.52221E+01
   0.84848E+03   0.37649E-03   0.20951E+00   0.20896E+00   0.52598E+01
   0.84848E+03   0.40370E-03   0.21402E+00   0.21347E+00   0.52720E+01
   0.84848E+03   0.43288E-03   0.21857E+00   0.21801E+00   0.52857E+01
   0.84848E+03   0.46416E-03   0.22316E+00   0.22259E+00   0.53009E+01
   0.84848E+03   0.49770E-03   0.22778E+00   0.22720E+00   0.53176E+01
   0.84848E+03   0.53367E-03   0.23243E+00   0.23185E+00   0.53359E+01
   0.84848E+03   0.57224E-03   0.23712E+00   0.23653E+00   0.53559E+01
   0.84848E+03   0.61359E-03   0.24211E+00   0.24152E+00   0.53736E+01
   0.84848E+03   0.65793E-03   0.24755E+00   0.24695E+00   0.53869E+01
   0.84848E+03   0.70548E-03   0.25304E+00   0.25243E+00   0.54015E+01
   0.84848E+03   0.75646E-03   0.25858E+00   0.25796E+00   0.54175E+01
   0.84848E+03   0.81113E-03   0.26417E+00   0.26354E+00   0.54349E+01
   0.84848E+03   0.86975E-03   0.26981E+00   0.26917E+00   0.54538E+01
   0.84848E+03   0.93260E-03   0.27550E+00   0.27485E+00   0.54741E+01
   0.84848E+03   0.10000E-02   0.28190E+00   0.28124E+00   0.54917E+01
   0.88788E+03   0.10000E-05   0.55601E-01   0.55204E-01   0.28039E+01
   0.88788E+03   0.10723E-05   0.57422E-01   0.57016E-01   0.28503E+01
   0.88788E+03   0.11498E-05   0.59284E-01   0.58867E-01   0.29004E+01
   0.88788E+03   0.12328E-05   0.61184E-01   0.60757E-01   0.29544E+01
   0.88788E+03   0.13219E-05   0.63124E-01   0.62687E-01   0.30124E+01
   0.88788E+03   0.14175E-05   0.65013E-01   0.64569E-01   0.30580E+01
   0.88788E+03   0.15199E-05   0.66939E-01   0.66490E-01   0.31058E+01
   0.88788E+03   0.16298E-05   0.68912E-01   0.68458E-01   0.31575E+01
   0.88788E+03   0.17475E-05   0.70935E-01   0.70475E-01   0.32129E+01
   0.88788E+03   0.18738E-05   0.73006E-01   0.72542E-01   0.32722E+01
   0.88788E+03   0.20092E-05   0.75128E-01   0.74659E-01   0.33354E+01
   0.88788E+03   0.21544E-05   0.77217E-01   0.76742E-01   0.33982E+01
   0.88788E+03   0.23101E-05   0.78941E-01   0.78463E-01   0.34445E+01
   0.88788E+03   0.24771E-05   0.80696E-01   0.80215E-01   0.34939E+01
   0.88788E+03   0.26561E-05   0.82485E-01   0.82000E-01   0.35464E+01
   0.88788E+03   0.28480E-05   0.84306E-01   0.83818E-01   0.36020E+01
   0.88788E+03   0.30539E-05   0.86159E-01   0.85668E-01   0.36605E+01
   0.88788E+03   0.32745E-05   0.88046E-01   0.87552E-01   0.37219E+01
   0.88788E+03   0.35112E-05   0.89709E-01   0.89212E-01   0.37740E+01
   0.88788E+03   0.37649E-05   0.91059E-01   0.90560E-01   0.38126E+01
   0.88788E+03   0.40370E-05   0.92423E-01   0.91923E-01   0.38532E+01
   0.88788E+03   0.43288E-05   0.93801E-01   0.93299E-01   0.38956E+01
   0.88788E+03   0.46416E-05   0.95192E-01   0.94689E-01   0.39399E+01
   0.88788E+03   0.49770E-05   0.96596E-01   0.96091E-01   0.39858E+01
   0.88788E+03   0.53367E-05   0.98012E-01   0.97506E-01   0.40335E+01
   0.88788E+03   0.57224E-05   0.99075E-01   0.98568E-01   0.40648E+01
   0.88788E+03   0.61359E-05   0.99983E-01   0.99476E-01   0.40895E+01
   0.88788E+03   0.65793E-05   0.10089E+00   0.10038E+00   0.41152E+01
   0.88788E+03   0.70548E-05   0.10180E+00   0.10129E+00   0.41417E+01
   0.88788E+03   0.75646E-05   0.10271E+00   0.10220E+00   0.41690E+01
   0.88788E+03   0.81113E-05   0.10361E+00   0.10310E+00   0.41972E+01
   0.88788E+03   0.86975E-05   0.10452E+00   0.10401E+00   0.42266E+01
   0.88788E+03   0.93260E-05   0.10522E+00   0.10471E+00   0.42391E+01
   0.88788E+03   0.10000E-04   0.10592E+00   0.10541E+00   0.42520E+01
   0.88788E+03   0.10723E-04   0.10661E+00   0.10610E+00   0.42652E+01
   0.88788E+03   0.11498E-04   0.10729E+00   0.10678E+00   0.42787E+01
   0.88788E+03   0.12328E-04   0.10796E+00   0.10746E+00   0.42926E+01
   0.88788E+03   0.13219E-04   0.10862E+00   0.10812E+00   0.43068E+01
   0.88788E+03   0.14175E-04   0.10927E+00   0.10877E+00   0.43192E+01
   0.88788E+03   0.15199E-04   0.10991E+00   0.10941E+00   0.43250E+01
   0.88788E+03   0.16298E-04   0.11054E+00   0.11004E+00   0.43309E+01
   0.88788E+03   0.17475E-04   0.11116E+00   0.11066E+00   0.43370E+01
   0.88788E+03   0.18738E-04   0.11177E+00   0.11127E+00   0.43432E+01
   0.88788E+03   0.20092E-04   0.11236E+00   0.11186E+00   0.43495E+01
   0.88788E+03   0.21544E-04   0.11294E+00   0.11244E+00   0.43559E+01
   0.88788E+03   0.23101E-04   0.11358E+00   0.11308E+00   0.43609E+01
   0.88788E+03   0.24771E-04   0.11429E+00   0.11380E+00   0.43643E+01
   0.88788E+03   0.26561E-04   0.11499E+00   0.11450E+00   0.43678E+01
   0.88788E+03   0.28480E-04   0.11567E+00   0.11518E+00   0.43714E+01
   0.88788E+03   0.30539E-04   0.11635E+00   0.11586E+00   0.43750E+01
   0.88788E+03   0.32745E-04   0.11700E+00   0.11651E+00   0.43787E+01
   0.88788E+03   0.35112E-04   0.11764E+00   0.11715E+00   0.43825E+01
   0.88788E+03   0.37649E-04   0.11854E+00   0.11806E+00   0.43874E+01
   0.88788E+03   0.40370E-04   0.11952E+00   0.11904E+00   0.43928E+01
   0.88788E+03   0.43288E-04   0.12049E+00   0.12001E+00   0.43983E+01
   0.88788E+03   0.46416E-04   0.12145E+00   0.12097E+00   0.44038E+01
   0.88788E+03   0.49770E-04   0.12240E+00   0.12192E+00   0.44094E+01
   0.88788E+03   0.53367E-04   0.12333E+00   0.12285E+00   0.44150E+01
   0.88788E+03   0.57224E-04   0.12429E+00   0.12381E+00   0.44207E+01
   0.88788E+03   0.61359E-04   0.12557E+00   0.12510E+00   0.44267E+01
   0.88788E+03   0.65793E-04   0.12685E+00   0.12638E+00   0.44328E+01
   0.88788E+03   0.70548E-04   0.12812E+00   0.12765E+00   0.44389E+01
   0.88788E+03   0.75646E-04   0.12939E+00   0.12891E+00   0.44452E+01
   0.88788E+03   0.81113E-04   0.13064E+00   0.13017E+00   0.44515E+01
   0.88788E+03   0.86975E-04   0.13188E+00   0.13141E+00   0.44579E+01
   0.88788E+03   0.93260E-04   0.13339E+00   0.13292E+00   0.44699E+01
   0.88788E+03   0.10000E-03   0.13542E+00   0.13495E+00   0.44927E+01
   0.88788E+03   0.10723E-03   0.13745E+00   0.13699E+00   0.45159E+01
   0.88788E+03   0.11498E-03   0.13950E+00   0.13903E+00   0.45394E+01
   0.88788E+03   0.12328E-03   0.14154E+00   0.14108E+00   0.45632E+01
   0.88788E+03   0.13219E-03   0.14360E+00   0.14313E+00   0.45874E+01
   0.88788E+03   0.14175E-03   0.14566E+00   0.14519E+00   0.46120E+01
   0.88788E+03   0.15199E-03   0.14813E+00   0.14766E+00   0.46417E+01
   0.88788E+03   0.16298E-03   0.15087E+00   0.15041E+00   0.46751E+01
   0.88788E+03   0.17475E-03   0.15364E+00   0.15318E+00   0.47089E+01
   0.88788E+03   0.18738E-03   0.15643E+00   0.15597E+00   0.47434E+01
   0.88788E+03   0.20092E-03   0.15925E+00   0.15878E+00   0.47785E+01
   0.88788E+03   0.21544E-03   0.16208E+00   0.16162E+00   0.48141E+01
   0.88788E+03   0.23101E-03   0.16494E+00   0.16447E+00   0.48505E+01
   0.88788E+03   0.24771E-03   0.16827E+00   0.16780E+00   0.48823E+01
   0.88788E+03   0.26561E-03   0.17170E+00   0.17123E+00   0.49140E+01
   0.88788E+03   0.28480E-03   0.17516E+00   0.17470E+00   0.49464E+01
   0.88788E+03   0.30539E-03   0.17866E+00   0.17820E+00   0.49794E+01
   0.88788E+03   0.32745E-03   0.18219E+00   0.18173E+00   0.50132E+01
   0.88788E+03   0.35112E-03   0.18576E+00   0.18529E+00   0.50476E+01
   0.88788E+03   0.37649E-03   0.18943E+00   0.18897E+00   0.50790E+01
   0.88788E+03   0.40370E-03   0.19362E+00   0.19315E+00   0.50896E+01
   0.88788E+03   0.43288E-03   0.19784E+00   0.19737E+00   0.51015E+01
   0.88788E+03   0.46416E-03   0.20210E+00   0.20163E+00   0.51147E+01
   0.88788E+03   0.49770E-03   0.20641E+00   0.20593E+00   0.51292E+01
   0.88788E+03   0.53367E-03   0.21074E+00   0.21027E+00   0.51451E+01
   0.88788E+03   0.57224E-03   0.21512E+00   0.21464E+00   0.51624E+01
   0.88788E+03   0.61359E-03   0.21986E+00   0.21937E+00   0.51782E+01
   0.88788E+03   0.65793E-03   0.22511E+00   0.22462E+00   0.51910E+01
   0.88788E+03   0.70548E-03   0.23043E+00   0.22994E+00   0.52050E+01
   0.88788E+03   0.75646E-03   0.23581E+00   0.23531E+00   0.52204E+01
   0.88788E+03   0.81113E-03   0.24125E+00   0.24074E+00   0.52370E+01
   0.88788E+03   0.86975E-03   0.24674E+00   0.24623E+00   0.52549E+01
   0.88788E+03   0.93260E-03   0.25230E+00   0.25178E+00   0.52743E+01
   0.88788E+03   0.10000E-02   0.25862E+00   0.25810E+00   0.52917E+01
   0.92727E+03   0.10000E-05   0.37316E-01   0.36988E-01   0.24596E+01
   0.92727E+03   0.10723E-05   0.38840E-01   0.38500E-01   0.24975E+01
   0.92727E+03   0.11498E-05   0.40397E-01   0.40045E-01   0.25384E+01
   0.92727E+03   0.12328E-05   0.41988E-01   0.41624E-01   0.25823E+01
   0.92727E+03   0.13219E-05   0.43610E-01   0.43235E-01   0.26295E+01
   0.92727E+03   0.14175E-05   0.45357E-01   0.44974E-01   0.26712E+01
   0.92727E+03   0.15199E-05   0.47169E-01   0.46780E-01   0.27157E+01
   0.92727E+03   0.16298E-05   0.49041E-01   0.48645E-01   0.27641E+01
   0.92727E+03   0.17475E-05   0.50973E-01   0.50571E-01   0.28165E+01
   0.92727E+03   0.18738E-05   0.52968E-01   0.52559E-01   0.28729E+01
   0.92727E+03   0.20092E-05   0.55027E-01   0.54611E-01   0.29336E+01
   0.92727E+03   0.21544E-05   0.57097E-01   0.56675E-01   0.29948E+01
   0.92727E+03   0.23101E-05   0.58967E-01   0.58541E-01   0.30416E+01
   0.92727E+03   0.24771E-05   0.60890E-01   0.60460E-01   0.30927E+01
   0.92727E+03   0.26561E-05   0.62868E-01   0.62434E-01   0.31482E+01
   0.92727E+03   0.28480E-05   0.64902E-01   0.64463E-01   0.32081E+01
   0.92727E+03   0.30539E-05   0.66992E-01   0.66549E-01   0.32723E+01
   0.92727E+03   0.32745E-05   0.69140E-01   0.68694E-01   0.33411E+01
   0.92727E+03   0.35112E-05   0.71100E-01   0.70650E-01   0.33997E+01
   0.92727E+03   0.37649E-05   0.72780E-01   0.72328E-01   0.34436E+01
   0.92727E+03   0.40370E-05   0.74494E-01   0.74040E-01   0.34912E+01
   0.92727E+03   0.43288E-05   0.76243E-01   0.75787E-01   0.35424E+01
   0.92727E+03   0.46416E-05   0.78028E-01   0.77570E-01   0.35973E+01
   0.92727E+03   0.49770E-05   0.79847E-01   0.79387E-01   0.36556E+01
   0.92727E+03   0.53367E-05   0.81703E-01   0.81241E-01   0.37174E+01
   0.92727E+03   0.57224E-05   0.83141E-01   0.82678E-01   0.37583E+01
   0.92727E+03   0.61359E-05   0.84404E-01   0.83940E-01   0.37915E+01
   0.92727E+03   0.65793E-05   0.85680E-01   0.85216E-01   0.38270E+01
   0.92727E+03   0.70548E-05   0.86970E-01   0.86505E-01   0.38649E+01
   0.92727E+03   0.75646E-05   0.88274E-01   0.87808E-01   0.39048E+01
   0.92727E+03   0.81113E-05   0.89590E-01   0.89123E-01   0.39468E+01
   0.92727E+03   0.86975E-05   0.90933E-01   0.90466E-01   0.39916E+01
   0.92727E+03   0.93260E-05   0.91870E-01   0.91403E-01   0.40115E+01
   0.92727E+03   0.10000E-04   0.92809E-01   0.92343E-01   0.40327E+01
   0.92727E+03   0.10723E-04   0.93750E-01   0.93284E-01   0.40550E+01
   0.92727E+03   0.11498E-04   0.94691E-01   0.94226E-01   0.40783E+01
   0.92727E+03   0.12328E-04   0.95632E-01   0.95167E-01   0.41026E+01
   0.92727E+03   0.13219E-04   0.96571E-01   0.96108E-01   0.41278E+01
   0.92727E+03   0.14175E-04   0.97463E-01   0.97000E-01   0.41504E+01
   0.92727E+03   0.15199E-04   0.98194E-01   0.97732E-01   0.41617E+01
   0.92727E+03   0.16298E-04   0.98921E-01   0.98460E-01   0.41734E+01
   0.92727E+03   0.17475E-04   0.99641E-01   0.99181E-01   0.41856E+01
   0.92727E+03   0.18738E-04   0.10035E+00   0.99896E-01   0.41982E+01
   0.92727E+03   0.20092E-04   0.10106E+00   0.10060E+00   0.42111E+01
   0.92727E+03   0.21544E-04   0.10176E+00   0.10130E+00   0.42244E+01
   0.92727E+03   0.23101E-04   0.10245E+00   0.10200E+00   0.42345E+01
   0.92727E+03   0.24771E-04   0.10315E+00   0.10270E+00   0.42411E+01
   0.92727E+03   0.26561E-04   0.10384E+00   0.10339E+00   0.42478E+01
   0.92727E+03   0.28480E-04   0.10452E+00   0.10407E+00   0.42547E+01
   0.92727E+03   0.30539E-04   0.10519E+00   0.10474E+00   0.42618E+01
   0.92727E+03   0.32745E-04   0.10584E+00   0.10539E+00   0.42690E+01
   0.92727E+03   0.35112E-04   0.10649E+00   0.10604E+00   0.42763E+01
   0.92727E+03   0.37649E-04   0.10729E+00   0.10685E+00   0.42827E+01
   0.92727E+03   0.40370E-04   0.10815E+00   0.10771E+00   0.42889E+01
   0.92727E+03   0.43288E-04   0.10900E+00   0.10855E+00   0.42952E+01
   0.92727E+03   0.46416E-04   0.10983E+00   0.10939E+00   0.43016E+01
   0.92727E+03   0.49770E-04   0.11066E+00   0.11022E+00   0.43080E+01
   0.92727E+03   0.53367E-04   0.11147E+00   0.11104E+00   0.43145E+01
   0.92727E+03   0.57224E-04   0.11230E+00   0.11187E+00   0.43210E+01
   0.92727E+03   0.61359E-04   0.11340E+00   0.11297E+00   0.43267E+01
   0.92727E+03   0.65793E-04   0.11450E+00   0.11407E+00   0.43325E+01
   0.92727E+03   0.70548E-04   0.11558E+00   0.11515E+00   0.43383E+01
   0.92727E+03   0.75646E-04   0.11666E+00   0.11623E+00   0.43442E+01
   0.92727E+03   0.81113E-04   0.11773E+00   0.11731E+00   0.43501E+01
   0.92727E+03   0.86975E-04   0.11879E+00   0.11837E+00   0.43561E+01
   0.92727E+03   0.93260E-04   0.12009E+00   0.11967E+00   0.43679E+01
   0.92727E+03   0.10000E-03   0.12188E+00   0.12146E+00   0.43910E+01
   0.92727E+03   0.10723E-03   0.12367E+00   0.12325E+00   0.44144E+01
   0.92727E+03   0.11498E-03   0.12547E+00   0.12506E+00   0.44381E+01
   0.92727E+03   0.12328E-03   0.12728E+00   0.12686E+00   0.44622E+01
   0.92727E+03   0.13219E-03   0.12909E+00   0.12868E+00   0.44865E+01
   0.92727E+03   0.14175E-03   0.13091E+00   0.13050E+00   0.45112E+01
   0.92727E+03   0.15199E-03   0.13308E+00   0.13267E+00   0.45393E+01
   0.92727E+03   0.16298E-03   0.13548E+00   0.13508E+00   0.45698E+01
   0.92727E+03   0.17475E-03   0.13791E+00   0.13751E+00   0.46008E+01
   0.92727E+03   0.18738E-03   0.14036E+00   0.13996E+00   0.46322E+01
   0.92727E+03   0.20092E-03   0.14283E+00   0.14243E+00   0.46641E+01
   0.92727E+03   0.21544E-03   0.14532E+00   0.14492E+00   0.46965E+01
   0.92727E+03   0.23101E-03   0.14783E+00   0.14743E+00   0.47294E+01
   0.92727E+03   0.24771E-03   0.15079E+00   0.15040E+00   0.47562E+01
   0.92727E+03   0.26561E-03   0.15386E+00   0.15346E+00   0.47826E+01
   0.92727E+03   0.28480E-03   0.15695E+00   0.15655E+00   0.48096E+01
   0.92727E+03   0.30539E-03   0.16007E+00   0.15968E+00   0.48372E+01
   0.92727E+03   0.32745E-03   0.16323E+00   0.16283E+00   0.48653E+01
   0.92727E+03   0.35112E-03   0.16641E+00   0.16602E+00   0.48940E+01
   0.92727E+03   0.37649E-03   0.16971E+00   0.16932E+00   0.49203E+01
   0.92727E+03   0.40370E-03   0.17353E+00   0.17313E+00   0.49296E+01
   0.92727E+03   0.43288E-03   0.17738E+00   0.17699E+00   0.49399E+01
   0.92727E+03   0.46416E-03   0.18127E+00   0.18088E+00   0.49514E+01
   0.92727E+03   0.49770E-03   0.18521E+00   0.18482E+00   0.49640E+01
   0.92727E+03   0.53367E-03   0.18918E+00   0.18879E+00   0.49779E+01
   0.92727E+03   0.57224E-03   0.19319E+00   0.19280E+00   0.49930E+01
   0.92727E+03   0.61359E-03   0.19759E+00   0.19720E+00   0.50072E+01
   0.92727E+03   0.65793E-03   0.20254E+00   0.20214E+00   0.50194E+01
   0.92727E+03   0.70548E-03   0.20755E+00   0.20716E+00   0.50327E+01
   0.92727E+03   0.75646E-03   0.21264E+00   0.21224E+00   0.50472E+01
   0.92727E+03   0.81113E-03   0.21779E+00   0.21739E+00   0.50630E+01
   0.92727E+03   0.86975E-03   0.22300E+00   0.22260E+00   0.50799E+01
   0.92727E+03   0.93260E-03   0.22828E+00   0.22787E+00   0.50981E+01
   0.92727E+03   0.10000E-02   0.23434E+00   0.23393E+00   0.51148E+01
   0.96667E+03   0.10000E-05   0.24447E-01   0.24185E-01   0.22025E+01
   0.96667E+03   0.10723E-05   0.25809E-01   0.25543E-01   0.22180E+01
   0.96667E+03   0.11498E-05   0.27215E-01   0.26945E-01   0.22351E+01
   0.96667E+03   0.12328E-05   0.28661E-01   0.28387E-01   0.22539E+01
   0.96667E+03   0.13219E-05   0.30143E-01   0.29865E-01   0.22743E+01
   0.96667E+03   0.14175E-05   0.31387E-01   0.31102E-01   0.22972E+01
   0.96667E+03   0.15199E-05   0.32636E-01   0.32343E-01   0.23223E+01
   0.96667E+03   0.16298E-05   0.33918E-01   0.33617E-01   0.23496E+01
   0.96667E+03   0.17475E-05   0.35233E-01   0.34925E-01   0.23791E+01
   0.96667E+03   0.18738E-05   0.36581E-01   0.36265E-01   0.24110E+01
   0.96667E+03   0.20092E-05   0.37962E-01   0.37639E-01   0.24455E+01
   0.96667E+03   0.21544E-05   0.39377E-01   0.39046E-01   0.24812E+01
   0.96667E+03   0.23101E-05   0.40830E-01   0.40494E-01   0.25135E+01
   0.96667E+03   0.24771E-05   0.42324E-01   0.41982E-01   0.25489E+01
   0.96667E+03   0.26561E-05   0.43860E-01   0.43513E-01   0.25876E+01
   0.96667E+03   0.28480E-05   0.45439E-01   0.45086E-01   0.26296E+01
   0.96667E+03   0.30539E-05   0.47061E-01   0.46703E-01   0.26751E+01
   0.96667E+03   0.32745E-05   0.48727E-01   0.48364E-01   0.27241E+01
   0.96667E+03   0.35112E-05   0.50369E-01   0.50001E-01   0.27700E+01
   0.96667E+03   0.37649E-05   0.51964E-01   0.51593E-01   0.28109E+01
   0.96667E+03   0.40370E-05   0.53602E-01   0.53228E-01   0.28556E+01
   0.96667E+03   0.43288E-05   0.55284E-01   0.54907E-01   0.29041E+01
   0.96667E+03   0.46416E-05   0.57010E-01   0.56630E-01   0.29564E+01
   0.96667E+03   0.49770E-05   0.58781E-01   0.58398E-01   0.30125E+01
   0.96667E+03   0.53367E-05   0.60599E-01   0.60213E-01   0.30726E+01
   0.96667E+03   0.57224E-05   0.62234E-01   0.61846E-01   0.31210E+01
   0.96667E+03   0.61359E-05   0.63807E-01   0.63418E-01   0.31663E+01
   0.96667E+03   0.65793E-05   0.65415E-01   0.65025E-01   0.32151E+01
   0.96667E+03   0.70548E-05   0.67059E-01   0.66667E-01   0.32671E+01
   0.96667E+03   0.75646E-05   0.68738E-01   0.68345E-01   0.33226E+01
   0.96667E+03   0.81113E-05   0.70454E-01   0.70059E-01   0.33813E+01
   0.96667E+03   0.86975E-05   0.72221E-01   0.71824E-01   0.34442E+01
   0.96667E+03   0.93260E-05   0.73621E-01   0.73225E-01   0.34837E+01
   0.96667E+03   0.10000E-04   0.75042E-01   0.74645E-01   0.35256E+01
   0.96667E+03   0.10723E-04   0.76483E-01   0.76087E-01   0.35699E+01
   0.96667E+03   0.11498E-04   0.77946E-01   0.77549E-01   0.36164E+01
   0.96667E+03   0.12328E-04   0.79428E-01   0.79032E-01   0.36652E+01
   0.96667E+03   0.13219E-04   0.80931E-01   0.80535E-01   0.37161E+01
   0.96667E+03   0.14175E-04   0.82363E-01   0.81967E-01   0.37634E+01
   0.96667E+03   0.15199E-04   0.83504E-01   0.83109E-01   0.37929E+01
   0.96667E+03   0.16298E-04   0.84656E-01   0.84261E-01   0.38238E+01
   0.96667E+03   0.17475E-04   0.85818E-01   0.85423E-01   0.38559E+01
   0.96667E+03   0.18738E-04   0.86990E-01   0.86595E-01   0.38892E+01
   0.96667E+03   0.20092E-04   0.88171E-01   0.87777E-01   0.39235E+01
   0.96667E+03   0.21544E-04   0.89361E-01   0.88968E-01   0.39590E+01
   0.96667E+03   0.23101E-04   0.90428E-01   0.90036E-01   0.39861E+01
   0.96667E+03   0.24771E-04   0.91363E-01   0.90972E-01   0.40044E+01
   0.96667E+03   0.26561E-04   0.92300E-01   0.91910E-01   0.40232E+01
   0.96667E+03   0.28480E-04   0.93238E-01   0.92849E-01   0.40425E+01
   0.96667E+03   0.30539E-04   0.94175E-01   0.93788E-01   0.40623E+01
   0.96667E+03   0.32745E-04   0.95113E-01   0.94727E-01   0.40826E+01
   0.96667E+03   0.35112E-04   0.96049E-01   0.95665E-01   0.41033E+01
   0.96667E+03   0.37649E-04   0.96965E-01   0.96583E-01   0.41170E+01
   0.96667E+03   0.40370E-04   0.97873E-01   0.97493E-01   0.41286E+01
   0.96667E+03   0.43288E-04   0.98777E-01   0.98399E-01   0.41404E+01
   0.96667E+03   0.46416E-04   0.99676E-01   0.99300E-01   0.41524E+01
   0.96667E+03   0.49770E-04   0.10057E+00   0.10020E+00   0.41645E+01
   0.96667E+03   0.53367E-04   0.10146E+00   0.10109E+00   0.41769E+01
   0.96667E+03   0.57224E-04   0.10235E+00   0.10198E+00   0.41891E+01
   0.96667E+03   0.61359E-04   0.10339E+00   0.10302E+00   0.41967E+01
   0.96667E+03   0.65793E-04   0.10442E+00   0.10405E+00   0.42043E+01
   0.96667E+03   0.70548E-04   0.10544E+00   0.10508E+00   0.42121E+01
   0.96667E+03   0.75646E-04   0.10646E+00   0.10610E+00   0.42200E+01
   0.96667E+03   0.81113E-04   0.10747E+00   0.10711E+00   0.42280E+01
   0.96667E+03   0.86975E-04   0.10847E+00   0.10812E+00   0.42360E+01
   0.96667E+03   0.93260E-04   0.10968E+00   0.10933E+00   0.42496E+01
   0.96667E+03   0.10000E-03   0.11131E+00   0.11096E+00   0.42738E+01
   0.96667E+03   0.10723E-03   0.11295E+00   0.11260E+00   0.42983E+01
   0.96667E+03   0.11498E-03   0.11459E+00   0.11424E+00   0.43231E+01
   0.96667E+03   0.12328E-03   0.11623E+00   0.11589E+00   0.43482E+01
   0.96667E+03   0.13219E-03   0.11789E+00   0.11755E+00   0.43737E+01
   0.96667E+03   0.14175E-03   0.11954E+00   0.11921E+00   0.43995E+01
   0.96667E+03   0.15199E-03   0.12150E+00   0.12116E+00   0.44269E+01
   0.96667E+03   0.16298E-03   0.12365E+00   0.12332E+00   0.44556E+01
   0.96667E+03   0.17475E-03   0.12583E+00   0.12550E+00   0.44846E+01
   0.96667E+03   0.18738E-03   0.12802E+00   0.12770E+00   0.45141E+01
   0.96667E+03   0.20092E-03   0.13023E+00   0.12991E+00   0.45439E+01
   0.96667E+03   0.21544E-03   0.13246E+00   0.13214E+00   0.45742E+01
   0.96667E+03   0.23101E-03   0.13471E+00   0.13439E+00   0.46048E+01
   0.96667E+03   0.24771E-03   0.13738E+00   0.13707E+00   0.46280E+01
   0.96667E+03   0.26561E-03   0.14015E+00   0.13984E+00   0.46505E+01
   0.96667E+03   0.28480E-03   0.14294E+00   0.14263E+00   0.46735E+01
   0.96667E+03   0.30539E-03   0.14576E+00   0.14546E+00   0.46969E+01
   0.96667E+03   0.32745E-03   0.14862E+00   0.14832E+00   0.47209E+01
   0.96667E+03   0.35112E-03   0.15150E+00   0.15120E+00   0.47455E+01
   0.96667E+03   0.37649E-03   0.15449E+00   0.15420E+00   0.47679E+01
   0.96667E+03   0.40370E-03   0.15799E+00   0.15770E+00   0.47763E+01
   0.96667E+03   0.43288E-03   0.16153E+00   0.16124E+00   0.47857E+01
   0.96667E+03   0.46416E-03   0.16511E+00   0.16483E+00   0.47960E+01
   0.96667E+03   0.49770E-03   0.16873E+00   0.16845E+00   0.48073E+01
   0.96667E+03   0.53367E-03   0.17240E+00   0.17212E+00   0.48197E+01
   0.96667E+03   0.57224E-03   0.17610E+00   0.17582E+00   0.48331E+01
   0.96667E+03   0.61359E-03   0.18019E+00   0.17991E+00   0.48459E+01
   0.96667E+03   0.65793E-03   0.18484E+00   0.18456E+00   0.48573E+01
   0.96667E+03   0.70548E-03   0.18955E+00   0.18928E+00   0.48697E+01
   0.96667E+03   0.75646E-03   0.19434E+00   0.19407E+00   0.48831E+01
   0.96667E+03   0.81113E-03   0.19920E+00   0.19893E+00   0.48975E+01
   0.96667E+03   0.86975E-03   0.20412E+00   0.20386E+00   0.49131E+01
   0.96667E+03   0.93260E-03   0.20911E+00   0.20885E+00   0.49297E+01
   0.96667E+03   0.10000E-02   0.21489E+00   0.21463E+00   0.49448E+01
   0.10061E+04   0.10000E-05   0.15642E-01   0.15443E-01   0.20413E+01
   0.10061E+04   0.10723E-05   0.16802E-01   0.16603E-01   0.20427E+01
   0.10061E+04   0.11498E-05   0.18008E-01   0.17810E-01   0.20455E+01
   0.10061E+04   0.12328E-05   0.19254E-01   0.19056E-01   0.20497E+01
   0.10061E+04   0.13219E-05   0.20530E-01   0.20332E-01   0.20550E+01
   0.10061E+04   0.14175E-05   0.21455E-01   0.21249E-01   0.20695E+01
   0.10061E+04   0.15199E-05   0.22359E-01   0.22145E-01   0.20860E+01
   0.10061E+04   0.16298E-05   0.23281E-01   0.23058E-01   0.21036E+01
   0.10061E+04   0.17475E-05   0.24218E-01   0.23988E-01   0.21224E+01
   0.10061E+04   0.18738E-05   0.25172E-01   0.24933E-01   0.21424E+01
   0.10061E+04   0.20092E-05   0.26141E-01   0.25894E-01   0.21639E+01
   0.10061E+04   0.21544E-05   0.27150E-01   0.26895E-01   0.21870E+01
   0.10061E+04   0.23101E-05   0.28304E-01   0.28042E-01   0.22132E+01
   0.10061E+04   0.24771E-05   0.29490E-01   0.29221E-01   0.22415E+01
   0.10061E+04   0.26561E-05   0.30707E-01   0.30432E-01   0.22720E+01
   0.10061E+04   0.28480E-05   0.31957E-01   0.31674E-01   0.23049E+01
   0.10061E+04   0.30539E-05   0.33238E-01   0.32949E-01   0.23403E+01
   0.10061E+04   0.32745E-05   0.34552E-01   0.34257E-01   0.23783E+01
   0.10061E+04   0.35112E-05   0.35922E-01   0.35621E-01   0.24167E+01
   0.10061E+04   0.37649E-05   0.37362E-01   0.37057E-01   0.24554E+01
   0.10061E+04   0.40370E-05   0.38849E-01   0.38539E-01   0.24974E+01
   0.10061E+04   0.43288E-05   0.40382E-01   0.40069E-01   0.25429E+01
   0.10061E+04   0.46416E-05   0.41964E-01   0.41647E-01   0.25921E+01
   0.10061E+04   0.49770E-05   0.43596E-01   0.43274E-01   0.26450E+01
   0.10061E+04   0.53367E-05   0.45278E-01   0.44952E-01   0.27017E+01
   0.10061E+04   0.57224E-05   0.46919E-01   0.46590E-01   0.27511E+01
   0.10061E+04   0.61359E-05   0.48570E-01   0.48239E-01   0.27996E+01
   0.10061E+04   0.65793E-05   0.50273E-01   0.49940E-01   0.28522E+01
   0.10061E+04   0.70548E-05   0.52028E-01   0.51693E-01   0.29091E+01
   0.10061E+04   0.75646E-05   0.53837E-01   0.53500E-01   0.29702E+01
   0.10061E+04   0.81113E-05   0.55701E-01   0.55363E-01   0.30358E+01
   0.10061E+04   0.86975E-05   0.57635E-01   0.57294E-01   0.31067E+01
   0.10061E+04   0.93260E-05   0.59253E-01   0.58912E-01   0.31525E+01
   0.10061E+04   0.10000E-04   0.60908E-01   0.60567E-01   0.32022E+01
   0.10061E+04   0.10723E-04   0.62601E-01   0.62259E-01   0.32558E+01
   0.10061E+04   0.11498E-04   0.64332E-01   0.63990E-01   0.33132E+01
   0.10061E+04   0.12328E-04   0.66102E-01   0.65760E-01   0.33744E+01
   0.10061E+04   0.13219E-04   0.67910E-01   0.67568E-01   0.34394E+01
   0.10061E+04   0.14175E-04   0.69645E-01   0.69302E-01   0.35002E+01
   0.10061E+04   0.15199E-04   0.71031E-01   0.70688E-01   0.35371E+01
   0.10061E+04   0.16298E-04   0.72441E-01   0.72098E-01   0.35768E+01
   0.10061E+04   0.17475E-04   0.73875E-01   0.73533E-01   0.36191E+01
   0.10061E+04   0.18738E-04   0.75334E-01   0.74992E-01   0.36640E+01
   0.10061E+04   0.20092E-04   0.76818E-01   0.76476E-01   0.37113E+01
   0.10061E+04   0.21544E-04   0.78327E-01   0.77985E-01   0.37609E+01
   0.10061E+04   0.23101E-04   0.79635E-01   0.79294E-01   0.37982E+01
   0.10061E+04   0.24771E-04   0.80726E-01   0.80386E-01   0.38222E+01
   0.10061E+04   0.26561E-04   0.81826E-01   0.81487E-01   0.38475E+01
   0.10061E+04   0.28480E-04   0.82935E-01   0.82598E-01   0.38742E+01
   0.10061E+04   0.30539E-04   0.84054E-01   0.83718E-01   0.39021E+01
   0.10061E+04   0.32745E-04   0.85181E-01   0.84846E-01   0.39312E+01
   0.10061E+04   0.35112E-04   0.86315E-01   0.85982E-01   0.39614E+01
   0.10061E+04   0.37649E-04   0.87302E-01   0.86970E-01   0.39795E+01
   0.10061E+04   0.40370E-04   0.88240E-01   0.87911E-01   0.39939E+01
   0.10061E+04   0.43288E-04   0.89180E-01   0.88852E-01   0.40090E+01
   0.10061E+04   0.46416E-04   0.90119E-01   0.89793E-01   0.40246E+01
   0.10061E+04   0.49770E-04   0.91058E-01   0.90734E-01   0.40407E+01
   0.10061E+04   0.53367E-04   0.91996E-01   0.91674E-01   0.40572E+01
   0.10061E+04   0.57224E-04   0.92935E-01   0.92616E-01   0.40735E+01
   0.10061E+04   0.61359E-04   0.93916E-01   0.93599E-01   0.40821E+01
   0.10061E+04   0.65793E-04   0.94895E-01   0.94581E-01   0.40909E+01
   0.10061E+04   0.70548E-04   0.95871E-01   0.95560E-01   0.40999E+01
   0.10061E+04   0.75646E-04   0.96844E-01   0.96535E-01   0.41091E+01
   0.10061E+04   0.81113E-04   0.97812E-01   0.97505E-01   0.41185E+01
   0.10061E+04   0.86975E-04   0.98774E-01   0.98470E-01   0.41280E+01
   0.10061E+04   0.93260E-04   0.99917E-01   0.99615E-01   0.41429E+01
   0.10061E+04   0.10000E-03   0.10142E+00   0.10112E+00   0.41678E+01
   0.10061E+04   0.10723E-03   0.10293E+00   0.10263E+00   0.41931E+01
   0.10061E+04   0.11498E-03   0.10445E+00   0.10415E+00   0.42188E+01
   0.10061E+04   0.12328E-03   0.10597E+00   0.10568E+00   0.42448E+01
   0.10061E+04   0.13219E-03   0.10750E+00   0.10721E+00   0.42711E+01
   0.10061E+04   0.14175E-03   0.10904E+00   0.10875E+00   0.42979E+01
   0.10061E+04   0.15199E-03   0.11081E+00   0.11053E+00   0.43246E+01
   0.10061E+04   0.16298E-03   0.11276E+00   0.11248E+00   0.43515E+01
   0.10061E+04   0.17475E-03   0.11472E+00   0.11444E+00   0.43788E+01
   0.10061E+04   0.18738E-03   0.11670E+00   0.11642E+00   0.44063E+01
   0.10061E+04   0.20092E-03   0.11869E+00   0.11842E+00   0.44343E+01
   0.10061E+04   0.21544E-03   0.12070E+00   0.12043E+00   0.44625E+01
   0.10061E+04   0.23101E-03   0.12273E+00   0.12246E+00   0.44912E+01
   0.10061E+04   0.24771E-03   0.12514E+00   0.12488E+00   0.45111E+01
   0.10061E+04   0.26561E-03   0.12763E+00   0.12737E+00   0.45301E+01
   0.10061E+04   0.28480E-03   0.13015E+00   0.12989E+00   0.45496E+01
   0.10061E+04   0.30539E-03   0.13269E+00   0.13244E+00   0.45695E+01
   0.10061E+04   0.32745E-03   0.13527E+00   0.13502E+00   0.45899E+01
   0.10061E+04   0.35112E-03   0.13786E+00   0.13762E+00   0.46108E+01
   0.10061E+04   0.37649E-03   0.14057E+00   0.14032E+00   0.46300E+01
   0.10061E+04   0.40370E-03   0.14376E+00   0.14352E+00   0.46376E+01
   0.10061E+04   0.43288E-03   0.14699E+00   0.14675E+00   0.46461E+01
   0.10061E+04   0.46416E-03   0.15026E+00   0.15003E+00   0.46553E+01
   0.10061E+04   0.49770E-03   0.15358E+00   0.15334E+00   0.46655E+01
   0.10061E+04   0.53367E-03   0.15693E+00   0.15670E+00   0.46766E+01
   0.10061E+04   0.57224E-03   0.16031E+00   0.16009E+00   0.46886E+01
   0.10061E+04   0.61359E-03   0.16408E+00   0.16386E+00   0.47002E+01
   0.10061E+04   0.65793E-03   0.16840E+00   0.16818E+00   0.47108E+01
   0.10061E+04   0.70548E-03   0.17278E+00   0.17256E+00   0.47224E+01
   0.10061E+04   0.75646E-03   0.17723E+00   0.17702E+00   0.47349E+01
   0.10061E+04   0.81113E-03   0.18175E+00   0.18154E+00   0.47483E+01
   0.10061E+04   0.86975E-03   0.18634E+00   0.18613E+00   0.47627E+01
   0.10061E+04   0.93260E-03   0.19099E+00   0.19079E+00   0.47780E+01
   0.10061E+04   0.10000E-02   0.19643E+00   0.19622E+00   0.47916E+01
   0.10455E+04   0.10000E-05   0.13387E-01   0.13227E-01   0.19394E+01
   0.10455E+04   0.10723E-05   0.14098E-01   0.13939E-01   0.19396E+01
   0.10455E+04   0.11498E-05   0.14832E-01   0.14672E-01   0.19403E+01
   0.10455E+04   0.12328E-05   0.15585E-01   0.15425E-01   0.19415E+01
   0.10455E+04   0.13219E-05   0.16356E-01   0.16195E-01   0.19432E+01
   0.10455E+04   0.14175E-05   0.16974E-01   0.16808E-01   0.19517E+01
   0.10455E+04   0.15199E-05   0.17585E-01   0.17413E-01   0.19613E+01
   0.10455E+04   0.16298E-05   0.18203E-01   0.18025E-01   0.19713E+01
   0.10455E+04   0.17475E-05   0.18829E-01   0.18645E-01   0.19819E+01
   0.10455E+04   0.18738E-05   0.19462E-01   0.19272E-01   0.19930E+01
   0.10455E+04   0.20092E-05   0.20102E-01   0.19906E-01   0.20048E+01
   0.10455E+04   0.21544E-05   0.20774E-01   0.20572E-01   0.20176E+01
   0.10455E+04   0.23101E-05   0.21578E-01   0.21371E-01   0.20333E+01
   0.10455E+04   0.24771E-05   0.22400E-01   0.22186E-01   0.20502E+01
   0.10455E+04   0.26561E-05   0.23237E-01   0.23018E-01   0.20682E+01
   0.10455E+04   0.28480E-05   0.24091E-01   0.23866E-01   0.20873E+01
   0.10455E+04   0.30539E-05   0.24961E-01   0.24731E-01   0.21077E+01
   0.10455E+04   0.32745E-05   0.25847E-01   0.25611E-01   0.21295E+01
   0.10455E+04   0.35112E-05   0.26800E-01   0.26559E-01   0.21524E+01
   0.10455E+04   0.37649E-05   0.27843E-01   0.27598E-01   0.21769E+01
   0.10455E+04   0.40370E-05   0.28914E-01   0.28664E-01   0.22034E+01
   0.10455E+04   0.43288E-05   0.30014E-01   0.29759E-01   0.22320E+01
   0.10455E+04   0.46416E-05   0.31142E-01   0.30883E-01   0.22628E+01
   0.10455E+04   0.49770E-05   0.32299E-01   0.32036E-01   0.22959E+01
   0.10455E+04   0.53367E-05   0.33486E-01   0.33219E-01   0.23314E+01
   0.10455E+04   0.57224E-05   0.34718E-01   0.34447E-01   0.23647E+01
   0.10455E+04   0.61359E-05   0.35991E-01   0.35718E-01   0.23989E+01
   0.10455E+04   0.65793E-05   0.37303E-01   0.37026E-01   0.24361E+01
   0.10455E+04   0.70548E-05   0.38652E-01   0.38373E-01   0.24765E+01
   0.10455E+04   0.75646E-05   0.40041E-01   0.39759E-01   0.25202E+01
   0.10455E+04   0.81113E-05   0.41469E-01   0.41184E-01   0.25673E+01
   0.10455E+04   0.86975E-05   0.42941E-01   0.42654E-01   0.26184E+01
   0.10455E+04   0.93260E-05   0.44372E-01   0.44083E-01   0.26570E+01
   0.10455E+04   0.10000E-04   0.45843E-01   0.45553E-01   0.26992E+01
   0.10455E+04   0.10723E-04   0.47355E-01   0.47064E-01   0.27451E+01
   0.10455E+04   0.11498E-04   0.48909E-01   0.48617E-01   0.27948E+01
   0.10455E+04   0.12328E-04   0.50507E-01   0.50214E-01   0.28482E+01
   0.10455E+04   0.13219E-04   0.52148E-01   0.51854E-01   0.29055E+01
   0.10455E+04   0.14175E-04   0.53774E-01   0.53479E-01   0.29613E+01
   0.10455E+04   0.15199E-04   0.55240E-01   0.54945E-01   0.30027E+01
   0.10455E+04   0.16298E-04   0.56742E-01   0.56447E-01   0.30475E+01
   0.10455E+04   0.17475E-04   0.58282E-01   0.57986E-01   0.30958E+01
   0.10455E+04   0.18738E-04   0.59859E-01   0.59564E-01   0.31473E+01
   0.10455E+04   0.20092E-04   0.61476E-01   0.61180E-01   0.32022E+01
   0.10455E+04   0.21544E-04   0.63132E-01   0.62837E-01   0.32603E+01
   0.10455E+04   0.23101E-04   0.64656E-01   0.64361E-01   0.33091E+01
   0.10455E+04   0.24771E-04   0.66033E-01   0.65738E-01   0.33474E+01
   0.10455E+04   0.26561E-04   0.67434E-01   0.67141E-01   0.33882E+01
   0.10455E+04   0.28480E-04   0.68862E-01   0.68570E-01   0.34313E+01
   0.10455E+04   0.30539E-04   0.70316E-01   0.70025E-01   0.34767E+01
   0.10455E+04   0.32745E-04   0.71797E-01   0.71506E-01   0.35243E+01
   0.10455E+04   0.35112E-04   0.73304E-01   0.73014E-01   0.35739E+01
   0.10455E+04   0.37649E-04   0.74612E-01   0.74324E-01   0.36086E+01
   0.10455E+04   0.40370E-04   0.75863E-01   0.75577E-01   0.36392E+01
   0.10455E+04   0.43288E-04   0.77130E-01   0.76846E-01   0.36711E+01
   0.10455E+04   0.46416E-04   0.78412E-01   0.78129E-01   0.37042E+01
   0.10455E+04   0.49770E-04   0.79708E-01   0.79427E-01   0.37385E+01
   0.10455E+04   0.53367E-04   0.81018E-01   0.80740E-01   0.37740E+01
   0.10455E+04   0.57224E-04   0.82332E-01   0.82055E-01   0.38091E+01
   0.10455E+04   0.61359E-04   0.83526E-01   0.83252E-01   0.38294E+01
   0.10455E+04   0.65793E-04   0.84728E-01   0.84456E-01   0.38503E+01
   0.10455E+04   0.70548E-04   0.85938E-01   0.85669E-01   0.38717E+01
   0.10455E+04   0.75646E-04   0.87156E-01   0.86889E-01   0.38936E+01
   0.10455E+04   0.81113E-04   0.88380E-01   0.88117E-01   0.39161E+01
   0.10455E+04   0.86975E-04   0.89611E-01   0.89350E-01   0.39390E+01
   0.10455E+04   0.93260E-04   0.90954E-01   0.90695E-01   0.39646E+01
   0.10455E+04   0.10000E-03   0.92513E-01   0.92257E-01   0.39947E+01
   0.10455E+04   0.10723E-03   0.94087E-01   0.93834E-01   0.40254E+01
   0.10455E+04   0.11498E-03   0.95675E-01   0.95424E-01   0.40565E+01
   0.10455E+04   0.12328E-03   0.97276E-01   0.97029E-01   0.40882E+01
   0.10455E+04   0.13219E-03   0.98891E-01   0.98646E-01   0.41204E+01
   0.10455E+04   0.14175E-03   0.10052E+00   0.10028E+00   0.41531E+01
   0.10455E+04   0.15199E-03   0.10228E+00   0.10204E+00   0.41829E+01
   0.10455E+04   0.16298E-03   0.10413E+00   0.10389E+00   0.42108E+01
   0.10455E+04   0.17475E-03   0.10599E+00   0.10576E+00   0.42391E+01
   0.10455E+04   0.18738E-03   0.10788E+00   0.10765E+00   0.42678E+01
   0.10455E+04   0.20092E-03   0.10978E+00   0.10956E+00   0.42969E+01
   0.10455E+04   0.21544E-03   0.11170E+00   0.11148E+00   0.43263E+01
   0.10455E+04   0.23101E-03   0.11364E+00   0.11342E+00   0.43561E+01
   0.10455E+04   0.24771E-03   0.11587E+00   0.11566E+00   0.43747E+01
   0.10455E+04   0.26561E-03   0.11818E+00   0.11796E+00   0.43920E+01
   0.10455E+04   0.28480E-03   0.12050E+00   0.12029E+00   0.44098E+01
   0.10455E+04   0.30539E-03   0.12285E+00   0.12264E+00   0.44281E+01
   0.10455E+04   0.32745E-03   0.12522E+00   0.12502E+00   0.44468E+01
   0.10455E+04   0.35112E-03   0.12762E+00   0.12742E+00   0.44659E+01
   0.10455E+04   0.37649E-03   0.13012E+00   0.12992E+00   0.44837E+01
   0.10455E+04   0.40370E-03   0.13307E+00   0.13287E+00   0.44914E+01
   0.10455E+04   0.43288E-03   0.13605E+00   0.13586E+00   0.44998E+01
   0.10455E+04   0.46416E-03   0.13908E+00   0.13889E+00   0.45090E+01
   0.10455E+04   0.49770E-03   0.14214E+00   0.14195E+00   0.45190E+01
   0.10455E+04   0.53367E-03   0.14524E+00   0.14505E+00   0.45297E+01
   0.10455E+04   0.57224E-03   0.14838E+00   0.14819E+00   0.45413E+01
   0.10455E+04   0.61359E-03   0.15187E+00   0.15169E+00   0.45523E+01
   0.10455E+04   0.65793E-03   0.15588E+00   0.15570E+00   0.45623E+01
   0.10455E+04   0.70548E-03   0.15995E+00   0.15978E+00   0.45730E+01
   0.10455E+04   0.75646E-03   0.16410E+00   0.16393E+00   0.45846E+01
   0.10455E+04   0.81113E-03   0.16831E+00   0.16814E+00   0.45970E+01
   0.10455E+04   0.86975E-03   0.17259E+00   0.17242E+00   0.46102E+01
   0.10455E+04   0.93260E-03   0.17693E+00   0.17677E+00   0.46243E+01
   0.10455E+04   0.10000E-02   0.18202E+00   0.18186E+00   0.46365E+01
   0.10848E+04   0.10000E-05   0.11856E-01   0.11728E-01   0.18516E+01
   0.10848E+04   0.10723E-05   0.12200E-01   0.12072E-01   0.18522E+01
   0.10848E+04   0.11498E-05   0.12551E-01   0.12422E-01   0.18528E+01
   0.10848E+04   0.12328E-05   0.12907E-01   0.12777E-01   0.18536E+01
   0.10848E+04   0.13219E-05   0.13268E-01   0.13137E-01   0.18544E+01
   0.10848E+04   0.14175E-05   0.13650E-01   0.13516E-01   0.18585E+01
   0.10848E+04   0.15199E-05   0.14037E-01   0.13899E-01   0.18631E+01
   0.10848E+04   0.16298E-05   0.14427E-01   0.14285E-01   0.18678E+01
   0.10848E+04   0.17475E-05   0.14818E-01   0.14673E-01   0.18728E+01
   0.10848E+04   0.18738E-05   0.15212E-01   0.15063E-01   0.18780E+01
   0.10848E+04   0.20092E-05   0.15608E-01   0.15455E-01   0.18833E+01
   0.10848E+04   0.21544E-05   0.16031E-01   0.15874E-01   0.18894E+01
   0.10848E+04   0.23101E-05   0.16579E-01   0.16418E-01   0.18978E+01
   0.10848E+04   0.24771E-05   0.17135E-01   0.16969E-01   0.19067E+01
   0.10848E+04   0.26561E-05   0.17697E-01   0.17526E-01   0.19160E+01
   0.10848E+04   0.28480E-05   0.18264E-01   0.18090E-01   0.19259E+01
   0.10848E+04   0.30539E-05   0.18838E-01   0.18659E-01   0.19364E+01
   0.10848E+04   0.32745E-05   0.19417E-01   0.19233E-01   0.19474E+01
   0.10848E+04   0.35112E-05   0.20069E-01   0.19881E-01   0.19601E+01
   0.10848E+04   0.37649E-05   0.20820E-01   0.20627E-01   0.19750E+01
   0.10848E+04   0.40370E-05   0.21586E-01   0.21388E-01   0.19910E+01
   0.10848E+04   0.43288E-05   0.22366E-01   0.22164E-01   0.20080E+01
   0.10848E+04   0.46416E-05   0.23160E-01   0.22953E-01   0.20263E+01
   0.10848E+04   0.49770E-05   0.23968E-01   0.23756E-01   0.20458E+01
   0.10848E+04   0.53367E-05   0.24789E-01   0.24574E-01   0.20667E+01
   0.10848E+04   0.57224E-05   0.25704E-01   0.25484E-01   0.20892E+01
   0.10848E+04   0.61359E-05   0.26674E-01   0.26451E-01   0.21136E+01
   0.10848E+04   0.65793E-05   0.27669E-01   0.27442E-01   0.21400E+01
   0.10848E+04   0.70548E-05   0.28688E-01   0.28457E-01   0.21685E+01
   0.10848E+04   0.75646E-05   0.29733E-01   0.29498E-01   0.21993E+01
   0.10848E+04   0.81113E-05   0.30802E-01   0.30564E-01   0.22324E+01
   0.10848E+04   0.86975E-05   0.31894E-01   0.31652E-01   0.22682E+01
   0.10848E+04   0.93260E-05   0.33120E-01   0.32876E-01   0.23011E+01
   0.10848E+04   0.10000E-04   0.34384E-01   0.34139E-01   0.23369E+01
   0.10848E+04   0.10723E-04   0.35689E-01   0.35442E-01   0.23759E+01
   0.10848E+04   0.11498E-04   0.37035E-01   0.36787E-01   0.24181E+01
   0.10848E+04   0.12328E-04   0.38423E-01   0.38173E-01   0.24636E+01
   0.10848E+04   0.13219E-04   0.39854E-01   0.39603E-01   0.25125E+01
   0.10848E+04   0.14175E-04   0.41311E-01   0.41059E-01   0.25619E+01
   0.10848E+04   0.15199E-04   0.42750E-01   0.42497E-01   0.26041E+01
   0.10848E+04   0.16298E-04   0.44234E-01   0.43981E-01   0.26499E+01
   0.10848E+04   0.17475E-04   0.45766E-01   0.45511E-01   0.26995E+01
   0.10848E+04   0.18738E-04   0.47345E-01   0.47090E-01   0.27528E+01
   0.10848E+04   0.20092E-04   0.48973E-01   0.48718E-01   0.28100E+01
   0.10848E+04   0.21544E-04   0.50652E-01   0.50397E-01   0.28710E+01
   0.10848E+04   0.23101E-04   0.52266E-01   0.52010E-01   0.29249E+01
   0.10848E+04   0.24771E-04   0.53801E-01   0.53547E-01   0.29710E+01
   0.10848E+04   0.26561E-04   0.55378E-01   0.55124E-01   0.30204E+01
   0.10848E+04   0.28480E-04   0.56997E-01   0.56744E-01   0.30733E+01
   0.10848E+04   0.30539E-04   0.58660E-01   0.58408E-01   0.31295E+01
   0.10848E+04   0.32745E-04   0.60367E-01   0.60115E-01   0.31890E+01
   0.10848E+04   0.35112E-04   0.62119E-01   0.61868E-01   0.32518E+01
   0.10848E+04   0.37649E-04   0.63657E-01   0.63407E-01   0.32971E+01
   0.10848E+04   0.40370E-04   0.65142E-01   0.64895E-01   0.33382E+01
   0.10848E+04   0.43288E-04   0.66658E-01   0.66412E-01   0.33817E+01
   0.10848E+04   0.46416E-04   0.68204E-01   0.67960E-01   0.34275E+01
   0.10848E+04   0.49770E-04   0.69780E-01   0.69538E-01   0.34755E+01
   0.10848E+04   0.53367E-04   0.71387E-01   0.71146E-01   0.35257E+01
   0.10848E+04   0.57224E-04   0.73003E-01   0.72764E-01   0.35760E+01
   0.10848E+04   0.61359E-04   0.74381E-01   0.74144E-01   0.36047E+01
   0.10848E+04   0.65793E-04   0.75778E-01   0.75543E-01   0.36347E+01
   0.10848E+04   0.70548E-04   0.77193E-01   0.76961E-01   0.36659E+01
   0.10848E+04   0.75646E-04   0.78626E-01   0.78397E-01   0.36983E+01
   0.10848E+04   0.81113E-04   0.80078E-01   0.79851E-01   0.37318E+01
   0.10848E+04   0.86975E-04   0.81547E-01   0.81323E-01   0.37664E+01
   0.10848E+04   0.93260E-04   0.83073E-01   0.82851E-01   0.38012E+01
   0.10848E+04   0.10000E-03   0.84694E-01   0.84475E-01   0.38351E+01
   0.10848E+04   0.10723E-03   0.86336E-01   0.86120E-01   0.38698E+01
   0.10848E+04   0.11498E-03   0.87999E-01   0.87786E-01   0.39054E+01
   0.10848E+04   0.12328E-03   0.89682E-01   0.89471E-01   0.39418E+01
   0.10848E+04   0.13219E-03   0.91385E-01   0.91177E-01   0.39790E+01
   0.10848E+04   0.14175E-03   0.93107E-01   0.92902E-01   0.40170E+01
   0.10848E+04   0.15199E-03   0.94861E-01   0.94659E-01   0.40493E+01
   0.10848E+04   0.16298E-03   0.96644E-01   0.96444E-01   0.40780E+01
   0.10848E+04   0.17475E-03   0.98446E-01   0.98249E-01   0.41071E+01
   0.10848E+04   0.18738E-03   0.10027E+00   0.10007E+00   0.41367E+01
   0.10848E+04   0.20092E-03   0.10211E+00   0.10192E+00   0.41667E+01
   0.10848E+04   0.21544E-03   0.10397E+00   0.10378E+00   0.41972E+01
   0.10848E+04   0.23101E-03   0.10584E+00   0.10566E+00   0.42282E+01
   0.10848E+04   0.24771E-03   0.10793E+00   0.10775E+00   0.42456E+01
   0.10848E+04   0.26561E-03   0.11007E+00   0.10989E+00   0.42615E+01
   0.10848E+04   0.28480E-03   0.11224E+00   0.11206E+00   0.42778E+01
   0.10848E+04   0.30539E-03   0.11443E+00   0.11425E+00   0.42946E+01
   0.10848E+04   0.32745E-03   0.11664E+00   0.11647E+00   0.43118E+01
   0.10848E+04   0.35112E-03   0.11887E+00   0.11870E+00   0.43296E+01
   0.10848E+04   0.37649E-03   0.12119E+00   0.12102E+00   0.43462E+01
   0.10848E+04   0.40370E-03   0.12392E+00   0.12376E+00   0.43539E+01
   0.10848E+04   0.43288E-03   0.12669E+00   0.12653E+00   0.43623E+01
   0.10848E+04   0.46416E-03   0.12950E+00   0.12934E+00   0.43714E+01
   0.10848E+04   0.49770E-03   0.13234E+00   0.13218E+00   0.43812E+01
   0.10848E+04   0.53367E-03   0.13522E+00   0.13506E+00   0.43917E+01
   0.10848E+04   0.57224E-03   0.13813E+00   0.13798E+00   0.44029E+01
   0.10848E+04   0.61359E-03   0.14137E+00   0.14122E+00   0.44135E+01
   0.10848E+04   0.65793E-03   0.14509E+00   0.14494E+00   0.44228E+01
   0.10848E+04   0.70548E-03   0.14888E+00   0.14873E+00   0.44328E+01
   0.10848E+04   0.75646E-03   0.15273E+00   0.15258E+00   0.44435E+01
   0.10848E+04   0.81113E-03   0.15664E+00   0.15650E+00   0.44550E+01
   0.10848E+04   0.86975E-03   0.16062E+00   0.16048E+00   0.44672E+01
   0.10848E+04   0.93260E-03   0.16466E+00   0.16453E+00   0.44802E+01
   0.10848E+04   0.10000E-02   0.16941E+00   0.16928E+00   0.44912E+01
   0.11242E+04   0.10000E-05   0.10715E-01   0.10605E-01   0.17784E+01
   0.11242E+04   0.10723E-05   0.10860E-01   0.10749E-01   0.17790E+01
   0.11242E+04   0.11498E-05   0.11004E-01   0.10893E-01   0.17797E+01
   0.11242E+04   0.12328E-05   0.11149E-01   0.11036E-01   0.17804E+01
   0.11242E+04   0.13219E-05   0.11292E-01   0.11179E-01   0.17811E+01
   0.11242E+04   0.14175E-05   0.11529E-01   0.11413E-01   0.17828E+01
   0.11242E+04   0.15199E-05   0.11774E-01   0.11657E-01   0.17847E+01
   0.11242E+04   0.16298E-05   0.12020E-01   0.11901E-01   0.17867E+01
   0.11242E+04   0.17475E-05   0.12266E-01   0.12145E-01   0.17887E+01
   0.11242E+04   0.18738E-05   0.12511E-01   0.12388E-01   0.17908E+01
   0.11242E+04   0.20092E-05   0.12757E-01   0.12632E-01   0.17929E+01
   0.11242E+04   0.21544E-05   0.13026E-01   0.12898E-01   0.17956E+01
   0.11242E+04   0.23101E-05   0.13408E-01   0.13277E-01   0.18001E+01
   0.11242E+04   0.24771E-05   0.13792E-01   0.13658E-01   0.18049E+01
   0.11242E+04   0.26561E-05   0.14178E-01   0.14040E-01   0.18099E+01
   0.11242E+04   0.28480E-05   0.14565E-01   0.14424E-01   0.18151E+01
   0.11242E+04   0.30539E-05   0.14954E-01   0.14809E-01   0.18205E+01
   0.11242E+04   0.32745E-05   0.15343E-01   0.15195E-01   0.18262E+01
   0.11242E+04   0.35112E-05   0.15802E-01   0.15650E-01   0.18337E+01
   0.11242E+04   0.37649E-05   0.16354E-01   0.16198E-01   0.18435E+01
   0.11242E+04   0.40370E-05   0.16913E-01   0.16753E-01   0.18539E+01
   0.11242E+04   0.43288E-05   0.17479E-01   0.17315E-01   0.18648E+01
   0.11242E+04   0.46416E-05   0.18050E-01   0.17882E-01   0.18763E+01
   0.11242E+04   0.49770E-05   0.18628E-01   0.18456E-01   0.18885E+01
   0.11242E+04   0.53367E-05   0.19211E-01   0.19035E-01   0.19013E+01
   0.11242E+04   0.57224E-05   0.19895E-01   0.19715E-01   0.19174E+01
   0.11242E+04   0.61359E-05   0.20632E-01   0.20448E-01   0.19355E+01
   0.11242E+04   0.65793E-05   0.21383E-01   0.21196E-01   0.19549E+01
   0.11242E+04   0.70548E-05   0.22149E-01   0.21958E-01   0.19756E+01
   0.11242E+04   0.75646E-05   0.22930E-01   0.22735E-01   0.19976E+01
   0.11242E+04   0.81113E-05   0.23725E-01   0.23526E-01   0.20211E+01
   0.11242E+04   0.86975E-05   0.24528E-01   0.24326E-01   0.20462E+01
   0.11242E+04   0.93260E-05   0.25528E-01   0.25323E-01   0.20732E+01
   0.11242E+04   0.10000E-04   0.26559E-01   0.26352E-01   0.21023E+01
   0.11242E+04   0.10723E-04   0.27622E-01   0.27413E-01   0.21337E+01
   0.11242E+04   0.11498E-04   0.28719E-01   0.28508E-01   0.21675E+01
   0.11242E+04   0.12328E-04   0.29850E-01   0.29637E-01   0.22038E+01
   0.11242E+04   0.13219E-04   0.31016E-01   0.30801E-01   0.22427E+01
   0.11242E+04   0.14175E-04   0.32224E-01   0.32008E-01   0.22827E+01
   0.11242E+04   0.15199E-04   0.33496E-01   0.33279E-01   0.23199E+01
   0.11242E+04   0.16298E-04   0.34811E-01   0.34594E-01   0.23604E+01
   0.11242E+04   0.17475E-04   0.36173E-01   0.35954E-01   0.24042E+01
   0.11242E+04   0.18738E-04   0.37581E-01   0.37362E-01   0.24515E+01
   0.11242E+04   0.20092E-04   0.39037E-01   0.38817E-01   0.25023E+01
   0.11242E+04   0.21544E-04   0.40543E-01   0.40323E-01   0.25569E+01
   0.11242E+04   0.23101E-04   0.42044E-01   0.41824E-01   0.26064E+01
   0.11242E+04   0.24771E-04   0.43537E-01   0.43317E-01   0.26507E+01
   0.11242E+04   0.26561E-04   0.45078E-01   0.44859E-01   0.26988E+01
   0.11242E+04   0.28480E-04   0.46669E-01   0.46451E-01   0.27507E+01
   0.11242E+04   0.30539E-04   0.48312E-01   0.48094E-01   0.28065E+01
   0.11242E+04   0.32745E-04   0.50007E-01   0.49790E-01   0.28662E+01
   0.11242E+04   0.35112E-04   0.51757E-01   0.51540E-01   0.29298E+01
   0.11242E+04   0.37649E-04   0.53351E-01   0.53135E-01   0.29770E+01
   0.11242E+04   0.40370E-04   0.54919E-01   0.54704E-01   0.30211E+01
   0.11242E+04   0.43288E-04   0.56528E-01   0.56315E-01   0.30685E+01
   0.11242E+04   0.46416E-04   0.58181E-01   0.57969E-01   0.31191E+01
   0.11242E+04   0.49770E-04   0.59876E-01   0.59666E-01   0.31730E+01
   0.11242E+04   0.53367E-04   0.61616E-01   0.61407E-01   0.32301E+01
   0.11242E+04   0.57224E-04   0.63377E-01   0.63169E-01   0.32882E+01
   0.11242E+04   0.61359E-04   0.64895E-01   0.64690E-01   0.33235E+01
   0.11242E+04   0.65793E-04   0.66443E-01   0.66240E-01   0.33611E+01
   0.11242E+04   0.70548E-04   0.68022E-01   0.67821E-01   0.34009E+01
   0.11242E+04   0.75646E-04   0.69632E-01   0.69433E-01   0.34427E+01
   0.11242E+04   0.81113E-04   0.71272E-01   0.71075E-01   0.34866E+01
   0.11242E+04   0.86975E-04   0.72944E-01   0.72750E-01   0.35324E+01
   0.11242E+04   0.93260E-04   0.74639E-01   0.74447E-01   0.35768E+01
   0.11242E+04   0.10000E-03   0.76348E-01   0.76158E-01   0.36164E+01
   0.11242E+04   0.10723E-03   0.78087E-01   0.77899E-01   0.36574E+01
   0.11242E+04   0.11498E-03   0.79856E-01   0.79671E-01   0.36999E+01
   0.11242E+04   0.12328E-03   0.81654E-01   0.81472E-01   0.37438E+01
   0.11242E+04   0.13219E-03   0.83484E-01   0.83303E-01   0.37889E+01
   0.11242E+04   0.14175E-03   0.85343E-01   0.85165E-01   0.38354E+01
   0.11242E+04   0.15199E-03   0.87157E-01   0.86982E-01   0.38733E+01
   0.11242E+04   0.16298E-03   0.88949E-01   0.88776E-01   0.39057E+01
   0.11242E+04   0.17475E-03   0.90767E-01   0.90596E-01   0.39388E+01
   0.11242E+04   0.18738E-03   0.92609E-01   0.92440E-01   0.39725E+01
   0.11242E+04   0.20092E-03   0.94476E-01   0.94309E-01   0.40070E+01
   0.11242E+04   0.21544E-03   0.96367E-01   0.96203E-01   0.40421E+01
   0.11242E+04   0.23101E-03   0.98282E-01   0.98120E-01   0.40778E+01
   0.11242E+04   0.24771E-03   0.10030E+00   0.10014E+00   0.40966E+01
   0.11242E+04   0.26561E-03   0.10236E+00   0.10221E+00   0.41133E+01
   0.11242E+04   0.28480E-03   0.10445E+00   0.10429E+00   0.41306E+01
   0.11242E+04   0.30539E-03   0.10655E+00   0.10640E+00   0.41483E+01
   0.11242E+04   0.32745E-03   0.10868E+00   0.10853E+00   0.41667E+01
   0.11242E+04   0.35112E-03   0.11084E+00   0.11069E+00   0.41856E+01
   0.11242E+04   0.37649E-03   0.11307E+00   0.11293E+00   0.42034E+01
   0.11242E+04   0.40370E-03   0.11566E+00   0.11551E+00   0.42122E+01
   0.11242E+04   0.43288E-03   0.11828E+00   0.11814E+00   0.42217E+01
   0.11242E+04   0.46416E-03   0.12093E+00   0.12079E+00   0.42318E+01
   0.11242E+04   0.49770E-03   0.12362E+00   0.12349E+00   0.42425E+01
   0.11242E+04   0.53367E-03   0.12635E+00   0.12622E+00   0.42539E+01
   0.11242E+04   0.57224E-03   0.12911E+00   0.12898E+00   0.42660E+01
   0.11242E+04   0.61359E-03   0.13217E+00   0.13204E+00   0.42770E+01
   0.11242E+04   0.65793E-03   0.13567E+00   0.13554E+00   0.42860E+01
   0.11242E+04   0.70548E-03   0.13923E+00   0.13911E+00   0.42958E+01
   0.11242E+04   0.75646E-03   0.14285E+00   0.14273E+00   0.43061E+01
   0.11242E+04   0.81113E-03   0.14654E+00   0.14642E+00   0.43172E+01
   0.11242E+04   0.86975E-03   0.15029E+00   0.15017E+00   0.43289E+01
   0.11242E+04   0.93260E-03   0.15410E+00   0.15399E+00   0.43413E+01
   0.11242E+04   0.10000E-02   0.15858E+00   0.15847E+00   0.43514E+01
   0.11636E+04   0.10000E-05   0.10294E-01   0.10178E-01   0.17213E+01
   0.11636E+04   0.10723E-05   0.10396E-01   0.10281E-01   0.17216E+01
   0.11636E+04   0.11498E-05   0.10498E-01   0.10383E-01   0.17219E+01
   0.11636E+04   0.12328E-05   0.10600E-01   0.10485E-01   0.17222E+01
   0.11636E+04   0.13219E-05   0.10701E-01   0.10586E-01   0.17225E+01
   0.11636E+04   0.14175E-05   0.10864E-01   0.10749E-01   0.17234E+01
   0.11636E+04   0.15199E-05   0.11033E-01   0.10917E-01   0.17245E+01
   0.11636E+04   0.16298E-05   0.11203E-01   0.11086E-01   0.17256E+01
   0.11636E+04   0.17475E-05   0.11372E-01   0.11255E-01   0.17267E+01
   0.11636E+04   0.18738E-05   0.11541E-01   0.11423E-01   0.17278E+01
   0.11636E+04   0.20092E-05   0.11711E-01   0.11592E-01   0.17290E+01
   0.11636E+04   0.21544E-05   0.11896E-01   0.11776E-01   0.17304E+01
   0.11636E+04   0.23101E-05   0.12161E-01   0.12039E-01   0.17331E+01
   0.11636E+04   0.24771E-05   0.12427E-01   0.12303E-01   0.17359E+01
   0.11636E+04   0.26561E-05   0.12693E-01   0.12568E-01   0.17388E+01
   0.11636E+04   0.28480E-05   0.12961E-01   0.12833E-01   0.17418E+01
   0.11636E+04   0.30539E-05   0.13228E-01   0.13099E-01   0.17448E+01
   0.11636E+04   0.32745E-05   0.13497E-01   0.13366E-01   0.17480E+01
   0.11636E+04   0.35112E-05   0.13817E-01   0.13684E-01   0.17523E+01
   0.11636E+04   0.37649E-05   0.14207E-01   0.14072E-01   0.17582E+01
   0.11636E+04   0.40370E-05   0.14601E-01   0.14463E-01   0.17644E+01
   0.11636E+04   0.43288E-05   0.14997E-01   0.14856E-01   0.17707E+01
   0.11636E+04   0.46416E-05   0.15397E-01   0.15253E-01   0.17774E+01
   0.11636E+04   0.49770E-05   0.15799E-01   0.15653E-01   0.17843E+01
   0.11636E+04   0.53367E-05   0.16204E-01   0.16056E-01   0.17916E+01
   0.11636E+04   0.57224E-05   0.16690E-01   0.16539E-01   0.18012E+01
   0.11636E+04   0.61359E-05   0.17216E-01   0.17061E-01   0.18122E+01
   0.11636E+04   0.65793E-05   0.17748E-01   0.17590E-01   0.18238E+01
   0.11636E+04   0.70548E-05   0.18286E-01   0.18126E-01   0.18361E+01
   0.11636E+04   0.75646E-05   0.18831E-01   0.18668E-01   0.18491E+01
   0.11636E+04   0.81113E-05   0.19382E-01   0.19216E-01   0.18628E+01
   0.11636E+04   0.86975E-05   0.19933E-01   0.19764E-01   0.18772E+01
   0.11636E+04   0.93260E-05   0.20676E-01   0.20505E-01   0.18945E+01
   0.11636E+04   0.10000E-04   0.21438E-01   0.21264E-01   0.19131E+01
   0.11636E+04   0.10723E-04   0.22219E-01   0.22043E-01   0.19330E+01
   0.11636E+04   0.11498E-04   0.23018E-01   0.22841E-01   0.19543E+01
   0.11636E+04   0.12328E-04   0.23837E-01   0.23658E-01   0.19770E+01
   0.11636E+04   0.13219E-04   0.24676E-01   0.24495E-01   0.20014E+01
   0.11636E+04   0.14175E-04   0.25558E-01   0.25375E-01   0.20269E+01
   0.11636E+04   0.15199E-04   0.26545E-01   0.26361E-01   0.20531E+01
   0.11636E+04   0.16298E-04   0.27562E-01   0.27378E-01   0.20815E+01
   0.11636E+04   0.17475E-04   0.28612E-01   0.28426E-01   0.21122E+01
   0.11636E+04   0.18738E-04   0.29693E-01   0.29506E-01   0.21453E+01
   0.11636E+04   0.20092E-04   0.30807E-01   0.30620E-01   0.21809E+01
   0.11636E+04   0.21544E-04   0.31956E-01   0.31767E-01   0.22191E+01
   0.11636E+04   0.23101E-04   0.33158E-01   0.32969E-01   0.22562E+01
   0.11636E+04   0.24771E-04   0.34420E-01   0.34231E-01   0.22923E+01
   0.11636E+04   0.26561E-04   0.35725E-01   0.35536E-01   0.23316E+01
   0.11636E+04   0.28480E-04   0.37074E-01   0.36885E-01   0.23741E+01
   0.11636E+04   0.30539E-04   0.38468E-01   0.38279E-01   0.24199E+01
   0.11636E+04   0.32745E-04   0.39908E-01   0.39720E-01   0.24691E+01
   0.11636E+04   0.35112E-04   0.41397E-01   0.41209E-01   0.25218E+01
   0.11636E+04   0.37649E-04   0.42858E-01   0.42671E-01   0.25657E+01
   0.11636E+04   0.40370E-04   0.44342E-01   0.44155E-01   0.26090E+01
   0.11636E+04   0.43288E-04   0.45872E-01   0.45687E-01   0.26558E+01
   0.11636E+04   0.46416E-04   0.47451E-01   0.47266E-01   0.27061E+01
   0.11636E+04   0.49770E-04   0.49079E-01   0.48896E-01   0.27599E+01
   0.11636E+04   0.53367E-04   0.50759E-01   0.50576E-01   0.28172E+01
   0.11636E+04   0.57224E-04   0.52476E-01   0.52294E-01   0.28765E+01
   0.11636E+04   0.61359E-04   0.54073E-01   0.53893E-01   0.29201E+01
   0.11636E+04   0.65793E-04   0.55714E-01   0.55536E-01   0.29668E+01
   0.11636E+04   0.70548E-04   0.57401E-01   0.57224E-01   0.30164E+01
   0.11636E+04   0.75646E-04   0.59133E-01   0.58958E-01   0.30689E+01
   0.11636E+04   0.81113E-04   0.60913E-01   0.60739E-01   0.31243E+01
   0.11636E+04   0.86975E-04   0.62740E-01   0.62568E-01   0.31825E+01
   0.11636E+04   0.93260E-04   0.64582E-01   0.64411E-01   0.32387E+01
   0.11636E+04   0.10000E-03   0.66403E-01   0.66234E-01   0.32882E+01
   0.11636E+04   0.10723E-03   0.68269E-01   0.68102E-01   0.33400E+01
   0.11636E+04   0.11498E-03   0.70181E-01   0.70015E-01   0.33940E+01
   0.11636E+04   0.12328E-03   0.72139E-01   0.71975E-01   0.34503E+01
   0.11636E+04   0.13219E-03   0.74144E-01   0.73982E-01   0.35087E+01
   0.11636E+04   0.14175E-03   0.76197E-01   0.76038E-01   0.35692E+01
   0.11636E+04   0.15199E-03   0.78160E-01   0.78002E-01   0.36179E+01
   0.11636E+04   0.16298E-03   0.80071E-01   0.79916E-01   0.36588E+01
   0.11636E+04   0.17475E-03   0.82020E-01   0.81866E-01   0.37010E+01
   0.11636E+04   0.18738E-03   0.84006E-01   0.83854E-01   0.37444E+01
   0.11636E+04   0.20092E-03   0.86029E-01   0.85880E-01   0.37889E+01
   0.11636E+04   0.21544E-03   0.88091E-01   0.87943E-01   0.38346E+01
   0.11636E+04   0.23101E-03   0.90190E-01   0.90045E-01   0.38815E+01
   0.11636E+04   0.24771E-03   0.92258E-01   0.92115E-01   0.39056E+01
   0.11636E+04   0.26561E-03   0.94347E-01   0.94206E-01   0.39269E+01
   0.11636E+04   0.28480E-03   0.96466E-01   0.96327E-01   0.39489E+01
   0.11636E+04   0.30539E-03   0.98615E-01   0.98479E-01   0.39716E+01
   0.11636E+04   0.32745E-03   0.10080E+00   0.10066E+00   0.39951E+01
   0.11636E+04   0.35112E-03   0.10301E+00   0.10287E+00   0.40194E+01
   0.11636E+04   0.37649E-03   0.10528E+00   0.10515E+00   0.40423E+01
   0.11636E+04   0.40370E-03   0.10783E+00   0.10770E+00   0.40540E+01
   0.11636E+04   0.43288E-03   0.11041E+00   0.11028E+00   0.40664E+01
   0.11636E+04   0.46416E-03   0.11303E+00   0.11290E+00   0.40794E+01
   0.11636E+04   0.49770E-03   0.11568E+00   0.11556E+00   0.40931E+01
   0.11636E+04   0.53367E-03   0.11838E+00   0.11826E+00   0.41074E+01
   0.11636E+04   0.57224E-03   0.12111E+00   0.12099E+00   0.41224E+01
   0.11636E+04   0.61359E-03   0.12411E+00   0.12400E+00   0.41353E+01
   0.11636E+04   0.65793E-03   0.12750E+00   0.12739E+00   0.41449E+01
   0.11636E+04   0.70548E-03   0.13096E+00   0.13085E+00   0.41550E+01
   0.11636E+04   0.75646E-03   0.13448E+00   0.13437E+00   0.41658E+01
   0.11636E+04   0.81113E-03   0.13806E+00   0.13795E+00   0.41771E+01
   0.11636E+04   0.86975E-03   0.14170E+00   0.14160E+00   0.41892E+01
   0.11636E+04   0.93260E-03   0.14541E+00   0.14530E+00   0.42019E+01
   0.11636E+04   0.10000E-02   0.14974E+00   0.14964E+00   0.42117E+01
   0.12030E+04   0.10000E-05   0.98736E-02   0.97528E-02   0.16674E+01
   0.12030E+04   0.10723E-05   0.99397E-02   0.98203E-02   0.16673E+01
   0.12030E+04   0.11498E-05   0.10006E-01   0.98874E-02   0.16673E+01
   0.12030E+04   0.12328E-05   0.10071E-01   0.99543E-02   0.16672E+01
   0.12030E+04   0.13219E-05   0.10137E-01   0.10021E-01   0.16672E+01
   0.12030E+04   0.14175E-05   0.10239E-01   0.10123E-01   0.16675E+01
   0.12030E+04   0.15199E-05   0.10344E-01   0.10229E-01   0.16678E+01
   0.12030E+04   0.16298E-05   0.10449E-01   0.10334E-01   0.16682E+01
   0.12030E+04   0.17475E-05   0.10554E-01   0.10440E-01   0.16686E+01
   0.12030E+04   0.18738E-05   0.10658E-01   0.10545E-01   0.16689E+01
   0.12030E+04   0.20092E-05   0.10763E-01   0.10650E-01   0.16693E+01
   0.12030E+04   0.21544E-05   0.10878E-01   0.10765E-01   0.16699E+01
   0.12030E+04   0.23101E-05   0.11046E-01   0.10932E-01   0.16711E+01
   0.12030E+04   0.24771E-05   0.11213E-01   0.11100E-01   0.16723E+01
   0.12030E+04   0.26561E-05   0.11381E-01   0.11267E-01   0.16736E+01
   0.12030E+04   0.28480E-05   0.11549E-01   0.11434E-01   0.16748E+01
   0.12030E+04   0.30539E-05   0.11717E-01   0.11602E-01   0.16762E+01
   0.12030E+04   0.32745E-05   0.11885E-01   0.11769E-01   0.16775E+01
   0.12030E+04   0.35112E-05   0.12093E-01   0.11976E-01   0.16796E+01
   0.12030E+04   0.37649E-05   0.12353E-01   0.12235E-01   0.16826E+01
   0.12030E+04   0.40370E-05   0.12615E-01   0.12496E-01   0.16857E+01
   0.12030E+04   0.43288E-05   0.12877E-01   0.12757E-01   0.16889E+01
   0.12030E+04   0.46416E-05   0.13141E-01   0.13019E-01   0.16921E+01
   0.12030E+04   0.49770E-05   0.13404E-01   0.13281E-01   0.16956E+01
   0.12030E+04   0.53367E-05   0.13669E-01   0.13544E-01   0.16991E+01
   0.12030E+04   0.57224E-05   0.14005E-01   0.13879E-01   0.17044E+01
   0.12030E+04   0.61359E-05   0.14373E-01   0.14244E-01   0.17106E+01
   0.12030E+04   0.65793E-05   0.14743E-01   0.14612E-01   0.17172E+01
   0.12030E+04   0.70548E-05   0.15114E-01   0.14980E-01   0.17240E+01
   0.12030E+04   0.75646E-05   0.15485E-01   0.15349E-01   0.17311E+01
   0.12030E+04   0.81113E-05   0.15858E-01   0.15719E-01   0.17387E+01
   0.12030E+04   0.86975E-05   0.16225E-01   0.16084E-01   0.17464E+01
   0.12030E+04   0.93260E-05   0.16785E-01   0.16642E-01   0.17579E+01
   0.12030E+04   0.10000E-04   0.17355E-01   0.17211E-01   0.17700E+01
   0.12030E+04   0.10723E-04   0.17936E-01   0.17789E-01   0.17829E+01
   0.12030E+04   0.11498E-04   0.18526E-01   0.18377E-01   0.17965E+01
   0.12030E+04   0.12328E-04   0.19125E-01   0.18975E-01   0.18110E+01
   0.12030E+04   0.13219E-04   0.19735E-01   0.19582E-01   0.18263E+01
   0.12030E+04   0.14175E-04   0.20387E-01   0.20234E-01   0.18431E+01
   0.12030E+04   0.15199E-04   0.21170E-01   0.21014E-01   0.18629E+01
   0.12030E+04   0.16298E-04   0.21973E-01   0.21817E-01   0.18841E+01
   0.12030E+04   0.17475E-04   0.22798E-01   0.22640E-01   0.19069E+01
   0.12030E+04   0.18738E-04   0.23645E-01   0.23486E-01   0.19313E+01
   0.12030E+04   0.20092E-04   0.24514E-01   0.24354E-01   0.19574E+01
   0.12030E+04   0.21544E-04   0.25405E-01   0.25244E-01   0.19853E+01
   0.12030E+04   0.23101E-04   0.26384E-01   0.26222E-01   0.20147E+01
   0.12030E+04   0.24771E-04   0.27462E-01   0.27300E-01   0.20458E+01
   0.12030E+04   0.26561E-04   0.28578E-01   0.28415E-01   0.20794E+01
   0.12030E+04   0.28480E-04   0.29732E-01   0.29569E-01   0.21157E+01
   0.12030E+04   0.30539E-04   0.30926E-01   0.30763E-01   0.21547E+01
   0.12030E+04   0.32745E-04   0.32161E-01   0.31998E-01   0.21965E+01
   0.12030E+04   0.35112E-04   0.33437E-01   0.33274E-01   0.22414E+01
   0.12030E+04   0.37649E-04   0.34769E-01   0.34607E-01   0.22823E+01
   0.12030E+04   0.40370E-04   0.36154E-01   0.35991E-01   0.23242E+01
   0.12030E+04   0.43288E-04   0.37588E-01   0.37426E-01   0.23695E+01
   0.12030E+04   0.46416E-04   0.39075E-01   0.38913E-01   0.24182E+01
   0.12030E+04   0.49770E-04   0.40615E-01   0.40453E-01   0.24705E+01
   0.12030E+04   0.53367E-04   0.42210E-01   0.42049E-01   0.25264E+01
   0.12030E+04   0.57224E-04   0.43855E-01   0.43695E-01   0.25849E+01
   0.12030E+04   0.61359E-04   0.45467E-01   0.45308E-01   0.26321E+01
   0.12030E+04   0.65793E-04   0.47135E-01   0.46977E-01   0.26828E+01
   0.12030E+04   0.70548E-04   0.48860E-01   0.48703E-01   0.27372E+01
   0.12030E+04   0.75646E-04   0.50644E-01   0.50488E-01   0.27952E+01
   0.12030E+04   0.81113E-04   0.52488E-01   0.52333E-01   0.28569E+01
   0.12030E+04   0.86975E-04   0.54395E-01   0.54241E-01   0.29223E+01
   0.12030E+04   0.93260E-04   0.56314E-01   0.56161E-01   0.29851E+01
   0.12030E+04   0.10000E-03   0.58190E-01   0.58039E-01   0.30390E+01
   0.12030E+04   0.10723E-03   0.60125E-01   0.59975E-01   0.30962E+01
   0.12030E+04   0.11498E-03   0.62118E-01   0.61970E-01   0.31565E+01
   0.12030E+04   0.12328E-03   0.64172E-01   0.64026E-01   0.32200E+01
   0.12030E+04   0.13219E-03   0.66289E-01   0.66144E-01   0.32867E+01
   0.12030E+04   0.14175E-03   0.68469E-01   0.68326E-01   0.33566E+01
   0.12030E+04   0.15199E-03   0.70533E-01   0.70391E-01   0.34116E+01
   0.12030E+04   0.16298E-03   0.72529E-01   0.72389E-01   0.34572E+01
   0.12030E+04   0.17475E-03   0.74573E-01   0.74435E-01   0.35048E+01
   0.12030E+04   0.18738E-03   0.76666E-01   0.76530E-01   0.35543E+01
   0.12030E+04   0.20092E-03   0.78808E-01   0.78674E-01   0.36056E+01
   0.12030E+04   0.21544E-03   0.81000E-01   0.80868E-01   0.36588E+01
   0.12030E+04   0.23101E-03   0.83244E-01   0.83113E-01   0.37139E+01
   0.12030E+04   0.24771E-03   0.85349E-01   0.85220E-01   0.37412E+01
   0.12030E+04   0.26561E-03   0.87463E-01   0.87337E-01   0.37652E+01
   0.12030E+04   0.28480E-03   0.89613E-01   0.89489E-01   0.37904E+01
   0.12030E+04   0.30539E-03   0.91799E-01   0.91676E-01   0.38166E+01
   0.12030E+04   0.32745E-03   0.94020E-01   0.93900E-01   0.38438E+01
   0.12030E+04   0.35112E-03   0.96276E-01   0.96158E-01   0.38721E+01
   0.12030E+04   0.37649E-03   0.98596E-01   0.98479E-01   0.38990E+01
   0.12030E+04   0.40370E-03   0.10111E+00   0.10100E+00   0.39128E+01
   0.12030E+04   0.43288E-03   0.10366E+00   0.10355E+00   0.39273E+01
   0.12030E+04   0.46416E-03   0.10626E+00   0.10615E+00   0.39425E+01
   0.12030E+04   0.49770E-03   0.10889E+00   0.10879E+00   0.39584E+01
   0.12030E+04   0.53367E-03   0.11157E+00   0.11146E+00   0.39751E+01
   0.12030E+04   0.57224E-03   0.11428E+00   0.11417E+00   0.39925E+01
   0.12030E+04   0.61359E-03   0.11723E+00   0.11713E+00   0.40070E+01
   0.12030E+04   0.65793E-03   0.12054E+00   0.12044E+00   0.40168E+01
   0.12030E+04   0.70548E-03   0.12391E+00   0.12381E+00   0.40272E+01
   0.12030E+04   0.75646E-03   0.12734E+00   0.12725E+00   0.40383E+01
   0.12030E+04   0.81113E-03   0.13084E+00   0.13074E+00   0.40499E+01
   0.12030E+04   0.86975E-03   0.13439E+00   0.13430E+00   0.40622E+01
   0.12030E+04   0.93260E-03   0.13800E+00   0.13791E+00   0.40752E+01
   0.12030E+04   0.10000E-02   0.14221E+00   0.14213E+00   0.40847E+01
   0.12424E+04   0.10000E-05   0.95463E-02   0.94181E-02   0.16148E+01
   0.12424E+04   0.10723E-05   0.95880E-02   0.94618E-02   0.16148E+01
   0.12424E+04   0.11498E-05   0.96293E-02   0.95049E-02   0.16148E+01
   0.12424E+04   0.12328E-05   0.96703E-02   0.95475E-02   0.16148E+01
   0.12424E+04   0.13219E-05   0.97109E-02   0.95897E-02   0.16148E+01
   0.12424E+04   0.14175E-05   0.97735E-02   0.96537E-02   0.16150E+01
   0.12424E+04   0.15199E-05   0.98379E-02   0.97194E-02   0.16152E+01
   0.12424E+04   0.16298E-05   0.99020E-02   0.97847E-02   0.16155E+01
   0.12424E+04   0.17475E-05   0.99656E-02   0.98494E-02   0.16157E+01
   0.12424E+04   0.18738E-05   0.10029E-01   0.99137E-02   0.16160E+01
   0.12424E+04   0.20092E-05   0.10092E-01   0.99775E-02   0.16162E+01
   0.12424E+04   0.21544E-05   0.10162E-01   0.10048E-01   0.16165E+01
   0.12424E+04   0.23101E-05   0.10266E-01   0.10154E-01   0.16172E+01
   0.12424E+04   0.24771E-05   0.10371E-01   0.10258E-01   0.16179E+01
   0.12424E+04   0.26561E-05   0.10475E-01   0.10363E-01   0.16186E+01
   0.12424E+04   0.28480E-05   0.10579E-01   0.10467E-01   0.16194E+01
   0.12424E+04   0.30539E-05   0.10682E-01   0.10570E-01   0.16201E+01
   0.12424E+04   0.32745E-05   0.10785E-01   0.10673E-01   0.16209E+01
   0.12424E+04   0.35112E-05   0.10917E-01   0.10806E-01   0.16221E+01
   0.12424E+04   0.37649E-05   0.11089E-01   0.10977E-01   0.16239E+01
   0.12424E+04   0.40370E-05   0.11260E-01   0.11148E-01   0.16257E+01
   0.12424E+04   0.43288E-05   0.11431E-01   0.11319E-01   0.16275E+01
   0.12424E+04   0.46416E-05   0.11602E-01   0.11489E-01   0.16295E+01
   0.12424E+04   0.49770E-05   0.11773E-01   0.11659E-01   0.16314E+01
   0.12424E+04   0.53367E-05   0.11942E-01   0.11828E-01   0.16335E+01
   0.12424E+04   0.57224E-05   0.12205E-01   0.12089E-01   0.16361E+01
   0.12424E+04   0.61359E-05   0.12508E-01   0.12392E-01   0.16391E+01
   0.12424E+04   0.65793E-05   0.12814E-01   0.12696E-01   0.16422E+01
   0.12424E+04   0.70548E-05   0.13121E-01   0.13002E-01   0.16456E+01
   0.12424E+04   0.75646E-05   0.13429E-01   0.13309E-01   0.16490E+01
   0.12424E+04   0.81113E-05   0.13740E-01   0.13618E-01   0.16527E+01
   0.12424E+04   0.86975E-05   0.14047E-01   0.13924E-01   0.16564E+01
   0.12424E+04   0.93260E-05   0.14478E-01   0.14354E-01   0.16644E+01
   0.12424E+04   0.10000E-04   0.14915E-01   0.14790E-01   0.16727E+01
   0.12424E+04   0.10723E-04   0.15358E-01   0.15231E-01   0.16814E+01
   0.12424E+04   0.11498E-04   0.15806E-01   0.15677E-01   0.16906E+01
   0.12424E+04   0.12328E-04   0.16259E-01   0.16129E-01   0.17002E+01
   0.12424E+04   0.13219E-04   0.16718E-01   0.16586E-01   0.17103E+01
   0.12424E+04   0.14175E-04   0.17215E-01   0.17082E-01   0.17217E+01
   0.12424E+04   0.15199E-04   0.17834E-01   0.17700E-01   0.17364E+01
   0.12424E+04   0.16298E-04   0.18468E-01   0.18333E-01   0.17520E+01
   0.12424E+04   0.17475E-04   0.19117E-01   0.18980E-01   0.17685E+01
   0.12424E+04   0.18738E-04   0.19779E-01   0.19642E-01   0.17861E+01
   0.12424E+04   0.20092E-04   0.20457E-01   0.20318E-01   0.18047E+01
   0.12424E+04   0.21544E-04   0.21149E-01   0.21010E-01   0.18245E+01
   0.12424E+04   0.23101E-04   0.21929E-01   0.21789E-01   0.18465E+01
   0.12424E+04   0.24771E-04   0.22809E-01   0.22669E-01   0.18711E+01
   0.12424E+04   0.26561E-04   0.23717E-01   0.23577E-01   0.18975E+01
   0.12424E+04   0.28480E-04   0.24655E-01   0.24514E-01   0.19257E+01
   0.12424E+04   0.30539E-04   0.25622E-01   0.25481E-01   0.19559E+01
   0.12424E+04   0.32745E-04   0.26620E-01   0.26478E-01   0.19882E+01
   0.12424E+04   0.35112E-04   0.27649E-01   0.27507E-01   0.20227E+01
   0.12424E+04   0.37649E-04   0.28782E-01   0.28640E-01   0.20563E+01
   0.12424E+04   0.40370E-04   0.29980E-01   0.29838E-01   0.20914E+01
   0.12424E+04   0.43288E-04   0.31223E-01   0.31082E-01   0.21294E+01
   0.12424E+04   0.46416E-04   0.32512E-01   0.32371E-01   0.21702E+01
   0.12424E+04   0.49770E-04   0.33849E-01   0.33709E-01   0.22140E+01
   0.12424E+04   0.53367E-04   0.35236E-01   0.35095E-01   0.22609E+01
   0.12424E+04   0.57224E-04   0.36673E-01   0.36533E-01   0.23102E+01
   0.12424E+04   0.61359E-04   0.38163E-01   0.38023E-01   0.23536E+01
   0.12424E+04   0.65793E-04   0.39708E-01   0.39570E-01   0.24005E+01
   0.12424E+04   0.70548E-04   0.41313E-01   0.41175E-01   0.24509E+01
   0.12424E+04   0.75646E-04   0.42979E-01   0.42841E-01   0.25050E+01
   0.12424E+04   0.81113E-04   0.44707E-01   0.44570E-01   0.25628E+01
   0.12424E+04   0.86975E-04   0.46500E-01   0.46364E-01   0.26245E+01
   0.12424E+04   0.93260E-04   0.48325E-01   0.48190E-01   0.26845E+01
   0.12424E+04   0.10000E-03   0.50149E-01   0.50015E-01   0.27375E+01
   0.12424E+04   0.10723E-03   0.52037E-01   0.51905E-01   0.27943E+01
   0.12424E+04   0.11498E-03   0.53992E-01   0.53861E-01   0.28548E+01
   0.12424E+04   0.12328E-03   0.56017E-01   0.55886E-01   0.29191E+01
   0.12424E+04   0.13219E-03   0.58112E-01   0.57983E-01   0.29870E+01
   0.12424E+04   0.14175E-03   0.60281E-01   0.60153E-01   0.30588E+01
   0.12424E+04   0.15199E-03   0.62363E-01   0.62236E-01   0.31171E+01
   0.12424E+04   0.16298E-03   0.64401E-01   0.64276E-01   0.31671E+01
   0.12424E+04   0.17475E-03   0.66498E-01   0.66375E-01   0.32199E+01
   0.12424E+04   0.18738E-03   0.68657E-01   0.68535E-01   0.32753E+01
   0.12424E+04   0.20092E-03   0.70878E-01   0.70757E-01   0.33333E+01
   0.12424E+04   0.21544E-03   0.73162E-01   0.73043E-01   0.33939E+01
   0.12424E+04   0.23101E-03   0.75513E-01   0.75395E-01   0.34571E+01
   0.12424E+04   0.24771E-03   0.77675E-01   0.77559E-01   0.34913E+01
   0.12424E+04   0.26561E-03   0.79846E-01   0.79732E-01   0.35225E+01
   0.12424E+04   0.28480E-03   0.82063E-01   0.81951E-01   0.35553E+01
   0.12424E+04   0.30539E-03   0.84327E-01   0.84216E-01   0.35896E+01
   0.12424E+04   0.32745E-03   0.86637E-01   0.86529E-01   0.36254E+01
   0.12424E+04   0.35112E-03   0.88995E-01   0.88888E-01   0.36627E+01
   0.12424E+04   0.37649E-03   0.91409E-01   0.91304E-01   0.36985E+01
   0.12424E+04   0.40370E-03   0.93925E-01   0.93822E-01   0.37182E+01
   0.12424E+04   0.43288E-03   0.96488E-01   0.96387E-01   0.37389E+01
   0.12424E+04   0.46416E-03   0.99098E-01   0.98999E-01   0.37605E+01
   0.12424E+04   0.49770E-03   0.10176E+00   0.10166E+00   0.37830E+01
   0.12424E+04   0.53367E-03   0.10446E+00   0.10436E+00   0.38064E+01
   0.12424E+04   0.57224E-03   0.10721E+00   0.10712E+00   0.38308E+01
   0.12424E+04   0.61359E-03   0.11016E+00   0.11007E+00   0.38505E+01
   0.12424E+04   0.65793E-03   0.11338E+00   0.11329E+00   0.38630E+01
   0.12424E+04   0.70548E-03   0.11667E+00   0.11659E+00   0.38762E+01
   0.12424E+04   0.75646E-03   0.12003E+00   0.11994E+00   0.38901E+01
   0.12424E+04   0.81113E-03   0.12344E+00   0.12336E+00   0.39046E+01
   0.12424E+04   0.86975E-03   0.12692E+00   0.12684E+00   0.39198E+01
   0.12424E+04   0.93260E-03   0.13047E+00   0.13039E+00   0.39357E+01
   0.12424E+04   0.10000E-02   0.13454E+00   0.13446E+00   0.39469E+01
   0.12818E+04   0.10000E-05   0.92514E-02   0.91139E-02   0.15639E+01
   0.12818E+04   0.10723E-05   0.92750E-02   0.91397E-02   0.15643E+01
   0.12818E+04   0.11498E-05   0.92979E-02   0.91647E-02   0.15647E+01
   0.12818E+04   0.12328E-05   0.93203E-02   0.91890E-02   0.15652E+01
   0.12818E+04   0.13219E-05   0.93420E-02   0.92125E-02   0.15656E+01
   0.12818E+04   0.14175E-05   0.93798E-02   0.92522E-02   0.15661E+01
   0.12818E+04   0.15199E-05   0.94186E-02   0.92927E-02   0.15666E+01
   0.12818E+04   0.16298E-05   0.94567E-02   0.93324E-02   0.15672E+01
   0.12818E+04   0.17475E-05   0.94942E-02   0.93713E-02   0.15678E+01
   0.12818E+04   0.18738E-05   0.95311E-02   0.94094E-02   0.15683E+01
   0.12818E+04   0.20092E-05   0.95672E-02   0.94468E-02   0.15689E+01
   0.12818E+04   0.21544E-05   0.96081E-02   0.94887E-02   0.15695E+01
   0.12818E+04   0.23101E-05   0.96736E-02   0.95553E-02   0.15704E+01
   0.12818E+04   0.24771E-05   0.97384E-02   0.96210E-02   0.15712E+01
   0.12818E+04   0.26561E-05   0.98024E-02   0.96859E-02   0.15721E+01
   0.12818E+04   0.28480E-05   0.98657E-02   0.97499E-02   0.15730E+01
   0.12818E+04   0.30539E-05   0.99282E-02   0.98131E-02   0.15739E+01
   0.12818E+04   0.32745E-05   0.99900E-02   0.98755E-02   0.15749E+01
   0.12818E+04   0.35112E-05   0.10073E-01   0.99585E-02   0.15761E+01
   0.12818E+04   0.37649E-05   0.10182E-01   0.10069E-01   0.15777E+01
   0.12818E+04   0.40370E-05   0.10291E-01   0.10178E-01   0.15793E+01
   0.12818E+04   0.43288E-05   0.10400E-01   0.10286E-01   0.15809E+01
   0.12818E+04   0.46416E-05   0.10507E-01   0.10393E-01   0.15826E+01
   0.12818E+04   0.49770E-05   0.10613E-01   0.10500E-01   0.15843E+01
   0.12818E+04   0.53367E-05   0.10719E-01   0.10606E-01   0.15861E+01
   0.12818E+04   0.57224E-05   0.10957E-01   0.10844E-01   0.15865E+01
   0.12818E+04   0.61359E-05   0.11255E-01   0.11142E-01   0.15864E+01
   0.12818E+04   0.65793E-05   0.11557E-01   0.11444E-01   0.15865E+01
   0.12818E+04   0.70548E-05   0.11863E-01   0.11750E-01   0.15869E+01
   0.12818E+04   0.75646E-05   0.12173E-01   0.12060E-01   0.15874E+01
   0.12818E+04   0.81113E-05   0.12486E-01   0.12374E-01   0.15880E+01
   0.12818E+04   0.86975E-05   0.12802E-01   0.12690E-01   0.15887E+01
   0.12818E+04   0.93260E-05   0.13133E-01   0.13020E-01   0.15941E+01
   0.12818E+04   0.10000E-04   0.13467E-01   0.13353E-01   0.15997E+01
   0.12818E+04   0.10723E-04   0.13805E-01   0.13690E-01   0.16055E+01
   0.12818E+04   0.11498E-04   0.14146E-01   0.14031E-01   0.16115E+01
   0.12818E+04   0.12328E-04   0.14490E-01   0.14374E-01   0.16178E+01
   0.12818E+04   0.13219E-04   0.14838E-01   0.14721E-01   0.16243E+01
   0.12818E+04   0.14175E-04   0.15218E-01   0.15101E-01   0.16318E+01
   0.12818E+04   0.15199E-04   0.15701E-01   0.15583E-01   0.16418E+01
   0.12818E+04   0.16298E-04   0.16194E-01   0.16075E-01   0.16523E+01
   0.12818E+04   0.17475E-04   0.16695E-01   0.16576E-01   0.16634E+01
   0.12818E+04   0.18738E-04   0.17206E-01   0.17086E-01   0.16751E+01
   0.12818E+04   0.20092E-04   0.17726E-01   0.17605E-01   0.16874E+01
   0.12818E+04   0.21544E-04   0.18255E-01   0.18134E-01   0.17003E+01
   0.12818E+04   0.23101E-04   0.18862E-01   0.18740E-01   0.17154E+01
   0.12818E+04   0.24771E-04   0.19554E-01   0.19432E-01   0.17330E+01
   0.12818E+04   0.26561E-04   0.20264E-01   0.20142E-01   0.17517E+01
   0.12818E+04   0.28480E-04   0.20994E-01   0.20871E-01   0.17716E+01
   0.12818E+04   0.30539E-04   0.21742E-01   0.21620E-01   0.17927E+01
   0.12818E+04   0.32745E-04   0.22510E-01   0.22387E-01   0.18152E+01
   0.12818E+04   0.35112E-04   0.23298E-01   0.23175E-01   0.18391E+01
   0.12818E+04   0.37649E-04   0.24221E-01   0.24098E-01   0.18641E+01
   0.12818E+04   0.40370E-04   0.25213E-01   0.25090E-01   0.18908E+01
   0.12818E+04   0.43288E-04   0.26240E-01   0.26117E-01   0.19196E+01
   0.12818E+04   0.46416E-04   0.27304E-01   0.27181E-01   0.19505E+01
   0.12818E+04   0.49770E-04   0.28405E-01   0.28282E-01   0.19836E+01
   0.12818E+04   0.53367E-04   0.29545E-01   0.29422E-01   0.20189E+01
   0.12818E+04   0.57224E-04   0.30730E-01   0.30608E-01   0.20565E+01
   0.12818E+04   0.61359E-04   0.32039E-01   0.31918E-01   0.20936E+01
   0.12818E+04   0.65793E-04   0.33400E-01   0.33279E-01   0.21338E+01
   0.12818E+04   0.70548E-04   0.34815E-01   0.34694E-01   0.21769E+01
   0.12818E+04   0.75646E-04   0.36285E-01   0.36164E-01   0.22232E+01
   0.12818E+04   0.81113E-04   0.37812E-01   0.37692E-01   0.22728E+01
   0.12818E+04   0.86975E-04   0.39399E-01   0.39280E-01   0.23257E+01
   0.12818E+04   0.93260E-04   0.41046E-01   0.40927E-01   0.23788E+01
   0.12818E+04   0.10000E-03   0.42753E-01   0.42635E-01   0.24290E+01
   0.12818E+04   0.10723E-03   0.44528E-01   0.44411E-01   0.24828E+01
   0.12818E+04   0.11498E-03   0.46373E-01   0.46257E-01   0.25404E+01
   0.12818E+04   0.12328E-03   0.48290E-01   0.48175E-01   0.26019E+01
   0.12818E+04   0.13219E-03   0.50283E-01   0.50168E-01   0.26672E+01
   0.12818E+04   0.14175E-03   0.52353E-01   0.52239E-01   0.27364E+01
   0.12818E+04   0.15199E-03   0.54389E-01   0.54276E-01   0.27957E+01
   0.12818E+04   0.16298E-03   0.56422E-01   0.56311E-01   0.28493E+01
   0.12818E+04   0.17475E-03   0.58526E-01   0.58416E-01   0.29062E+01
   0.12818E+04   0.18738E-03   0.60703E-01   0.60593E-01   0.29663E+01
   0.12818E+04   0.20092E-03   0.62954E-01   0.62846E-01   0.30297E+01
   0.12818E+04   0.21544E-03   0.65284E-01   0.65177E-01   0.30963E+01
   0.12818E+04   0.23101E-03   0.67693E-01   0.67587E-01   0.31663E+01
   0.12818E+04   0.24771E-03   0.69901E-01   0.69796E-01   0.32082E+01
   0.12818E+04   0.26561E-03   0.72126E-01   0.72023E-01   0.32478E+01
   0.12818E+04   0.28480E-03   0.74411E-01   0.74309E-01   0.32895E+01
   0.12818E+04   0.30539E-03   0.76756E-01   0.76656E-01   0.33334E+01
   0.12818E+04   0.32745E-03   0.79162E-01   0.79064E-01   0.33793E+01
   0.12818E+04   0.35112E-03   0.81631E-01   0.81534E-01   0.34274E+01
   0.12818E+04   0.37649E-03   0.84153E-01   0.84057E-01   0.34739E+01
   0.12818E+04   0.40370E-03   0.86676E-01   0.86582E-01   0.35009E+01
   0.12818E+04   0.43288E-03   0.89255E-01   0.89163E-01   0.35291E+01
   0.12818E+04   0.46416E-03   0.91892E-01   0.91801E-01   0.35586E+01
   0.12818E+04   0.49770E-03   0.94587E-01   0.94498E-01   0.35894E+01
   0.12818E+04   0.53367E-03   0.97340E-01   0.97252E-01   0.36215E+01
   0.12818E+04   0.57224E-03   0.10015E+00   0.10007E+00   0.36548E+01
   0.12818E+04   0.61359E-03   0.10311E+00   0.10302E+00   0.36814E+01
   0.12818E+04   0.65793E-03   0.10625E+00   0.10617E+00   0.36975E+01
   0.12818E+04   0.70548E-03   0.10946E+00   0.10938E+00   0.37145E+01
   0.12818E+04   0.75646E-03   0.11274E+00   0.11266E+00   0.37322E+01
   0.12818E+04   0.81113E-03   0.11609E+00   0.11601E+00   0.37507E+01
   0.12818E+04   0.86975E-03   0.11950E+00   0.11942E+00   0.37701E+01
   0.12818E+04   0.93260E-03   0.12298E+00   0.12291E+00   0.37902E+01
   0.12818E+04   0.10000E-02   0.12692E+00   0.12684E+00   0.38040E+01
   0.13212E+04   0.10000E-05   0.89177E-02   0.87704E-02   0.15163E+01
   0.13212E+04   0.10723E-05   0.89247E-02   0.87802E-02   0.15171E+01
   0.13212E+04   0.11498E-05   0.89309E-02   0.87888E-02   0.15180E+01
   0.13212E+04   0.12328E-05   0.89362E-02   0.87965E-02   0.15189E+01
   0.13212E+04   0.13219E-05   0.89408E-02   0.88031E-02   0.15198E+01
   0.13212E+04   0.14175E-05   0.89571E-02   0.88217E-02   0.15207E+01
   0.13212E+04   0.15199E-05   0.89737E-02   0.88404E-02   0.15216E+01
   0.13212E+04   0.16298E-05   0.89895E-02   0.88582E-02   0.15226E+01
   0.13212E+04   0.17475E-05   0.90043E-02   0.88748E-02   0.15235E+01
   0.13212E+04   0.18738E-05   0.90184E-02   0.88905E-02   0.15245E+01
   0.13212E+04   0.20092E-05   0.90315E-02   0.89052E-02   0.15256E+01
   0.13212E+04   0.21544E-05   0.90476E-02   0.89226E-02   0.15266E+01
   0.13212E+04   0.23101E-05   0.90806E-02   0.89572E-02   0.15277E+01
   0.13212E+04   0.24771E-05   0.91127E-02   0.89907E-02   0.15288E+01
   0.13212E+04   0.26561E-05   0.91437E-02   0.90230E-02   0.15300E+01
   0.13212E+04   0.28480E-05   0.91737E-02   0.90542E-02   0.15312E+01
   0.13212E+04   0.30539E-05   0.92028E-02   0.90843E-02   0.15324E+01
   0.13212E+04   0.32745E-05   0.92309E-02   0.91134E-02   0.15337E+01
   0.13212E+04   0.35112E-05   0.92729E-02   0.91563E-02   0.15350E+01
   0.13212E+04   0.37649E-05   0.93331E-02   0.92174E-02   0.15366E+01
   0.13212E+04   0.40370E-05   0.93921E-02   0.92772E-02   0.15382E+01
   0.13212E+04   0.43288E-05   0.94499E-02   0.93357E-02   0.15399E+01
   0.13212E+04   0.46416E-05   0.95066E-02   0.93930E-02   0.15416E+01
   0.13212E+04   0.49770E-05   0.95621E-02   0.94490E-02   0.15433E+01
   0.13212E+04   0.53367E-05   0.96164E-02   0.95038E-02   0.15450E+01
   0.13212E+04   0.57224E-05   0.98397E-02   0.97284E-02   0.15428E+01
   0.13212E+04   0.61359E-05   0.10140E-01   0.10030E-01   0.15393E+01
   0.13212E+04   0.65793E-05   0.10445E-01   0.10336E-01   0.15362E+01
   0.13212E+04   0.70548E-05   0.10754E-01   0.10647E-01   0.15336E+01
   0.13212E+04   0.75646E-05   0.11068E-01   0.10962E-01   0.15314E+01
   0.13212E+04   0.81113E-05   0.11385E-01   0.11281E-01   0.15294E+01
   0.13212E+04   0.86975E-05   0.11709E-01   0.11607E-01   0.15276E+01
   0.13212E+04   0.93260E-05   0.11958E-01   0.11855E-01   0.15310E+01
   0.13212E+04   0.10000E-04   0.12208E-01   0.12105E-01   0.15345E+01
   0.13212E+04   0.10723E-04   0.12460E-01   0.12357E-01   0.15382E+01
   0.13212E+04   0.11498E-04   0.12714E-01   0.12611E-01   0.15420E+01
   0.13212E+04   0.12328E-04   0.12970E-01   0.12867E-01   0.15459E+01
   0.13212E+04   0.13219E-04   0.13228E-01   0.13124E-01   0.15500E+01
   0.13212E+04   0.14175E-04   0.13513E-01   0.13409E-01   0.15548E+01
   0.13212E+04   0.15199E-04   0.13888E-01   0.13784E-01   0.15615E+01
   0.13212E+04   0.16298E-04   0.14268E-01   0.14164E-01   0.15686E+01
   0.13212E+04   0.17475E-04   0.14654E-01   0.14549E-01   0.15759E+01
   0.13212E+04   0.18738E-04   0.15045E-01   0.14940E-01   0.15836E+01
   0.13212E+04   0.20092E-04   0.15441E-01   0.15336E-01   0.15917E+01
   0.13212E+04   0.21544E-04   0.15843E-01   0.15737E-01   0.16002E+01
   0.13212E+04   0.23101E-04   0.16314E-01   0.16208E-01   0.16108E+01
   0.13212E+04   0.24771E-04   0.16862E-01   0.16755E-01   0.16238E+01
   0.13212E+04   0.26561E-04   0.17421E-01   0.17314E-01   0.16376E+01
   0.13212E+04   0.28480E-04   0.17991E-01   0.17884E-01   0.16521E+01
   0.13212E+04   0.30539E-04   0.18573E-01   0.18466E-01   0.16673E+01
   0.13212E+04   0.32745E-04   0.19167E-01   0.19059E-01   0.16835E+01
   0.13212E+04   0.35112E-04   0.19772E-01   0.19665E-01   0.17005E+01
   0.13212E+04   0.37649E-04   0.20533E-01   0.20425E-01   0.17202E+01
   0.13212E+04   0.40370E-04   0.21365E-01   0.21257E-01   0.17417E+01
   0.13212E+04   0.43288E-04   0.22224E-01   0.22117E-01   0.17646E+01
   0.13212E+04   0.46416E-04   0.23113E-01   0.23005E-01   0.17891E+01
   0.13212E+04   0.49770E-04   0.24031E-01   0.23923E-01   0.18151E+01
   0.13212E+04   0.53367E-04   0.24979E-01   0.24871E-01   0.18428E+01
   0.13212E+04   0.57224E-04   0.25969E-01   0.25861E-01   0.18724E+01
   0.13212E+04   0.61359E-04   0.27128E-01   0.27021E-01   0.19055E+01
   0.13212E+04   0.65793E-04   0.28335E-01   0.28228E-01   0.19411E+01
   0.13212E+04   0.70548E-04   0.29591E-01   0.29485E-01   0.19793E+01
   0.13212E+04   0.75646E-04   0.30898E-01   0.30792E-01   0.20201E+01
   0.13212E+04   0.81113E-04   0.32258E-01   0.32152E-01   0.20637E+01
   0.13212E+04   0.86975E-04   0.33672E-01   0.33567E-01   0.21102E+01
   0.13212E+04   0.93260E-04   0.35165E-01   0.35060E-01   0.21579E+01
   0.13212E+04   0.10000E-03   0.36761E-01   0.36657E-01   0.22053E+01
   0.13212E+04   0.10723E-03   0.38427E-01   0.38323E-01   0.22563E+01
   0.13212E+04   0.11498E-03   0.40164E-01   0.40061E-01   0.23109E+01
   0.13212E+04   0.12328E-03   0.41976E-01   0.41874E-01   0.23693E+01
   0.13212E+04   0.13219E-03   0.43866E-01   0.43764E-01   0.24315E+01
   0.13212E+04   0.14175E-03   0.45837E-01   0.45736E-01   0.24979E+01
   0.13212E+04   0.15199E-03   0.47815E-01   0.47714E-01   0.25564E+01
   0.13212E+04   0.16298E-03   0.49821E-01   0.49721E-01   0.26109E+01
   0.13212E+04   0.17475E-03   0.51907E-01   0.51807E-01   0.26692E+01
   0.13212E+04   0.18738E-03   0.54075E-01   0.53977E-01   0.27312E+01
   0.13212E+04   0.20092E-03   0.56330E-01   0.56232E-01   0.27971E+01
   0.13212E+04   0.21544E-03   0.58674E-01   0.58577E-01   0.28669E+01
   0.13212E+04   0.23101E-03   0.61109E-01   0.61014E-01   0.29406E+01
   0.13212E+04   0.24771E-03   0.63338E-01   0.63243E-01   0.29866E+01
   0.13212E+04   0.26561E-03   0.65592E-01   0.65499E-01   0.30309E+01
   0.13212E+04   0.28480E-03   0.67917E-01   0.67825E-01   0.30780E+01
   0.13212E+04   0.30539E-03   0.70314E-01   0.70223E-01   0.31279E+01
   0.13212E+04   0.32745E-03   0.72786E-01   0.72696E-01   0.31807E+01
   0.13212E+04   0.35112E-03   0.75333E-01   0.75244E-01   0.32362E+01
   0.13212E+04   0.37649E-03   0.77932E-01   0.77845E-01   0.32903E+01
   0.13212E+04   0.40370E-03   0.80452E-01   0.80365E-01   0.33215E+01
   0.13212E+04   0.43288E-03   0.83036E-01   0.82951E-01   0.33546E+01
   0.13212E+04   0.46416E-03   0.85688E-01   0.85604E-01   0.33894E+01
   0.13212E+04   0.49770E-03   0.88406E-01   0.88324E-01   0.34260E+01
   0.13212E+04   0.53367E-03   0.91193E-01   0.91112E-01   0.34644E+01
   0.13212E+04   0.57224E-03   0.94049E-01   0.93970E-01   0.35045E+01
   0.13212E+04   0.61359E-03   0.97004E-01   0.96926E-01   0.35361E+01
   0.13212E+04   0.65793E-03   0.10007E+00   0.99994E-01   0.35544E+01
   0.13212E+04   0.70548E-03   0.10321E+00   0.10313E+00   0.35738E+01
   0.13212E+04   0.75646E-03   0.10642E+00   0.10635E+00   0.35943E+01
   0.13212E+04   0.81113E-03   0.10970E+00   0.10963E+00   0.36157E+01
   0.13212E+04   0.86975E-03   0.11306E+00   0.11299E+00   0.36382E+01
   0.13212E+04   0.93260E-03   0.11649E+00   0.11642E+00   0.36617E+01
   0.13212E+04   0.10000E-02   0.12030E+00   0.12023E+00   0.36775E+01
   0.13606E+04   0.10000E-05   0.88018E-02   0.86524E-02   0.14711E+01
   0.13606E+04   0.10723E-05   0.88065E-02   0.86607E-02   0.14719E+01
   0.13606E+04   0.11498E-05   0.88103E-02   0.86678E-02   0.14727E+01
   0.13606E+04   0.12328E-05   0.88132E-02   0.86736E-02   0.14735E+01
   0.13606E+04   0.13219E-05   0.88151E-02   0.86783E-02   0.14744E+01
   0.13606E+04   0.14175E-05   0.88271E-02   0.86931E-02   0.14753E+01
   0.13606E+04   0.15199E-05   0.88392E-02   0.87078E-02   0.14762E+01
   0.13606E+04   0.16298E-05   0.88502E-02   0.87213E-02   0.14771E+01
   0.13606E+04   0.17475E-05   0.88603E-02   0.87337E-02   0.14781E+01
   0.13606E+04   0.18738E-05   0.88694E-02   0.87448E-02   0.14791E+01
   0.13606E+04   0.20092E-05   0.88775E-02   0.87549E-02   0.14801E+01
   0.13606E+04   0.21544E-05   0.88870E-02   0.87661E-02   0.14812E+01
   0.13606E+04   0.23101E-05   0.89062E-02   0.87870E-02   0.14823E+01
   0.13606E+04   0.24771E-05   0.89243E-02   0.88066E-02   0.14835E+01
   0.13606E+04   0.26561E-05   0.89413E-02   0.88250E-02   0.14846E+01
   0.13606E+04   0.28480E-05   0.89572E-02   0.88422E-02   0.14859E+01
   0.13606E+04   0.30539E-05   0.89720E-02   0.88582E-02   0.14871E+01
   0.13606E+04   0.32745E-05   0.89859E-02   0.88730E-02   0.14884E+01
   0.13606E+04   0.35112E-05   0.90097E-02   0.88979E-02   0.14898E+01
   0.13606E+04   0.37649E-05   0.90465E-02   0.89357E-02   0.14913E+01
   0.13606E+04   0.40370E-05   0.90821E-02   0.89722E-02   0.14929E+01
   0.13606E+04   0.43288E-05   0.91164E-02   0.90073E-02   0.14945E+01
   0.13606E+04   0.46416E-05   0.91495E-02   0.90411E-02   0.14961E+01
   0.13606E+04   0.49770E-05   0.91814E-02   0.90736E-02   0.14978E+01
   0.13606E+04   0.53367E-05   0.92120E-02   0.91048E-02   0.14996E+01
   0.13606E+04   0.57224E-05   0.94126E-02   0.93068E-02   0.14962E+01
   0.13606E+04   0.61359E-05   0.96894E-02   0.95855E-02   0.14914E+01
   0.13606E+04   0.65793E-05   0.99700E-02   0.98678E-02   0.14873E+01
   0.13606E+04   0.70548E-05   0.10254E-01   0.10154E-01   0.14837E+01
   0.13606E+04   0.75646E-05   0.10541E-01   0.10443E-01   0.14806E+01
   0.13606E+04   0.81113E-05   0.10832E-01   0.10735E-01   0.14779E+01
   0.13606E+04   0.86975E-05   0.11128E-01   0.11032E-01   0.14753E+01
   0.13606E+04   0.93260E-05   0.11324E-01   0.11228E-01   0.14778E+01
   0.13606E+04   0.10000E-04   0.11520E-01   0.11425E-01   0.14804E+01
   0.13606E+04   0.10723E-04   0.11718E-01   0.11622E-01   0.14831E+01
   0.13606E+04   0.11498E-04   0.11916E-01   0.11821E-01   0.14859E+01
   0.13606E+04   0.12328E-04   0.12115E-01   0.12021E-01   0.14888E+01
   0.13606E+04   0.13219E-04   0.12316E-01   0.12221E-01   0.14918E+01
   0.13606E+04   0.14175E-04   0.12539E-01   0.12445E-01   0.14954E+01
   0.13606E+04   0.15199E-04   0.12840E-01   0.12745E-01   0.15005E+01
   0.13606E+04   0.16298E-04   0.13143E-01   0.13048E-01   0.15057E+01
   0.13606E+04   0.17475E-04   0.13450E-01   0.13355E-01   0.15112E+01
   0.13606E+04   0.18738E-04   0.13760E-01   0.13665E-01   0.15169E+01
   0.13606E+04   0.20092E-04   0.14073E-01   0.13978E-01   0.15229E+01
   0.13606E+04   0.21544E-04   0.14389E-01   0.14294E-01   0.15291E+01
   0.13606E+04   0.23101E-04   0.14769E-01   0.14674E-01   0.15373E+01
   0.13606E+04   0.24771E-04   0.15217E-01   0.15122E-01   0.15476E+01
   0.13606E+04   0.26561E-04   0.15672E-01   0.15577E-01   0.15584E+01
   0.13606E+04   0.28480E-04   0.16135E-01   0.16040E-01   0.15697E+01
   0.13606E+04   0.30539E-04   0.16606E-01   0.16510E-01   0.15815E+01
   0.13606E+04   0.32745E-04   0.17084E-01   0.16988E-01   0.15939E+01
   0.13606E+04   0.35112E-04   0.17569E-01   0.17473E-01   0.16068E+01
   0.13606E+04   0.37649E-04   0.18203E-01   0.18108E-01   0.16226E+01
   0.13606E+04   0.40370E-04   0.18902E-01   0.18807E-01   0.16400E+01
   0.13606E+04   0.43288E-04   0.19623E-01   0.19527E-01   0.16583E+01
   0.13606E+04   0.46416E-04   0.20364E-01   0.20269E-01   0.16777E+01
   0.13606E+04   0.49770E-04   0.21128E-01   0.21033E-01   0.16981E+01
   0.13606E+04   0.53367E-04   0.21915E-01   0.21819E-01   0.17197E+01
   0.13606E+04   0.57224E-04   0.22737E-01   0.22642E-01   0.17429E+01
   0.13606E+04   0.61359E-04   0.23747E-01   0.23652E-01   0.17712E+01
   0.13606E+04   0.65793E-04   0.24796E-01   0.24702E-01   0.18013E+01
   0.13606E+04   0.70548E-04   0.25888E-01   0.25793E-01   0.18334E+01
   0.13606E+04   0.75646E-04   0.27022E-01   0.26928E-01   0.18676E+01
   0.13606E+04   0.81113E-04   0.28201E-01   0.28107E-01   0.19039E+01
   0.13606E+04   0.86975E-04   0.29426E-01   0.29333E-01   0.19426E+01
   0.13606E+04   0.93260E-04   0.30737E-01   0.30644E-01   0.19828E+01
   0.13606E+04   0.10000E-03   0.32177E-01   0.32084E-01   0.20244E+01
   0.13606E+04   0.10723E-03   0.33681E-01   0.33589E-01   0.20690E+01
   0.13606E+04   0.11498E-03   0.35252E-01   0.35160E-01   0.21168E+01
   0.13606E+04   0.12328E-03   0.36892E-01   0.36801E-01   0.21679E+01
   0.13606E+04   0.13219E-03   0.38605E-01   0.38513E-01   0.22225E+01
   0.13606E+04   0.14175E-03   0.40392E-01   0.40301E-01   0.22806E+01
   0.13606E+04   0.15199E-03   0.42226E-01   0.42136E-01   0.23334E+01
   0.13606E+04   0.16298E-03   0.44119E-01   0.44029E-01   0.23839E+01
   0.13606E+04   0.17475E-03   0.46092E-01   0.46003E-01   0.24380E+01
   0.13606E+04   0.18738E-03   0.48149E-01   0.48061E-01   0.24960E+01
   0.13606E+04   0.20092E-03   0.50294E-01   0.50206E-01   0.25578E+01
   0.13606E+04   0.21544E-03   0.52530E-01   0.52442E-01   0.26236E+01
   0.13606E+04   0.23101E-03   0.54860E-01   0.54774E-01   0.26934E+01
   0.13606E+04   0.24771E-03   0.57041E-01   0.56955E-01   0.27399E+01
   0.13606E+04   0.26561E-03   0.59263E-01   0.59178E-01   0.27855E+01
   0.13606E+04   0.28480E-03   0.61563E-01   0.61479E-01   0.28345E+01
   0.13606E+04   0.30539E-03   0.63944E-01   0.63861E-01   0.28866E+01
   0.13606E+04   0.32745E-03   0.66408E-01   0.66326E-01   0.29421E+01
   0.13606E+04   0.35112E-03   0.68958E-01   0.68877E-01   0.30008E+01
   0.13606E+04   0.37649E-03   0.71567E-01   0.71487E-01   0.30586E+01
   0.13606E+04   0.40370E-03   0.74090E-01   0.74011E-01   0.30944E+01
   0.13606E+04   0.43288E-03   0.76687E-01   0.76610E-01   0.31326E+01
   0.13606E+04   0.46416E-03   0.79362E-01   0.79286E-01   0.31731E+01
   0.13606E+04   0.49770E-03   0.82116E-01   0.82041E-01   0.32159E+01
   0.13606E+04   0.53367E-03   0.84951E-01   0.84876E-01   0.32609E+01
   0.13606E+04   0.57224E-03   0.87867E-01   0.87794E-01   0.33083E+01
   0.13606E+04   0.61359E-03   0.90854E-01   0.90781E-01   0.33462E+01
   0.13606E+04   0.65793E-03   0.93901E-01   0.93830E-01   0.33694E+01
   0.13606E+04   0.70548E-03   0.97029E-01   0.96959E-01   0.33940E+01
   0.13606E+04   0.75646E-03   0.10024E+00   0.10017E+00   0.34199E+01
   0.13606E+04   0.81113E-03   0.10353E+00   0.10346E+00   0.34473E+01
   0.13606E+04   0.86975E-03   0.10691E+00   0.10684E+00   0.34760E+01
   0.13606E+04   0.93260E-03   0.11037E+00   0.11030E+00   0.35060E+01
   0.13606E+04   0.10000E-02   0.11412E+00   0.11406E+00   0.35265E+01
   0.14000E+04   0.10000E-05   0.88999E-02   0.87475E-02   0.14280E+01
   0.14000E+04   0.10723E-05   0.89154E-02   0.87677E-02   0.14282E+01
   0.14000E+04   0.11498E-05   0.89298E-02   0.87864E-02   0.14284E+01
   0.14000E+04   0.12328E-05   0.89432E-02   0.88039E-02   0.14287E+01
   0.14000E+04   0.13219E-05   0.89556E-02   0.88200E-02   0.14290E+01
   0.14000E+04   0.14175E-05   0.89783E-02   0.88464E-02   0.14294E+01
   0.14000E+04   0.15199E-05   0.90011E-02   0.88726E-02   0.14298E+01
   0.14000E+04   0.16298E-05   0.90228E-02   0.88975E-02   0.14303E+01
   0.14000E+04   0.17475E-05   0.90435E-02   0.89210E-02   0.14308E+01
   0.14000E+04   0.18738E-05   0.90632E-02   0.89434E-02   0.14314E+01
   0.14000E+04   0.20092E-05   0.90818E-02   0.89645E-02   0.14320E+01
   0.14000E+04   0.21544E-05   0.91002E-02   0.89851E-02   0.14326E+01
   0.14000E+04   0.23101E-05   0.91210E-02   0.90079E-02   0.14334E+01
   0.14000E+04   0.24771E-05   0.91406E-02   0.90293E-02   0.14343E+01
   0.14000E+04   0.26561E-05   0.91591E-02   0.90494E-02   0.14351E+01
   0.14000E+04   0.28480E-05   0.91765E-02   0.90683E-02   0.14360E+01
   0.14000E+04   0.30539E-05   0.91927E-02   0.90859E-02   0.14370E+01
   0.14000E+04   0.32745E-05   0.92080E-02   0.91023E-02   0.14380E+01
   0.14000E+04   0.35112E-05   0.92310E-02   0.91265E-02   0.14391E+01
   0.14000E+04   0.37649E-05   0.92643E-02   0.91608E-02   0.14404E+01
   0.14000E+04   0.40370E-05   0.92963E-02   0.91937E-02   0.14418E+01
   0.14000E+04   0.43288E-05   0.93271E-02   0.92254E-02   0.14431E+01
   0.14000E+04   0.46416E-05   0.93567E-02   0.92557E-02   0.14446E+01
   0.14000E+04   0.49770E-05   0.93851E-02   0.92847E-02   0.14461E+01
   0.14000E+04   0.53367E-05   0.94123E-02   0.93124E-02   0.14477E+01
   0.14000E+04   0.57224E-05   0.95781E-02   0.94794E-02   0.14454E+01
   0.14000E+04   0.61359E-05   0.98054E-02   0.97082E-02   0.14419E+01
   0.14000E+04   0.65793E-05   0.10035E-01   0.99391E-02   0.14390E+01
   0.14000E+04   0.70548E-05   0.10266E-01   0.10172E-01   0.14364E+01
   0.14000E+04   0.75646E-05   0.10500E-01   0.10407E-01   0.14342E+01
   0.14000E+04   0.81113E-05   0.10735E-01   0.10643E-01   0.14323E+01
   0.14000E+04   0.86975E-05   0.10974E-01   0.10883E-01   0.14306E+01
   0.14000E+04   0.93260E-05   0.11137E-01   0.11047E-01   0.14329E+01
   0.14000E+04   0.10000E-04   0.11301E-01   0.11211E-01   0.14354E+01
   0.14000E+04   0.10723E-04   0.11466E-01   0.11376E-01   0.14379E+01
   0.14000E+04   0.11498E-04   0.11631E-01   0.11541E-01   0.14406E+01
   0.14000E+04   0.12328E-04   0.11796E-01   0.11707E-01   0.14434E+01
   0.14000E+04   0.13219E-04   0.11963E-01   0.11874E-01   0.14464E+01
   0.14000E+04   0.14175E-04   0.12147E-01   0.12059E-01   0.14497E+01
   0.14000E+04   0.15199E-04   0.12396E-01   0.12307E-01   0.14540E+01
   0.14000E+04   0.16298E-04   0.12646E-01   0.12558E-01   0.14586E+01
   0.14000E+04   0.17475E-04   0.12899E-01   0.12810E-01   0.14633E+01
   0.14000E+04   0.18738E-04   0.13153E-01   0.13065E-01   0.14682E+01
   0.14000E+04   0.20092E-04   0.13410E-01   0.13322E-01   0.14733E+01
   0.14000E+04   0.21544E-04   0.13668E-01   0.13580E-01   0.14787E+01
   0.14000E+04   0.23101E-04   0.13984E-01   0.13896E-01   0.14856E+01
   0.14000E+04   0.24771E-04   0.14360E-01   0.14272E-01   0.14942E+01
   0.14000E+04   0.26561E-04   0.14741E-01   0.14654E-01   0.15031E+01
   0.14000E+04   0.28480E-04   0.15128E-01   0.15041E-01   0.15123E+01
   0.14000E+04   0.30539E-04   0.15521E-01   0.15433E-01   0.15219E+01
   0.14000E+04   0.32745E-04   0.15919E-01   0.15831E-01   0.15319E+01
   0.14000E+04   0.35112E-04   0.16322E-01   0.16235E-01   0.15423E+01
   0.14000E+04   0.37649E-04   0.16852E-01   0.16765E-01   0.15548E+01
   0.14000E+04   0.40370E-04   0.17434E-01   0.17347E-01   0.15683E+01
   0.14000E+04   0.43288E-04   0.18031E-01   0.17945E-01   0.15825E+01
   0.14000E+04   0.46416E-04   0.18644E-01   0.18558E-01   0.15974E+01
   0.14000E+04   0.49770E-04   0.19273E-01   0.19186E-01   0.16130E+01
   0.14000E+04   0.53367E-04   0.19917E-01   0.19831E-01   0.16293E+01
   0.14000E+04   0.57224E-04   0.20591E-01   0.20506E-01   0.16468E+01
   0.14000E+04   0.61359E-04   0.21454E-01   0.21368E-01   0.16694E+01
   0.14000E+04   0.65793E-04   0.22348E-01   0.22263E-01   0.16934E+01
   0.14000E+04   0.70548E-04   0.23275E-01   0.23190E-01   0.17188E+01
   0.14000E+04   0.75646E-04   0.24235E-01   0.24150E-01   0.17456E+01
   0.14000E+04   0.81113E-04   0.25230E-01   0.25146E-01   0.17739E+01
   0.14000E+04   0.86975E-04   0.26260E-01   0.26177E-01   0.18039E+01
   0.14000E+04   0.93260E-04   0.27378E-01   0.27294E-01   0.18357E+01
   0.14000E+04   0.10000E-03   0.28640E-01   0.28556E-01   0.18697E+01
   0.14000E+04   0.10723E-03   0.29956E-01   0.29873E-01   0.19061E+01
   0.14000E+04   0.11498E-03   0.31328E-01   0.31246E-01   0.19451E+01
   0.14000E+04   0.12328E-03   0.32759E-01   0.32677E-01   0.19866E+01
   0.14000E+04   0.13219E-03   0.34252E-01   0.34170E-01   0.20308E+01
   0.14000E+04   0.14175E-03   0.35807E-01   0.35726E-01   0.20780E+01
   0.14000E+04   0.15199E-03   0.37448E-01   0.37367E-01   0.21225E+01
   0.14000E+04   0.16298E-03   0.39172E-01   0.39091E-01   0.21665E+01
   0.14000E+04   0.17475E-03   0.40972E-01   0.40892E-01   0.22138E+01
   0.14000E+04   0.18738E-03   0.42850E-01   0.42771E-01   0.22644E+01
   0.14000E+04   0.20092E-03   0.44810E-01   0.44731E-01   0.23184E+01
   0.14000E+04   0.21544E-03   0.46856E-01   0.46777E-01   0.23761E+01
   0.14000E+04   0.23101E-03   0.48990E-01   0.48912E-01   0.24374E+01
   0.14000E+04   0.24771E-03   0.51072E-01   0.50995E-01   0.24825E+01
   0.14000E+04   0.26561E-03   0.53215E-01   0.53139E-01   0.25279E+01
   0.14000E+04   0.28480E-03   0.55441E-01   0.55365E-01   0.25766E+01
   0.14000E+04   0.30539E-03   0.57752E-01   0.57677E-01   0.26286E+01
   0.14000E+04   0.32745E-03   0.60152E-01   0.60078E-01   0.26841E+01
   0.14000E+04   0.35112E-03   0.62645E-01   0.62571E-01   0.27431E+01
   0.14000E+04   0.37649E-03   0.65209E-01   0.65136E-01   0.28019E+01
   0.14000E+04   0.40370E-03   0.67732E-01   0.67660E-01   0.28425E+01
   0.14000E+04   0.43288E-03   0.70343E-01   0.70272E-01   0.28859E+01
   0.14000E+04   0.46416E-03   0.73043E-01   0.72973E-01   0.29320E+01
   0.14000E+04   0.49770E-03   0.75834E-01   0.75765E-01   0.29809E+01
   0.14000E+04   0.53367E-03   0.78720E-01   0.78652E-01   0.30327E+01
   0.14000E+04   0.57224E-03   0.81703E-01   0.81636E-01   0.30871E+01
   0.14000E+04   0.61359E-03   0.84741E-01   0.84674E-01   0.31320E+01
   0.14000E+04   0.65793E-03   0.87809E-01   0.87743E-01   0.31614E+01
   0.14000E+04   0.70548E-03   0.90969E-01   0.90905E-01   0.31927E+01
   0.14000E+04   0.75646E-03   0.94225E-01   0.94161E-01   0.32258E+01
   0.14000E+04   0.81113E-03   0.97577E-01   0.97514E-01   0.32608E+01
   0.14000E+04   0.86975E-03   0.10103E+00   0.10097E+00   0.32975E+01
   0.14000E+04   0.93260E-03   0.10458E+00   0.10452E+00   0.33360E+01
   0.14000E+04   0.10000E-02   0.10834E+00   0.10828E+00   0.33629E+01
   0.14394E+04   0.10000E-05   0.89696E-02   0.88063E-02   0.13875E+01
   0.14394E+04   0.10723E-05   0.89961E-02   0.88388E-02   0.13871E+01
   0.14394E+04   0.11498E-05   0.90215E-02   0.88698E-02   0.13868E+01
   0.14394E+04   0.12328E-05   0.90458E-02   0.88993E-02   0.13866E+01
   0.14394E+04   0.13219E-05   0.90690E-02   0.89273E-02   0.13863E+01
   0.14394E+04   0.14175E-05   0.91032E-02   0.89661E-02   0.13864E+01
   0.14394E+04   0.15199E-05   0.91375E-02   0.90047E-02   0.13865E+01
   0.14394E+04   0.16298E-05   0.91706E-02   0.90419E-02   0.13866E+01
   0.14394E+04   0.17475E-05   0.92026E-02   0.90776E-02   0.13867E+01
   0.14394E+04   0.18738E-05   0.92335E-02   0.91119E-02   0.13869E+01
   0.14394E+04   0.20092E-05   0.92633E-02   0.91449E-02   0.13871E+01
   0.14394E+04   0.21544E-05   0.92915E-02   0.91761E-02   0.13874E+01
   0.14394E+04   0.23101E-05   0.93158E-02   0.92031E-02   0.13880E+01
   0.14394E+04   0.24771E-05   0.93389E-02   0.92285E-02   0.13886E+01
   0.14394E+04   0.26561E-05   0.93608E-02   0.92526E-02   0.13892E+01
   0.14394E+04   0.28480E-05   0.93814E-02   0.92752E-02   0.13899E+01
   0.14394E+04   0.30539E-05   0.94009E-02   0.92964E-02   0.13906E+01
   0.14394E+04   0.32745E-05   0.94191E-02   0.93163E-02   0.13914E+01
   0.14394E+04   0.35112E-05   0.94432E-02   0.93419E-02   0.13923E+01
   0.14394E+04   0.37649E-05   0.94751E-02   0.93751E-02   0.13935E+01
   0.14394E+04   0.40370E-05   0.95056E-02   0.94069E-02   0.13947E+01
   0.14394E+04   0.43288E-05   0.95348E-02   0.94372E-02   0.13960E+01
   0.14394E+04   0.46416E-05   0.95627E-02   0.94660E-02   0.13973E+01
   0.14394E+04   0.49770E-05   0.95892E-02   0.94934E-02   0.13988E+01
   0.14394E+04   0.53367E-05   0.96145E-02   0.95195E-02   0.14003E+01
   0.14394E+04   0.57224E-05   0.97479E-02   0.96540E-02   0.13989E+01
   0.14394E+04   0.61359E-05   0.99287E-02   0.98360E-02   0.13967E+01
   0.14394E+04   0.65793E-05   0.10110E-01   0.10019E-01   0.13949E+01
   0.14394E+04   0.70548E-05   0.10293E-01   0.10202E-01   0.13934E+01
   0.14394E+04   0.75646E-05   0.10476E-01   0.10386E-01   0.13921E+01
   0.14394E+04   0.81113E-05   0.10659E-01   0.10571E-01   0.13911E+01
   0.14394E+04   0.86975E-05   0.10845E-01   0.10758E-01   0.13903E+01
   0.14394E+04   0.93260E-05   0.10980E-01   0.10894E-01   0.13927E+01
   0.14394E+04   0.10000E-04   0.11116E-01   0.11030E-01   0.13951E+01
   0.14394E+04   0.10723E-04   0.11251E-01   0.11166E-01   0.13977E+01
   0.14394E+04   0.11498E-04   0.11387E-01   0.11302E-01   0.14005E+01
   0.14394E+04   0.12328E-04   0.11523E-01   0.11438E-01   0.14034E+01
   0.14394E+04   0.13219E-04   0.11658E-01   0.11574E-01   0.14064E+01
   0.14394E+04   0.14175E-04   0.11809E-01   0.11725E-01   0.14098E+01
   0.14394E+04   0.15199E-04   0.12012E-01   0.11928E-01   0.14138E+01
   0.14394E+04   0.16298E-04   0.12215E-01   0.12132E-01   0.14179E+01
   0.14394E+04   0.17475E-04   0.12420E-01   0.12338E-01   0.14222E+01
   0.14394E+04   0.18738E-04   0.12626E-01   0.12544E-01   0.14268E+01
   0.14394E+04   0.20092E-04   0.12834E-01   0.12751E-01   0.14315E+01
   0.14394E+04   0.21544E-04   0.13042E-01   0.12960E-01   0.14365E+01
   0.14394E+04   0.23101E-04   0.13301E-01   0.13219E-01   0.14427E+01
   0.14394E+04   0.24771E-04   0.13615E-01   0.13533E-01   0.14501E+01
   0.14394E+04   0.26561E-04   0.13932E-01   0.13851E-01   0.14578E+01
   0.14394E+04   0.28480E-04   0.14254E-01   0.14173E-01   0.14657E+01
   0.14394E+04   0.30539E-04   0.14579E-01   0.14499E-01   0.14740E+01
   0.14394E+04   0.32745E-04   0.14908E-01   0.14828E-01   0.14826E+01
   0.14394E+04   0.35112E-04   0.15241E-01   0.15161E-01   0.14915E+01
   0.14394E+04   0.37649E-04   0.15681E-01   0.15602E-01   0.15017E+01
   0.14394E+04   0.40370E-04   0.16165E-01   0.16086E-01   0.15127E+01
   0.14394E+04   0.43288E-04   0.16659E-01   0.16580E-01   0.15240E+01
   0.14394E+04   0.46416E-04   0.17164E-01   0.17085E-01   0.15359E+01
   0.14394E+04   0.49770E-04   0.17679E-01   0.17601E-01   0.15482E+01
   0.14394E+04   0.53367E-04   0.18205E-01   0.18127E-01   0.15610E+01
   0.14394E+04   0.57224E-04   0.18756E-01   0.18679E-01   0.15747E+01
   0.14394E+04   0.61359E-04   0.19497E-01   0.19420E-01   0.15935E+01
   0.14394E+04   0.65793E-04   0.20263E-01   0.20186E-01   0.16131E+01
   0.14394E+04   0.70548E-04   0.21054E-01   0.20977E-01   0.16338E+01
   0.14394E+04   0.75646E-04   0.21871E-01   0.21795E-01   0.16554E+01
   0.14394E+04   0.81113E-04   0.22715E-01   0.22639E-01   0.16782E+01
   0.14394E+04   0.86975E-04   0.23586E-01   0.23510E-01   0.17021E+01
   0.14394E+04   0.93260E-04   0.24545E-01   0.24470E-01   0.17279E+01
   0.14394E+04   0.10000E-03   0.25659E-01   0.25584E-01   0.17566E+01
   0.14394E+04   0.10723E-03   0.26819E-01   0.26744E-01   0.17871E+01
   0.14394E+04   0.11498E-03   0.28027E-01   0.27953E-01   0.18196E+01
   0.14394E+04   0.12328E-03   0.29286E-01   0.29211E-01   0.18541E+01
   0.14394E+04   0.13219E-03   0.30596E-01   0.30522E-01   0.18908E+01
   0.14394E+04   0.14175E-03   0.31960E-01   0.31886E-01   0.19298E+01
   0.14394E+04   0.15199E-03   0.33437E-01   0.33364E-01   0.19683E+01
   0.14394E+04   0.16298E-03   0.35017E-01   0.34944E-01   0.20075E+01
   0.14394E+04   0.17475E-03   0.36668E-01   0.36595E-01   0.20495E+01
   0.14394E+04   0.18738E-03   0.38392E-01   0.38320E-01   0.20945E+01
   0.14394E+04   0.20092E-03   0.40193E-01   0.40122E-01   0.21426E+01
   0.14394E+04   0.21544E-03   0.42074E-01   0.42003E-01   0.21940E+01
   0.14394E+04   0.23101E-03   0.44039E-01   0.43968E-01   0.22486E+01
   0.14394E+04   0.24771E-03   0.46030E-01   0.45960E-01   0.22923E+01
   0.14394E+04   0.26561E-03   0.48096E-01   0.48026E-01   0.23370E+01
   0.14394E+04   0.28480E-03   0.50248E-01   0.50179E-01   0.23850E+01
   0.14394E+04   0.30539E-03   0.52491E-01   0.52422E-01   0.24364E+01
   0.14394E+04   0.32745E-03   0.54826E-01   0.54759E-01   0.24914E+01
   0.14394E+04   0.35112E-03   0.57259E-01   0.57192E-01   0.25500E+01
   0.14394E+04   0.37649E-03   0.59775E-01   0.59708E-01   0.26090E+01
   0.14394E+04   0.40370E-03   0.62289E-01   0.62223E-01   0.26522E+01
   0.14394E+04   0.43288E-03   0.64901E-01   0.64835E-01   0.26986E+01
   0.14394E+04   0.46416E-03   0.67612E-01   0.67548E-01   0.27482E+01
   0.14394E+04   0.49770E-03   0.70427E-01   0.70363E-01   0.28011E+01
   0.14394E+04   0.53367E-03   0.73348E-01   0.73285E-01   0.28572E+01
   0.14394E+04   0.57224E-03   0.76380E-01   0.76318E-01   0.29166E+01
   0.14394E+04   0.61359E-03   0.79455E-01   0.79393E-01   0.29660E+01
   0.14394E+04   0.65793E-03   0.82536E-01   0.82475E-01   0.29990E+01
   0.14394E+04   0.70548E-03   0.85720E-01   0.85660E-01   0.30344E+01
   0.14394E+04   0.75646E-03   0.89012E-01   0.88953E-01   0.30723E+01
   0.14394E+04   0.81113E-03   0.92413E-01   0.92354E-01   0.31125E+01
   0.14394E+04   0.86975E-03   0.95926E-01   0.95868E-01   0.31551E+01
   0.14394E+04   0.93260E-03   0.99554E-01   0.99497E-01   0.32000E+01
   0.14394E+04   0.10000E-02   0.10332E+00   0.10326E+00   0.32312E+01
   0.14788E+04   0.10000E-05   0.90561E-02   0.88765E-02   0.13554E+01
   0.14788E+04   0.10723E-05   0.90905E-02   0.89184E-02   0.13544E+01
   0.14788E+04   0.11498E-05   0.91237E-02   0.89584E-02   0.13535E+01
   0.14788E+04   0.12328E-05   0.91557E-02   0.89968E-02   0.13527E+01
   0.14788E+04   0.13219E-05   0.91864E-02   0.90334E-02   0.13519E+01
   0.14788E+04   0.14175E-05   0.92296E-02   0.90824E-02   0.13514E+01
   0.14788E+04   0.15199E-05   0.92728E-02   0.91311E-02   0.13511E+01
   0.14788E+04   0.16298E-05   0.93148E-02   0.91781E-02   0.13508E+01
   0.14788E+04   0.17475E-05   0.93555E-02   0.92235E-02   0.13505E+01
   0.14788E+04   0.18738E-05   0.93950E-02   0.92673E-02   0.13503E+01
   0.14788E+04   0.20092E-05   0.94333E-02   0.93096E-02   0.13502E+01
   0.14788E+04   0.21544E-05   0.94693E-02   0.93493E-02   0.13501E+01
   0.14788E+04   0.23101E-05   0.94982E-02   0.93817E-02   0.13504E+01
   0.14788E+04   0.24771E-05   0.95258E-02   0.94124E-02   0.13508E+01
   0.14788E+04   0.26561E-05   0.95519E-02   0.94413E-02   0.13512E+01
   0.14788E+04   0.28480E-05   0.95766E-02   0.94687E-02   0.13517E+01
   0.14788E+04   0.30539E-05   0.96000E-02   0.94945E-02   0.13523E+01
   0.14788E+04   0.32745E-05   0.96220E-02   0.95187E-02   0.13529E+01
   0.14788E+04   0.35112E-05   0.96489E-02   0.95476E-02   0.13538E+01
   0.14788E+04   0.37649E-05   0.96821E-02   0.95827E-02   0.13549E+01
   0.14788E+04   0.40370E-05   0.97139E-02   0.96162E-02   0.13560E+01
   0.14788E+04   0.43288E-05   0.97441E-02   0.96480E-02   0.13573E+01
   0.14788E+04   0.46416E-05   0.97729E-02   0.96781E-02   0.13587E+01
   0.14788E+04   0.49770E-05   0.98002E-02   0.97067E-02   0.13601E+01
   0.14788E+04   0.53367E-05   0.98261E-02   0.97338E-02   0.13617E+01
   0.14788E+04   0.57224E-05   0.99344E-02   0.98433E-02   0.13611E+01
   0.14788E+04   0.61359E-05   0.10078E-01   0.99885E-02   0.13599E+01
   0.14788E+04   0.65793E-05   0.10222E-01   0.10134E-01   0.13590E+01
   0.14788E+04   0.70548E-05   0.10366E-01   0.10278E-01   0.13584E+01
   0.14788E+04   0.75646E-05   0.10509E-01   0.10423E-01   0.13580E+01
   0.14788E+04   0.81113E-05   0.10653E-01   0.10567E-01   0.13579E+01
   0.14788E+04   0.86975E-05   0.10797E-01   0.10713E-01   0.13579E+01
   0.14788E+04   0.93260E-05   0.10910E-01   0.10826E-01   0.13604E+01
   0.14788E+04   0.10000E-04   0.11022E-01   0.10939E-01   0.13630E+01
   0.14788E+04   0.10723E-04   0.11134E-01   0.11052E-01   0.13658E+01
   0.14788E+04   0.11498E-04   0.11245E-01   0.11164E-01   0.13688E+01
   0.14788E+04   0.12328E-04   0.11356E-01   0.11276E-01   0.13720E+01
   0.14788E+04   0.13219E-04   0.11467E-01   0.11387E-01   0.13754E+01
   0.14788E+04   0.14175E-04   0.11591E-01   0.11511E-01   0.13789E+01
   0.14788E+04   0.15199E-04   0.11761E-01   0.11682E-01   0.13827E+01
   0.14788E+04   0.16298E-04   0.11931E-01   0.11853E-01   0.13866E+01
   0.14788E+04   0.17475E-04   0.12102E-01   0.12024E-01   0.13908E+01
   0.14788E+04   0.18738E-04   0.12274E-01   0.12196E-01   0.13952E+01
   0.14788E+04   0.20092E-04   0.12446E-01   0.12369E-01   0.13999E+01
   0.14788E+04   0.21544E-04   0.12618E-01   0.12542E-01   0.14048E+01
   0.14788E+04   0.23101E-04   0.12836E-01   0.12760E-01   0.14108E+01
   0.14788E+04   0.24771E-04   0.13101E-01   0.13026E-01   0.14176E+01
   0.14788E+04   0.26561E-04   0.13369E-01   0.13294E-01   0.14247E+01
   0.14788E+04   0.28480E-04   0.13640E-01   0.13565E-01   0.14322E+01
   0.14788E+04   0.30539E-04   0.13913E-01   0.13839E-01   0.14399E+01
   0.14788E+04   0.32745E-04   0.14188E-01   0.14115E-01   0.14479E+01
   0.14788E+04   0.35112E-04   0.14467E-01   0.14394E-01   0.14562E+01
   0.14788E+04   0.37649E-04   0.14836E-01   0.14764E-01   0.14652E+01
   0.14788E+04   0.40370E-04   0.15240E-01   0.15168E-01   0.14746E+01
   0.14788E+04   0.43288E-04   0.15651E-01   0.15580E-01   0.14843E+01
   0.14788E+04   0.46416E-04   0.16070E-01   0.15998E-01   0.14944E+01
   0.14788E+04   0.49770E-04   0.16495E-01   0.16424E-01   0.15048E+01
   0.14788E+04   0.53367E-04   0.16927E-01   0.16856E-01   0.15156E+01
   0.14788E+04   0.57224E-04   0.17380E-01   0.17310E-01   0.15272E+01
   0.14788E+04   0.61359E-04   0.18023E-01   0.17953E-01   0.15433E+01
   0.14788E+04   0.65793E-04   0.18685E-01   0.18615E-01   0.15600E+01
   0.14788E+04   0.70548E-04   0.19366E-01   0.19297E-01   0.15775E+01
   0.14788E+04   0.75646E-04   0.20068E-01   0.19999E-01   0.15958E+01
   0.14788E+04   0.81113E-04   0.20789E-01   0.20721E-01   0.16148E+01
   0.14788E+04   0.86975E-04   0.21532E-01   0.21464E-01   0.16347E+01
   0.14788E+04   0.93260E-04   0.22362E-01   0.22294E-01   0.16564E+01
   0.14788E+04   0.10000E-03   0.23352E-01   0.23285E-01   0.16811E+01
   0.14788E+04   0.10723E-03   0.24382E-01   0.24314E-01   0.17072E+01
   0.14788E+04   0.11498E-03   0.25452E-01   0.25385E-01   0.17350E+01
   0.14788E+04   0.12328E-03   0.26564E-01   0.26497E-01   0.17643E+01
   0.14788E+04   0.13219E-03   0.27721E-01   0.27654E-01   0.17954E+01
   0.14788E+04   0.14175E-03   0.28922E-01   0.28856E-01   0.18284E+01
   0.14788E+04   0.15199E-03   0.30256E-01   0.30190E-01   0.18621E+01
   0.14788E+04   0.16298E-03   0.31705E-01   0.31639E-01   0.18974E+01
   0.14788E+04   0.17475E-03   0.33220E-01   0.33154E-01   0.19351E+01
   0.14788E+04   0.18738E-03   0.34802E-01   0.34737E-01   0.19755E+01
   0.14788E+04   0.20092E-03   0.36455E-01   0.36390E-01   0.20186E+01
   0.14788E+04   0.21544E-03   0.38182E-01   0.38118E-01   0.20646E+01
   0.14788E+04   0.23101E-03   0.39986E-01   0.39922E-01   0.21135E+01
   0.14788E+04   0.24771E-03   0.41879E-01   0.41815E-01   0.21552E+01
   0.14788E+04   0.26561E-03   0.43857E-01   0.43794E-01   0.21985E+01
   0.14788E+04   0.28480E-03   0.45923E-01   0.45860E-01   0.22450E+01
   0.14788E+04   0.30539E-03   0.48080E-01   0.48018E-01   0.22948E+01
   0.14788E+04   0.32745E-03   0.50333E-01   0.50271E-01   0.23482E+01
   0.14788E+04   0.35112E-03   0.52684E-01   0.52623E-01   0.24052E+01
   0.14788E+04   0.37649E-03   0.55128E-01   0.55067E-01   0.24629E+01
   0.14788E+04   0.40370E-03   0.57610E-01   0.57550E-01   0.25067E+01
   0.14788E+04   0.43288E-03   0.60197E-01   0.60137E-01   0.25540E+01
   0.14788E+04   0.46416E-03   0.62892E-01   0.62833E-01   0.26048E+01
   0.14788E+04   0.49770E-03   0.65699E-01   0.65640E-01   0.26593E+01
   0.14788E+04   0.53367E-03   0.68622E-01   0.68564E-01   0.27173E+01
   0.14788E+04   0.57224E-03   0.71666E-01   0.71608E-01   0.27791E+01
   0.14788E+04   0.61359E-03   0.74751E-01   0.74694E-01   0.28305E+01
   0.14788E+04   0.65793E-03   0.77831E-01   0.77775E-01   0.28649E+01
   0.14788E+04   0.70548E-03   0.81026E-01   0.80970E-01   0.29024E+01
   0.14788E+04   0.75646E-03   0.84337E-01   0.84282E-01   0.29428E+01
   0.14788E+04   0.81113E-03   0.87769E-01   0.87714E-01   0.29863E+01
   0.14788E+04   0.86975E-03   0.91325E-01   0.91271E-01   0.30326E+01
   0.14788E+04   0.93260E-03   0.95010E-01   0.94956E-01   0.30819E+01
   0.14788E+04   0.10000E-02   0.98778E-01   0.98725E-01   0.31161E+01
   0.15182E+04   0.10000E-05   0.93606E-02   0.91630E-02   0.13594E+01
   0.15182E+04   0.10723E-05   0.93833E-02   0.91945E-02   0.13570E+01
   0.15182E+04   0.11498E-05   0.94043E-02   0.92236E-02   0.13547E+01
   0.15182E+04   0.12328E-05   0.94236E-02   0.92504E-02   0.13525E+01
   0.15182E+04   0.13219E-05   0.94413E-02   0.92750E-02   0.13502E+01
   0.15182E+04   0.14175E-05   0.94765E-02   0.93170E-02   0.13488E+01
   0.15182E+04   0.15199E-05   0.95118E-02   0.93588E-02   0.13475E+01
   0.15182E+04   0.16298E-05   0.95455E-02   0.93984E-02   0.13462E+01
   0.15182E+04   0.17475E-05   0.95775E-02   0.94359E-02   0.13450E+01
   0.15182E+04   0.18738E-05   0.96078E-02   0.94714E-02   0.13438E+01
   0.15182E+04   0.20092E-05   0.96366E-02   0.95048E-02   0.13428E+01
   0.15182E+04   0.21544E-05   0.96647E-02   0.95374E-02   0.13419E+01
   0.15182E+04   0.23101E-05   0.96961E-02   0.95730E-02   0.13418E+01
   0.15182E+04   0.24771E-05   0.97258E-02   0.96066E-02   0.13417E+01
   0.15182E+04   0.26561E-05   0.97538E-02   0.96382E-02   0.13417E+01
   0.15182E+04   0.28480E-05   0.97802E-02   0.96679E-02   0.13418E+01
   0.15182E+04   0.30539E-05   0.98051E-02   0.96958E-02   0.13420E+01
   0.15182E+04   0.32745E-05   0.98284E-02   0.97220E-02   0.13422E+01
   0.15182E+04   0.35112E-05   0.98595E-02   0.97557E-02   0.13429E+01
   0.15182E+04   0.37649E-05   0.99010E-02   0.97997E-02   0.13440E+01
   0.15182E+04   0.40370E-05   0.99410E-02   0.98419E-02   0.13453E+01
   0.15182E+04   0.43288E-05   0.99794E-02   0.98824E-02   0.13466E+01
   0.15182E+04   0.46416E-05   0.10016E-01   0.99213E-02   0.13481E+01
   0.15182E+04   0.49770E-05   0.10052E-01   0.99585E-02   0.13496E+01
   0.15182E+04   0.53367E-05   0.10086E-01   0.99941E-02   0.13514E+01
   0.15182E+04   0.57224E-05   0.10199E-01   0.10109E-01   0.13509E+01
   0.15182E+04   0.61359E-05   0.10347E-01   0.10259E-01   0.13497E+01
   0.15182E+04   0.65793E-05   0.10496E-01   0.10409E-01   0.13489E+01
   0.15182E+04   0.70548E-05   0.10644E-01   0.10559E-01   0.13483E+01
   0.15182E+04   0.75646E-05   0.10792E-01   0.10708E-01   0.13481E+01
   0.15182E+04   0.81113E-05   0.10940E-01   0.10858E-01   0.13481E+01
   0.15182E+04   0.86975E-05   0.11090E-01   0.11009E-01   0.13484E+01
   0.15182E+04   0.93260E-05   0.11192E-01   0.11112E-01   0.13509E+01
   0.15182E+04   0.10000E-04   0.11293E-01   0.11215E-01   0.13536E+01
   0.15182E+04   0.10723E-04   0.11394E-01   0.11316E-01   0.13565E+01
   0.15182E+04   0.11498E-04   0.11493E-01   0.11416E-01   0.13597E+01
   0.15182E+04   0.12328E-04   0.11592E-01   0.11516E-01   0.13632E+01
   0.15182E+04   0.13219E-04   0.11689E-01   0.11614E-01   0.13669E+01
   0.15182E+04   0.14175E-04   0.11806E-01   0.11732E-01   0.13706E+01
   0.15182E+04   0.15199E-04   0.11991E-01   0.11918E-01   0.13735E+01
   0.15182E+04   0.16298E-04   0.12177E-01   0.12105E-01   0.13768E+01
   0.15182E+04   0.17475E-04   0.12364E-01   0.12292E-01   0.13804E+01
   0.15182E+04   0.18738E-04   0.12551E-01   0.12480E-01   0.13843E+01
   0.15182E+04   0.20092E-04   0.12739E-01   0.12669E-01   0.13885E+01
   0.15182E+04   0.21544E-04   0.12928E-01   0.12859E-01   0.13932E+01
   0.15182E+04   0.23101E-04   0.13149E-01   0.13080E-01   0.13990E+01
   0.15182E+04   0.24771E-04   0.13404E-01   0.13336E-01   0.14061E+01
   0.15182E+04   0.26561E-04   0.13662E-01   0.13594E-01   0.14135E+01
   0.15182E+04   0.28480E-04   0.13921E-01   0.13854E-01   0.14212E+01
   0.15182E+04   0.30539E-04   0.14183E-01   0.14116E-01   0.14292E+01
   0.15182E+04   0.32745E-04   0.14446E-01   0.14381E-01   0.14376E+01
   0.15182E+04   0.35112E-04   0.14712E-01   0.14647E-01   0.14464E+01
   0.15182E+04   0.37649E-04   0.15045E-01   0.14981E-01   0.14552E+01
   0.15182E+04   0.40370E-04   0.15404E-01   0.15340E-01   0.14642E+01
   0.15182E+04   0.43288E-04   0.15768E-01   0.15704E-01   0.14735E+01
   0.15182E+04   0.46416E-04   0.16137E-01   0.16073E-01   0.14831E+01
   0.15182E+04   0.49770E-04   0.16510E-01   0.16447E-01   0.14930E+01
   0.15182E+04   0.53367E-04   0.16889E-01   0.16826E-01   0.15033E+01
   0.15182E+04   0.57224E-04   0.17286E-01   0.17223E-01   0.15142E+01
   0.15182E+04   0.61359E-04   0.17858E-01   0.17795E-01   0.15285E+01
   0.15182E+04   0.65793E-04   0.18445E-01   0.18382E-01   0.15432E+01
   0.15182E+04   0.70548E-04   0.19046E-01   0.18984E-01   0.15586E+01
   0.15182E+04   0.75646E-04   0.19663E-01   0.19601E-01   0.15745E+01
   0.15182E+04   0.81113E-04   0.20296E-01   0.20234E-01   0.15910E+01
   0.15182E+04   0.86975E-04   0.20944E-01   0.20882E-01   0.16082E+01
   0.15182E+04   0.93260E-04   0.21673E-01   0.21612E-01   0.16266E+01
   0.15182E+04   0.10000E-03   0.22554E-01   0.22492E-01   0.16469E+01
   0.15182E+04   0.10723E-03   0.23465E-01   0.23404E-01   0.16685E+01
   0.15182E+04   0.11498E-03   0.24410E-01   0.24349E-01   0.16912E+01
   0.15182E+04   0.12328E-03   0.25387E-01   0.25327E-01   0.17152E+01
   0.15182E+04   0.13219E-03   0.26400E-01   0.26339E-01   0.17405E+01
   0.15182E+04   0.14175E-03   0.27447E-01   0.27387E-01   0.17673E+01
   0.15182E+04   0.15199E-03   0.28632E-01   0.28572E-01   0.17950E+01
   0.15182E+04   0.16298E-03   0.29932E-01   0.29872E-01   0.18244E+01
   0.15182E+04   0.17475E-03   0.31286E-01   0.31226E-01   0.18557E+01
   0.15182E+04   0.18738E-03   0.32697E-01   0.32638E-01   0.18892E+01
   0.15182E+04   0.20092E-03   0.34167E-01   0.34108E-01   0.19249E+01
   0.15182E+04   0.21544E-03   0.35698E-01   0.35639E-01   0.19629E+01
   0.15182E+04   0.23101E-03   0.37293E-01   0.37234E-01   0.20033E+01
   0.15182E+04   0.24771E-03   0.39027E-01   0.38969E-01   0.20394E+01
   0.15182E+04   0.26561E-03   0.40848E-01   0.40790E-01   0.20771E+01
   0.15182E+04   0.28480E-03   0.42749E-01   0.42691E-01   0.21177E+01
   0.15182E+04   0.30539E-03   0.44732E-01   0.44675E-01   0.21613E+01
   0.15182E+04   0.32745E-03   0.46801E-01   0.46744E-01   0.22079E+01
   0.15182E+04   0.35112E-03   0.48960E-01   0.48903E-01   0.22578E+01
   0.15182E+04   0.37649E-03   0.51214E-01   0.51158E-01   0.23086E+01
   0.15182E+04   0.40370E-03   0.53579E-01   0.53523E-01   0.23496E+01
   0.15182E+04   0.43288E-03   0.56046E-01   0.55991E-01   0.23939E+01
   0.15182E+04   0.46416E-03   0.58620E-01   0.58565E-01   0.24416E+01
   0.15182E+04   0.49770E-03   0.61305E-01   0.61250E-01   0.24928E+01
   0.15182E+04   0.53367E-03   0.64104E-01   0.64050E-01   0.25476E+01
   0.15182E+04   0.57224E-03   0.67022E-01   0.66969E-01   0.26060E+01
   0.15182E+04   0.61359E-03   0.70010E-01   0.69957E-01   0.26555E+01
   0.15182E+04   0.65793E-03   0.73040E-01   0.72988E-01   0.26906E+01
   0.15182E+04   0.70548E-03   0.76191E-01   0.76139E-01   0.27290E+01
   0.15182E+04   0.75646E-03   0.79464E-01   0.79413E-01   0.27707E+01
   0.15182E+04   0.81113E-03   0.82867E-01   0.82816E-01   0.28157E+01
   0.15182E+04   0.86975E-03   0.86401E-01   0.86351E-01   0.28639E+01
   0.15182E+04   0.93260E-03   0.90072E-01   0.90022E-01   0.29154E+01
   0.15182E+04   0.10000E-02   0.93832E-01   0.93783E-01   0.29533E+01
   0.15576E+04   0.10000E-05   0.96357E-02   0.94152E-02   0.13653E+01
   0.15576E+04   0.10723E-05   0.96480E-02   0.94378E-02   0.13615E+01
   0.15576E+04   0.11498E-05   0.96581E-02   0.94574E-02   0.13577E+01
   0.15576E+04   0.12328E-05   0.96660E-02   0.94742E-02   0.13540E+01
   0.15576E+04   0.13219E-05   0.96718E-02   0.94882E-02   0.13504E+01
   0.15576E+04   0.14175E-05   0.97004E-02   0.95250E-02   0.13479E+01
   0.15576E+04   0.15199E-05   0.97292E-02   0.95615E-02   0.13456E+01
   0.15576E+04   0.16298E-05   0.97559E-02   0.95952E-02   0.13433E+01
   0.15576E+04   0.17475E-05   0.97805E-02   0.96263E-02   0.13412E+01
   0.15576E+04   0.18738E-05   0.98029E-02   0.96548E-02   0.13391E+01
   0.15576E+04   0.20092E-05   0.98233E-02   0.96808E-02   0.13371E+01
   0.15576E+04   0.21544E-05   0.98451E-02   0.97078E-02   0.13355E+01
   0.15576E+04   0.23101E-05   0.98808E-02   0.97487E-02   0.13349E+01
   0.15576E+04   0.24771E-05   0.99144E-02   0.97871E-02   0.13344E+01
   0.15576E+04   0.26561E-05   0.99461E-02   0.98232E-02   0.13341E+01
   0.15576E+04   0.28480E-05   0.99759E-02   0.98570E-02   0.13338E+01
   0.15576E+04   0.30539E-05   0.10004E-01   0.98887E-02   0.13337E+01
   0.15576E+04   0.32745E-05   0.10030E-01   0.99182E-02   0.13336E+01
   0.15576E+04   0.35112E-05   0.10067E-01   0.99584E-02   0.13342E+01
   0.15576E+04   0.37649E-05   0.10118E-01   0.10013E-01   0.13354E+01
   0.15576E+04   0.40370E-05   0.10168E-01   0.10065E-01   0.13367E+01
   0.15576E+04   0.43288E-05   0.10215E-01   0.10116E-01   0.13382E+01
   0.15576E+04   0.46416E-05   0.10262E-01   0.10164E-01   0.13399E+01
   0.15576E+04   0.49770E-05   0.10306E-01   0.10211E-01   0.13417E+01
   0.15576E+04   0.53367E-05   0.10349E-01   0.10256E-01   0.13437E+01
   0.15576E+04   0.57224E-05   0.10469E-01   0.10378E-01   0.13434E+01
   0.15576E+04   0.61359E-05   0.10622E-01   0.10533E-01   0.13424E+01
   0.15576E+04   0.65793E-05   0.10775E-01   0.10688E-01   0.13418E+01
   0.15576E+04   0.70548E-05   0.10928E-01   0.10843E-01   0.13415E+01
   0.15576E+04   0.75646E-05   0.11081E-01   0.10998E-01   0.13415E+01
   0.15576E+04   0.81113E-05   0.11234E-01   0.11152E-01   0.13418E+01
   0.15576E+04   0.86975E-05   0.11389E-01   0.11309E-01   0.13425E+01
   0.15576E+04   0.93260E-05   0.11480E-01   0.11402E-01   0.13452E+01
   0.15576E+04   0.10000E-04   0.11570E-01   0.11493E-01   0.13482E+01
   0.15576E+04   0.10723E-04   0.11659E-01   0.11583E-01   0.13515E+01
   0.15576E+04   0.11498E-04   0.11745E-01   0.11671E-01   0.13551E+01
   0.15576E+04   0.12328E-04   0.11831E-01   0.11757E-01   0.13591E+01
   0.15576E+04   0.13219E-04   0.11914E-01   0.11842E-01   0.13634E+01
   0.15576E+04   0.14175E-04   0.12024E-01   0.11953E-01   0.13675E+01
   0.15576E+04   0.15199E-04   0.12225E-01   0.12155E-01   0.13698E+01
   0.15576E+04   0.16298E-04   0.12428E-01   0.12359E-01   0.13726E+01
   0.15576E+04   0.17475E-04   0.12631E-01   0.12563E-01   0.13759E+01
   0.15576E+04   0.18738E-04   0.12835E-01   0.12769E-01   0.13795E+01
   0.15576E+04   0.20092E-04   0.13040E-01   0.12975E-01   0.13837E+01
   0.15576E+04   0.21544E-04   0.13246E-01   0.13182E-01   0.13884E+01
   0.15576E+04   0.23101E-04   0.13471E-01   0.13407E-01   0.13946E+01
   0.15576E+04   0.24771E-04   0.13716E-01   0.13653E-01   0.14022E+01
   0.15576E+04   0.26561E-04   0.13962E-01   0.13900E-01   0.14102E+01
   0.15576E+04   0.28480E-04   0.14210E-01   0.14149E-01   0.14185E+01
   0.15576E+04   0.30539E-04   0.14460E-01   0.14399E-01   0.14273E+01
   0.15576E+04   0.32745E-04   0.14711E-01   0.14651E-01   0.14366E+01
   0.15576E+04   0.35112E-04   0.14964E-01   0.14904E-01   0.14463E+01
   0.15576E+04   0.37649E-04   0.15263E-01   0.15204E-01   0.14553E+01
   0.15576E+04   0.40370E-04   0.15580E-01   0.15521E-01   0.14644E+01
   0.15576E+04   0.43288E-04   0.15899E-01   0.15841E-01   0.14737E+01
   0.15576E+04   0.46416E-04   0.16222E-01   0.16164E-01   0.14833E+01
   0.15576E+04   0.49770E-04   0.16548E-01   0.16490E-01   0.14933E+01
   0.15576E+04   0.53367E-04   0.16877E-01   0.16819E-01   0.15037E+01
   0.15576E+04   0.57224E-04   0.17223E-01   0.17165E-01   0.15146E+01
   0.15576E+04   0.61359E-04   0.17730E-01   0.17673E-01   0.15276E+01
   0.15576E+04   0.65793E-04   0.18248E-01   0.18191E-01   0.15410E+01
   0.15576E+04   0.70548E-04   0.18778E-01   0.18720E-01   0.15548E+01
   0.15576E+04   0.75646E-04   0.19318E-01   0.19261E-01   0.15692E+01
   0.15576E+04   0.81113E-04   0.19870E-01   0.19813E-01   0.15840E+01
   0.15576E+04   0.86975E-04   0.20433E-01   0.20377E-01   0.15994E+01
   0.15576E+04   0.93260E-04   0.21073E-01   0.21016E-01   0.16155E+01
   0.15576E+04   0.10000E-03   0.21856E-01   0.21799E-01   0.16326E+01
   0.15576E+04   0.10723E-03   0.22663E-01   0.22607E-01   0.16506E+01
   0.15576E+04   0.11498E-03   0.23496E-01   0.23440E-01   0.16696E+01
   0.15576E+04   0.12328E-03   0.24355E-01   0.24299E-01   0.16896E+01
   0.15576E+04   0.13219E-03   0.25241E-01   0.25185E-01   0.17107E+01
   0.15576E+04   0.14175E-03   0.26154E-01   0.26099E-01   0.17330E+01
   0.15576E+04   0.15199E-03   0.27209E-01   0.27154E-01   0.17565E+01
   0.15576E+04   0.16298E-03   0.28378E-01   0.28323E-01   0.17815E+01
   0.15576E+04   0.17475E-03   0.29593E-01   0.29538E-01   0.18082E+01
   0.15576E+04   0.18738E-03   0.30855E-01   0.30801E-01   0.18367E+01
   0.15576E+04   0.20092E-03   0.32166E-01   0.32112E-01   0.18671E+01
   0.15576E+04   0.21544E-03   0.33528E-01   0.33474E-01   0.18994E+01
   0.15576E+04   0.23101E-03   0.34942E-01   0.34888E-01   0.19337E+01
   0.15576E+04   0.24771E-03   0.36539E-01   0.36485E-01   0.19658E+01
   0.15576E+04   0.26561E-03   0.38223E-01   0.38170E-01   0.19997E+01
   0.15576E+04   0.28480E-03   0.39980E-01   0.39927E-01   0.20361E+01
   0.15576E+04   0.30539E-03   0.41812E-01   0.41759E-01   0.20752E+01
   0.15576E+04   0.32745E-03   0.43721E-01   0.43669E-01   0.21170E+01
   0.15576E+04   0.35112E-03   0.45712E-01   0.45660E-01   0.21618E+01
   0.15576E+04   0.37649E-03   0.47801E-01   0.47749E-01   0.22078E+01
   0.15576E+04   0.40370E-03   0.50062E-01   0.50011E-01   0.22466E+01
   0.15576E+04   0.43288E-03   0.52424E-01   0.52373E-01   0.22886E+01
   0.15576E+04   0.46416E-03   0.54890E-01   0.54840E-01   0.23340E+01
   0.15576E+04   0.49770E-03   0.57466E-01   0.57416E-01   0.23827E+01
   0.15576E+04   0.53367E-03   0.60155E-01   0.60105E-01   0.24349E+01
   0.15576E+04   0.57224E-03   0.62962E-01   0.62912E-01   0.24907E+01
   0.15576E+04   0.61359E-03   0.65863E-01   0.65814E-01   0.25385E+01
   0.15576E+04   0.65793E-03   0.68848E-01   0.68800E-01   0.25733E+01
   0.15576E+04   0.70548E-03   0.71958E-01   0.71910E-01   0.26117E+01
   0.15576E+04   0.75646E-03   0.75199E-01   0.75151E-01   0.26536E+01
   0.15576E+04   0.81113E-03   0.78574E-01   0.78527E-01   0.26991E+01
   0.15576E+04   0.86975E-03   0.82089E-01   0.82042E-01   0.27482E+01
   0.15576E+04   0.93260E-03   0.85749E-01   0.85702E-01   0.28008E+01
   0.15576E+04   0.10000E-02   0.89503E-01   0.89457E-01   0.28409E+01
   0.15970E+04   0.10000E-05   0.98779E-02   0.96299E-02   0.13731E+01
   0.15970E+04   0.10723E-05   0.98814E-02   0.96455E-02   0.13677E+01
   0.15970E+04   0.11498E-05   0.98822E-02   0.96574E-02   0.13625E+01
   0.15970E+04   0.12328E-05   0.98802E-02   0.96659E-02   0.13573E+01
   0.15970E+04   0.13219E-05   0.98756E-02   0.96709E-02   0.13523E+01
   0.15970E+04   0.14175E-05   0.98992E-02   0.97041E-02   0.13487E+01
   0.15970E+04   0.15199E-05   0.99232E-02   0.97371E-02   0.13454E+01
   0.15970E+04   0.16298E-05   0.99445E-02   0.97667E-02   0.13422E+01
   0.15970E+04   0.17475E-05   0.99631E-02   0.97930E-02   0.13391E+01
   0.15970E+04   0.18738E-05   0.99790E-02   0.98162E-02   0.13362E+01
   0.15970E+04   0.20092E-05   0.99925E-02   0.98363E-02   0.13333E+01
   0.15970E+04   0.21544E-05   0.10009E-01   0.98593E-02   0.13308E+01
   0.15970E+04   0.23101E-05   0.10051E-01   0.99073E-02   0.13299E+01
   0.15970E+04   0.24771E-05   0.10091E-01   0.99525E-02   0.13291E+01
   0.15970E+04   0.26561E-05   0.10128E-01   0.99949E-02   0.13284E+01
   0.15970E+04   0.28480E-05   0.10163E-01   0.10035E-01   0.13278E+01
   0.15970E+04   0.30539E-05   0.10195E-01   0.10072E-01   0.13274E+01
   0.15970E+04   0.32745E-05   0.10225E-01   0.10106E-01   0.13271E+01
   0.15970E+04   0.35112E-05   0.10269E-01   0.10154E-01   0.13276E+01
   0.15970E+04   0.37649E-05   0.10332E-01   0.10220E-01   0.13290E+01
   0.15970E+04   0.40370E-05   0.10392E-01   0.10284E-01   0.13306E+01
   0.15970E+04   0.43288E-05   0.10451E-01   0.10346E-01   0.13323E+01
   0.15970E+04   0.46416E-05   0.10507E-01   0.10406E-01   0.13342E+01
   0.15970E+04   0.49770E-05   0.10562E-01   0.10463E-01   0.13363E+01
   0.15970E+04   0.53367E-05   0.10615E-01   0.10519E-01   0.13387E+01
   0.15970E+04   0.57224E-05   0.10741E-01   0.10648E-01   0.13387E+01
   0.15970E+04   0.61359E-05   0.10899E-01   0.10808E-01   0.13381E+01
   0.15970E+04   0.65793E-05   0.11057E-01   0.10969E-01   0.13378E+01
   0.15970E+04   0.70548E-05   0.11215E-01   0.11129E-01   0.13379E+01
   0.15970E+04   0.75646E-05   0.11373E-01   0.11289E-01   0.13384E+01
   0.15970E+04   0.81113E-05   0.11531E-01   0.11449E-01   0.13392E+01
   0.15970E+04   0.86975E-05   0.11692E-01   0.11611E-01   0.13404E+01
   0.15970E+04   0.93260E-05   0.11772E-01   0.11694E-01   0.13436E+01
   0.15970E+04   0.10000E-04   0.11851E-01   0.11774E-01   0.13471E+01
   0.15970E+04   0.10723E-04   0.11927E-01   0.11852E-01   0.13511E+01
   0.15970E+04   0.11498E-04   0.12000E-01   0.11927E-01   0.13554E+01
   0.15970E+04   0.12328E-04   0.12072E-01   0.12000E-01   0.13603E+01
   0.15970E+04   0.13219E-04   0.12141E-01   0.12071E-01   0.13655E+01
   0.15970E+04   0.14175E-04   0.12243E-01   0.12174E-01   0.13703E+01
   0.15970E+04   0.15199E-04   0.12462E-01   0.12395E-01   0.13721E+01
   0.15970E+04   0.16298E-04   0.12682E-01   0.12616E-01   0.13746E+01
   0.15970E+04   0.17475E-04   0.12904E-01   0.12839E-01   0.13777E+01
   0.15970E+04   0.18738E-04   0.13126E-01   0.13062E-01   0.13815E+01
   0.15970E+04   0.20092E-04   0.13349E-01   0.13286E-01   0.13859E+01
   0.15970E+04   0.21544E-04   0.13572E-01   0.13510E-01   0.13911E+01
   0.15970E+04   0.23101E-04   0.13801E-01   0.13740E-01   0.13980E+01
   0.15970E+04   0.24771E-04   0.14035E-01   0.13976E-01   0.14065E+01
   0.15970E+04   0.26561E-04   0.14271E-01   0.14212E-01   0.14155E+01
   0.15970E+04   0.28480E-04   0.14507E-01   0.14449E-01   0.14250E+01
   0.15970E+04   0.30539E-04   0.14745E-01   0.14688E-01   0.14350E+01
   0.15970E+04   0.32745E-04   0.14983E-01   0.14927E-01   0.14455E+01
   0.15970E+04   0.35112E-04   0.15223E-01   0.15167E-01   0.14567E+01
   0.15970E+04   0.37649E-04   0.15489E-01   0.15434E-01   0.14664E+01
   0.15970E+04   0.40370E-04   0.15766E-01   0.15711E-01   0.14759E+01
   0.15970E+04   0.43288E-04   0.16045E-01   0.15990E-01   0.14857E+01
   0.15970E+04   0.46416E-04   0.16325E-01   0.16270E-01   0.14960E+01
   0.15970E+04   0.49770E-04   0.16606E-01   0.16552E-01   0.15066E+01
   0.15970E+04   0.53367E-04   0.16889E-01   0.16835E-01   0.15176E+01
   0.15970E+04   0.57224E-04   0.17186E-01   0.17133E-01   0.15291E+01
   0.15970E+04   0.61359E-04   0.17634E-01   0.17581E-01   0.15413E+01
   0.15970E+04   0.65793E-04   0.18090E-01   0.18037E-01   0.15538E+01
   0.15970E+04   0.70548E-04   0.18553E-01   0.18500E-01   0.15668E+01
   0.15970E+04   0.75646E-04   0.19024E-01   0.18972E-01   0.15803E+01
   0.15970E+04   0.81113E-04   0.19503E-01   0.19451E-01   0.15943E+01
   0.15970E+04   0.86975E-04   0.19990E-01   0.19938E-01   0.16087E+01
   0.15970E+04   0.93260E-04   0.20548E-01   0.20496E-01   0.16234E+01
   0.15970E+04   0.10000E-03   0.21244E-01   0.21192E-01   0.16380E+01
   0.15970E+04   0.10723E-03   0.21959E-01   0.21907E-01   0.16535E+01
   0.15970E+04   0.11498E-03   0.22692E-01   0.22641E-01   0.16698E+01
   0.15970E+04   0.12328E-03   0.23446E-01   0.23395E-01   0.16870E+01
   0.15970E+04   0.13219E-03   0.24220E-01   0.24169E-01   0.17052E+01
   0.15970E+04   0.14175E-03   0.25015E-01   0.24964E-01   0.17244E+01
   0.15970E+04   0.15199E-03   0.25956E-01   0.25905E-01   0.17449E+01
   0.15970E+04   0.16298E-03   0.27011E-01   0.26960E-01   0.17669E+01
   0.15970E+04   0.17475E-03   0.28104E-01   0.28053E-01   0.17905E+01
   0.15970E+04   0.18738E-03   0.29236E-01   0.29186E-01   0.18156E+01
   0.15970E+04   0.20092E-03   0.30409E-01   0.30359E-01   0.18424E+01
   0.15970E+04   0.21544E-03   0.31623E-01   0.31573E-01   0.18710E+01
   0.15970E+04   0.23101E-03   0.32880E-01   0.32830E-01   0.19014E+01
   0.15970E+04   0.24771E-03   0.34357E-01   0.34308E-01   0.19309E+01
   0.15970E+04   0.26561E-03   0.35923E-01   0.35873E-01   0.19623E+01
   0.15970E+04   0.28480E-03   0.37554E-01   0.37505E-01   0.19961E+01
   0.15970E+04   0.30539E-03   0.39253E-01   0.39205E-01   0.20323E+01
   0.15970E+04   0.32745E-03   0.41024E-01   0.40975E-01   0.20712E+01
   0.15970E+04   0.35112E-03   0.42868E-01   0.42819E-01   0.21127E+01
   0.15970E+04   0.37649E-03   0.44812E-01   0.44764E-01   0.21556E+01
   0.15970E+04   0.40370E-03   0.46981E-01   0.46933E-01   0.21930E+01
   0.15970E+04   0.43288E-03   0.49249E-01   0.49202E-01   0.22336E+01
   0.15970E+04   0.46416E-03   0.51621E-01   0.51573E-01   0.22774E+01
   0.15970E+04   0.49770E-03   0.54100E-01   0.54053E-01   0.23246E+01
   0.15970E+04   0.53367E-03   0.56691E-01   0.56644E-01   0.23752E+01
   0.15970E+04   0.57224E-03   0.59398E-01   0.59352E-01   0.24293E+01
   0.15970E+04   0.61359E-03   0.62223E-01   0.62177E-01   0.24758E+01
   0.15970E+04   0.65793E-03   0.65167E-01   0.65122E-01   0.25097E+01
   0.15970E+04   0.70548E-03   0.68242E-01   0.68197E-01   0.25474E+01
   0.15970E+04   0.75646E-03   0.71453E-01   0.71408E-01   0.25889E+01
   0.15970E+04   0.81113E-03   0.74805E-01   0.74760E-01   0.26343E+01
   0.15970E+04   0.86975E-03   0.78304E-01   0.78260E-01   0.26836E+01
   0.15970E+04   0.93260E-03   0.81955E-01   0.81911E-01   0.27367E+01
   0.15970E+04   0.10000E-02   0.85707E-01   0.85664E-01   0.27777E+01
   0.16364E+04   0.10000E-05   0.11887E-01   0.11700E-01   0.13764E+01
   0.16364E+04   0.10723E-05   0.11878E-01   0.11699E-01   0.13710E+01
   0.16364E+04   0.11498E-05   0.11867E-01   0.11695E-01   0.13657E+01
   0.16364E+04   0.12328E-05   0.11853E-01   0.11688E-01   0.13605E+01
   0.16364E+04   0.13219E-05   0.11836E-01   0.11678E-01   0.13554E+01
   0.16364E+04   0.14175E-05   0.11851E-01   0.11700E-01   0.13519E+01
   0.16364E+04   0.15199E-05   0.11868E-01   0.11723E-01   0.13486E+01
   0.16364E+04   0.16298E-05   0.11882E-01   0.11742E-01   0.13454E+01
   0.16364E+04   0.17475E-05   0.11893E-01   0.11759E-01   0.13424E+01
   0.16364E+04   0.18738E-05   0.11902E-01   0.11773E-01   0.13395E+01
   0.16364E+04   0.20092E-05   0.11908E-01   0.11784E-01   0.13367E+01
   0.16364E+04   0.21544E-05   0.11918E-01   0.11799E-01   0.13344E+01
   0.16364E+04   0.23101E-05   0.11956E-01   0.11841E-01   0.13337E+01
   0.16364E+04   0.24771E-05   0.11991E-01   0.11881E-01   0.13330E+01
   0.16364E+04   0.26561E-05   0.12024E-01   0.11918E-01   0.13326E+01
   0.16364E+04   0.28480E-05   0.12055E-01   0.11952E-01   0.13323E+01
   0.16364E+04   0.30539E-05   0.12083E-01   0.11984E-01   0.13321E+01
   0.16364E+04   0.32745E-05   0.12110E-01   0.12014E-01   0.13321E+01
   0.16364E+04   0.35112E-05   0.12152E-01   0.12060E-01   0.13329E+01
   0.16364E+04   0.37649E-05   0.12218E-01   0.12128E-01   0.13346E+01
   0.16364E+04   0.40370E-05   0.12281E-01   0.12194E-01   0.13364E+01
   0.16364E+04   0.43288E-05   0.12342E-01   0.12258E-01   0.13385E+01
   0.16364E+04   0.46416E-05   0.12401E-01   0.12320E-01   0.13408E+01
   0.16364E+04   0.49770E-05   0.12458E-01   0.12379E-01   0.13434E+01
   0.16364E+04   0.53367E-05   0.12514E-01   0.12437E-01   0.13462E+01
   0.16364E+04   0.57224E-05   0.12639E-01   0.12565E-01   0.13471E+01
   0.16364E+04   0.61359E-05   0.12795E-01   0.12723E-01   0.13475E+01
   0.16364E+04   0.65793E-05   0.12951E-01   0.12880E-01   0.13483E+01
   0.16364E+04   0.70548E-05   0.13106E-01   0.13037E-01   0.13495E+01
   0.16364E+04   0.75646E-05   0.13260E-01   0.13193E-01   0.13511E+01
   0.16364E+04   0.81113E-05   0.13414E-01   0.13349E-01   0.13531E+01
   0.16364E+04   0.86975E-05   0.13571E-01   0.13507E-01   0.13555E+01
   0.16364E+04   0.93260E-05   0.13637E-01   0.13575E-01   0.13590E+01
   0.16364E+04   0.10000E-04   0.13700E-01   0.13640E-01   0.13629E+01
   0.16364E+04   0.10723E-04   0.13761E-01   0.13702E-01   0.13673E+01
   0.16364E+04   0.11498E-04   0.13819E-01   0.13761E-01   0.13722E+01
   0.16364E+04   0.12328E-04   0.13874E-01   0.13817E-01   0.13777E+01
   0.16364E+04   0.13219E-04   0.13926E-01   0.13871E-01   0.13838E+01
   0.16364E+04   0.14175E-04   0.13980E-01   0.13926E-01   0.13893E+01
   0.16364E+04   0.15199E-04   0.14045E-01   0.13990E-01   0.13914E+01
   0.16364E+04   0.16298E-04   0.14105E-01   0.14049E-01   0.13943E+01
   0.16364E+04   0.17475E-04   0.14160E-01   0.14104E-01   0.13980E+01
   0.16364E+04   0.18738E-04   0.14210E-01   0.14153E-01   0.14025E+01
   0.16364E+04   0.20092E-04   0.14255E-01   0.14197E-01   0.14079E+01
   0.16364E+04   0.21544E-04   0.14294E-01   0.14236E-01   0.14141E+01
   0.16364E+04   0.23101E-04   0.14420E-01   0.14362E-01   0.14221E+01
   0.16364E+04   0.24771E-04   0.14640E-01   0.14583E-01   0.14316E+01
   0.16364E+04   0.26561E-04   0.14860E-01   0.14804E-01   0.14418E+01
   0.16364E+04   0.28480E-04   0.15080E-01   0.15025E-01   0.14526E+01
   0.16364E+04   0.30539E-04   0.15300E-01   0.15246E-01   0.14640E+01
   0.16364E+04   0.32745E-04   0.15520E-01   0.15467E-01   0.14761E+01
   0.16364E+04   0.35112E-04   0.15741E-01   0.15688E-01   0.14889E+01
   0.16364E+04   0.37649E-04   0.15987E-01   0.15934E-01   0.14998E+01
   0.16364E+04   0.40370E-04   0.16242E-01   0.16190E-01   0.15102E+01
   0.16364E+04   0.43288E-04   0.16497E-01   0.16446E-01   0.15211E+01
   0.16364E+04   0.46416E-04   0.16754E-01   0.16703E-01   0.15325E+01
   0.16364E+04   0.49770E-04   0.17011E-01   0.16960E-01   0.15443E+01
   0.16364E+04   0.53367E-04   0.17269E-01   0.17218E-01   0.15566E+01
   0.16364E+04   0.57224E-04   0.17540E-01   0.17489E-01   0.15694E+01
   0.16364E+04   0.61359E-04   0.17959E-01   0.17909E-01   0.15815E+01
   0.16364E+04   0.65793E-04   0.18385E-01   0.18335E-01   0.15940E+01
   0.16364E+04   0.70548E-04   0.18817E-01   0.18767E-01   0.16070E+01
   0.16364E+04   0.75646E-04   0.19254E-01   0.19205E-01   0.16204E+01
   0.16364E+04   0.81113E-04   0.19698E-01   0.19649E-01   0.16344E+01
   0.16364E+04   0.86975E-04   0.20148E-01   0.20100E-01   0.16490E+01
   0.16364E+04   0.93260E-04   0.20666E-01   0.20618E-01   0.16632E+01
   0.16364E+04   0.10000E-03   0.21315E-01   0.21267E-01   0.16764E+01
   0.16364E+04   0.10723E-03   0.21980E-01   0.21932E-01   0.16904E+01
   0.16364E+04   0.11498E-03   0.22661E-01   0.22614E-01   0.17053E+01
   0.16364E+04   0.12328E-03   0.23359E-01   0.23311E-01   0.17210E+01
   0.16364E+04   0.13219E-03   0.24073E-01   0.24026E-01   0.17377E+01
   0.16364E+04   0.14175E-03   0.24804E-01   0.24757E-01   0.17554E+01
   0.16364E+04   0.15199E-03   0.25681E-01   0.25633E-01   0.17742E+01
   0.16364E+04   0.16298E-03   0.26670E-01   0.26623E-01   0.17945E+01
   0.16364E+04   0.17475E-03   0.27692E-01   0.27645E-01   0.18162E+01
   0.16364E+04   0.18738E-03   0.28747E-01   0.28701E-01   0.18394E+01
   0.16364E+04   0.20092E-03   0.29837E-01   0.29791E-01   0.18642E+01
   0.16364E+04   0.21544E-03   0.30963E-01   0.30917E-01   0.18906E+01
   0.16364E+04   0.23101E-03   0.32126E-01   0.32080E-01   0.19187E+01
   0.16364E+04   0.24771E-03   0.33521E-01   0.33476E-01   0.19460E+01
   0.16364E+04   0.26561E-03   0.35002E-01   0.34957E-01   0.19751E+01
   0.16364E+04   0.28480E-03   0.36542E-01   0.36497E-01   0.20063E+01
   0.16364E+04   0.30539E-03   0.38144E-01   0.38099E-01   0.20399E+01
   0.16364E+04   0.32745E-03   0.39810E-01   0.39765E-01   0.20758E+01
   0.16364E+04   0.35112E-03   0.41542E-01   0.41497E-01   0.21143E+01
   0.16364E+04   0.37649E-03   0.43369E-01   0.43325E-01   0.21540E+01
   0.16364E+04   0.40370E-03   0.45433E-01   0.45389E-01   0.21886E+01
   0.16364E+04   0.43288E-03   0.47590E-01   0.47546E-01   0.22261E+01
   0.16364E+04   0.46416E-03   0.49842E-01   0.49799E-01   0.22667E+01
   0.16364E+04   0.49770E-03   0.52195E-01   0.52151E-01   0.23104E+01
   0.16364E+04   0.53367E-03   0.54652E-01   0.54609E-01   0.23575E+01
   0.16364E+04   0.57224E-03   0.57217E-01   0.57174E-01   0.24078E+01
   0.16364E+04   0.61359E-03   0.59919E-01   0.59877E-01   0.24508E+01
   0.16364E+04   0.65793E-03   0.62779E-01   0.62736E-01   0.24821E+01
   0.16364E+04   0.70548E-03   0.65767E-01   0.65724E-01   0.25171E+01
   0.16364E+04   0.75646E-03   0.68889E-01   0.68846E-01   0.25561E+01
   0.16364E+04   0.81113E-03   0.72150E-01   0.72108E-01   0.25990E+01
   0.16364E+04   0.86975E-03   0.75556E-01   0.75515E-01   0.26458E+01
   0.16364E+04   0.93260E-03   0.79113E-01   0.79072E-01   0.26967E+01
   0.16364E+04   0.10000E-02   0.82809E-01   0.82768E-01   0.27363E+01
   0.16758E+04   0.10000E-05   0.15943E-01   0.15849E-01   0.13742E+01
   0.16758E+04   0.10723E-05   0.15926E-01   0.15834E-01   0.13705E+01
   0.16758E+04   0.11498E-05   0.15907E-01   0.15817E-01   0.13669E+01
   0.16758E+04   0.12328E-05   0.15887E-01   0.15799E-01   0.13634E+01
   0.16758E+04   0.13219E-05   0.15865E-01   0.15780E-01   0.13600E+01
   0.16758E+04   0.14175E-05   0.15874E-01   0.15791E-01   0.13578E+01
   0.16758E+04   0.15199E-05   0.15885E-01   0.15804E-01   0.13558E+01
   0.16758E+04   0.16298E-05   0.15894E-01   0.15816E-01   0.13539E+01
   0.16758E+04   0.17475E-05   0.15902E-01   0.15825E-01   0.13522E+01
   0.16758E+04   0.18738E-05   0.15908E-01   0.15833E-01   0.13506E+01
   0.16758E+04   0.20092E-05   0.15913E-01   0.15840E-01   0.13491E+01
   0.16758E+04   0.21544E-05   0.15918E-01   0.15847E-01   0.13480E+01
   0.16758E+04   0.23101E-05   0.15936E-01   0.15867E-01   0.13482E+01
   0.16758E+04   0.24771E-05   0.15951E-01   0.15884E-01   0.13484E+01
   0.16758E+04   0.26561E-05   0.15965E-01   0.15900E-01   0.13489E+01
   0.16758E+04   0.28480E-05   0.15978E-01   0.15914E-01   0.13495E+01
   0.16758E+04   0.30539E-05   0.15989E-01   0.15926E-01   0.13503E+01
   0.16758E+04   0.32745E-05   0.15998E-01   0.15937E-01   0.13514E+01
   0.16758E+04   0.35112E-05   0.16027E-01   0.15967E-01   0.13529E+01
   0.16758E+04   0.37649E-05   0.16080E-01   0.16022E-01   0.13550E+01
   0.16758E+04   0.40370E-05   0.16133E-01   0.16076E-01   0.13574E+01
   0.16758E+04   0.43288E-05   0.16184E-01   0.16128E-01   0.13600E+01
   0.16758E+04   0.46416E-05   0.16233E-01   0.16179E-01   0.13629E+01
   0.16758E+04   0.49770E-05   0.16281E-01   0.16228E-01   0.13661E+01
   0.16758E+04   0.53367E-05   0.16328E-01   0.16276E-01   0.13695E+01
   0.16758E+04   0.57224E-05   0.16433E-01   0.16382E-01   0.13719E+01
   0.16758E+04   0.61359E-05   0.16564E-01   0.16513E-01   0.13739E+01
   0.16758E+04   0.65793E-05   0.16693E-01   0.16644E-01   0.13763E+01
   0.16758E+04   0.70548E-05   0.16822E-01   0.16773E-01   0.13792E+01
   0.16758E+04   0.75646E-05   0.16949E-01   0.16902E-01   0.13825E+01
   0.16758E+04   0.81113E-05   0.17076E-01   0.17030E-01   0.13863E+01
   0.16758E+04   0.86975E-05   0.17206E-01   0.17160E-01   0.13906E+01
   0.16758E+04   0.93260E-05   0.17245E-01   0.17201E-01   0.13940E+01
   0.16758E+04   0.10000E-04   0.17282E-01   0.17238E-01   0.13980E+01
   0.16758E+04   0.10723E-04   0.17317E-01   0.17273E-01   0.14026E+01
   0.16758E+04   0.11498E-04   0.17348E-01   0.17306E-01   0.14078E+01
   0.16758E+04   0.12328E-04   0.17377E-01   0.17335E-01   0.14136E+01
   0.16758E+04   0.13219E-04   0.17404E-01   0.17363E-01   0.14201E+01
   0.16758E+04   0.14175E-04   0.17376E-01   0.17335E-01   0.14263E+01
   0.16758E+04   0.15199E-04   0.17154E-01   0.17112E-01   0.14296E+01
   0.16758E+04   0.16298E-04   0.16900E-01   0.16857E-01   0.14336E+01
   0.16758E+04   0.17475E-04   0.16612E-01   0.16567E-01   0.14386E+01
   0.16758E+04   0.18738E-04   0.16288E-01   0.16240E-01   0.14444E+01
   0.16758E+04   0.20092E-04   0.15925E-01   0.15875E-01   0.14512E+01
   0.16758E+04   0.21544E-04   0.15524E-01   0.15469E-01   0.14589E+01
   0.16758E+04   0.23101E-04   0.15404E-01   0.15347E-01   0.14682E+01
   0.16758E+04   0.24771E-04   0.15603E-01   0.15548E-01   0.14788E+01
   0.16758E+04   0.26561E-04   0.15801E-01   0.15747E-01   0.14902E+01
   0.16758E+04   0.28480E-04   0.15998E-01   0.15945E-01   0.15023E+01
   0.16758E+04   0.30539E-04   0.16194E-01   0.16142E-01   0.15152E+01
   0.16758E+04   0.32745E-04   0.16389E-01   0.16337E-01   0.15289E+01
   0.16758E+04   0.35112E-04   0.16582E-01   0.16531E-01   0.15435E+01
   0.16758E+04   0.37649E-04   0.16820E-01   0.16770E-01   0.15558E+01
   0.16758E+04   0.40370E-04   0.17073E-01   0.17023E-01   0.15677E+01
   0.16758E+04   0.43288E-04   0.17327E-01   0.17277E-01   0.15801E+01
   0.16758E+04   0.46416E-04   0.17580E-01   0.17531E-01   0.15930E+01
   0.16758E+04   0.49770E-04   0.17834E-01   0.17785E-01   0.16065E+01
   0.16758E+04   0.53367E-04   0.18088E-01   0.18040E-01   0.16206E+01
   0.16758E+04   0.57224E-04   0.18355E-01   0.18307E-01   0.16352E+01
   0.16758E+04   0.61359E-04   0.18778E-01   0.18730E-01   0.16478E+01
   0.16758E+04   0.65793E-04   0.19207E-01   0.19160E-01   0.16609E+01
   0.16758E+04   0.70548E-04   0.19641E-01   0.19595E-01   0.16745E+01
   0.16758E+04   0.75646E-04   0.20082E-01   0.20036E-01   0.16887E+01
   0.16758E+04   0.81113E-04   0.20529E-01   0.20483E-01   0.17034E+01
   0.16758E+04   0.86975E-04   0.20981E-01   0.20935E-01   0.17188E+01
   0.16758E+04   0.93260E-04   0.21498E-01   0.21452E-01   0.17334E+01
   0.16758E+04   0.10000E-03   0.22139E-01   0.22094E-01   0.17460E+01
   0.16758E+04   0.10723E-03   0.22795E-01   0.22750E-01   0.17595E+01
   0.16758E+04   0.11498E-03   0.23466E-01   0.23421E-01   0.17738E+01
   0.16758E+04   0.12328E-03   0.24152E-01   0.24107E-01   0.17891E+01
   0.16758E+04   0.13219E-03   0.24852E-01   0.24808E-01   0.18053E+01
   0.16758E+04   0.14175E-03   0.25569E-01   0.25525E-01   0.18227E+01
   0.16758E+04   0.15199E-03   0.26425E-01   0.26382E-01   0.18408E+01
   0.16758E+04   0.16298E-03   0.27390E-01   0.27346E-01   0.18600E+01
   0.16758E+04   0.17475E-03   0.28384E-01   0.28340E-01   0.18807E+01
   0.16758E+04   0.18738E-03   0.29408E-01   0.29365E-01   0.19030E+01
   0.16758E+04   0.20092E-03   0.30463E-01   0.30421E-01   0.19268E+01
   0.16758E+04   0.21544E-03   0.31551E-01   0.31508E-01   0.19522E+01
   0.16758E+04   0.23101E-03   0.32671E-01   0.32628E-01   0.19794E+01
   0.16758E+04   0.24771E-03   0.34014E-01   0.33972E-01   0.20044E+01
   0.16758E+04   0.26561E-03   0.35435E-01   0.35393E-01   0.20309E+01
   0.16758E+04   0.28480E-03   0.36910E-01   0.36868E-01   0.20595E+01
   0.16758E+04   0.30539E-03   0.38439E-01   0.38398E-01   0.20902E+01
   0.16758E+04   0.32745E-03   0.40025E-01   0.39983E-01   0.21232E+01
   0.16758E+04   0.35112E-03   0.41668E-01   0.41627E-01   0.21586E+01
   0.16758E+04   0.37649E-03   0.43397E-01   0.43356E-01   0.21948E+01
   0.16758E+04   0.40370E-03   0.45339E-01   0.45298E-01   0.22251E+01
   0.16758E+04   0.43288E-03   0.47361E-01   0.47320E-01   0.22581E+01
   0.16758E+04   0.46416E-03   0.49467E-01   0.49426E-01   0.22939E+01
   0.16758E+04   0.49770E-03   0.51659E-01   0.51619E-01   0.23326E+01
   0.16758E+04   0.53367E-03   0.53942E-01   0.53901E-01   0.23744E+01
   0.16758E+04   0.57224E-03   0.56317E-01   0.56277E-01   0.24192E+01
   0.16758E+04   0.61359E-03   0.58850E-01   0.58810E-01   0.24573E+01
   0.16758E+04   0.65793E-03   0.61582E-01   0.61542E-01   0.24847E+01
   0.16758E+04   0.70548E-03   0.64433E-01   0.64393E-01   0.25159E+01
   0.16758E+04   0.75646E-03   0.67407E-01   0.67368E-01   0.25509E+01
   0.16758E+04   0.81113E-03   0.70511E-01   0.70472E-01   0.25896E+01
   0.16758E+04   0.86975E-03   0.73749E-01   0.73710E-01   0.26322E+01
   0.16758E+04   0.93260E-03   0.77126E-01   0.77087E-01   0.26788E+01
   0.16758E+04   0.10000E-02   0.80711E-01   0.80673E-01   0.27158E+01
   0.17152E+04   0.10000E-05   0.19804E-01   0.19746E-01   0.13737E+01
   0.17152E+04   0.10723E-05   0.19802E-01   0.19745E-01   0.13718E+01
   0.17152E+04   0.11498E-05   0.19799E-01   0.19744E-01   0.13700E+01
   0.17152E+04   0.12328E-05   0.19796E-01   0.19741E-01   0.13683E+01
   0.17152E+04   0.13219E-05   0.19792E-01   0.19737E-01   0.13667E+01
   0.17152E+04   0.14175E-05   0.19812E-01   0.19759E-01   0.13659E+01
   0.17152E+04   0.15199E-05   0.19835E-01   0.19782E-01   0.13654E+01
   0.17152E+04   0.16298E-05   0.19856E-01   0.19804E-01   0.13649E+01
   0.17152E+04   0.17475E-05   0.19876E-01   0.19825E-01   0.13646E+01
   0.17152E+04   0.18738E-05   0.19896E-01   0.19845E-01   0.13644E+01
   0.17152E+04   0.20092E-05   0.19914E-01   0.19864E-01   0.13644E+01
   0.17152E+04   0.21544E-05   0.19930E-01   0.19880E-01   0.13647E+01
   0.17152E+04   0.23101E-05   0.19931E-01   0.19882E-01   0.13658E+01
   0.17152E+04   0.24771E-05   0.19932E-01   0.19884E-01   0.13672E+01
   0.17152E+04   0.26561E-05   0.19931E-01   0.19884E-01   0.13687E+01
   0.17152E+04   0.28480E-05   0.19929E-01   0.19883E-01   0.13704E+01
   0.17152E+04   0.30539E-05   0.19927E-01   0.19881E-01   0.13723E+01
   0.17152E+04   0.32745E-05   0.19923E-01   0.19878E-01   0.13745E+01
   0.17152E+04   0.35112E-05   0.19941E-01   0.19896E-01   0.13769E+01
   0.17152E+04   0.37649E-05   0.19985E-01   0.19940E-01   0.13797E+01
   0.17152E+04   0.40370E-05   0.20028E-01   0.19984E-01   0.13828E+01
   0.17152E+04   0.43288E-05   0.20071E-01   0.20027E-01   0.13861E+01
   0.17152E+04   0.46416E-05   0.20112E-01   0.20069E-01   0.13898E+01
   0.17152E+04   0.49770E-05   0.20153E-01   0.20110E-01   0.13938E+01
   0.17152E+04   0.53367E-05   0.20192E-01   0.20151E-01   0.13982E+01
   0.17152E+04   0.57224E-05   0.20268E-01   0.20227E-01   0.14018E+01
   0.17152E+04   0.61359E-05   0.20360E-01   0.20319E-01   0.14054E+01
   0.17152E+04   0.65793E-05   0.20450E-01   0.20409E-01   0.14095E+01
   0.17152E+04   0.70548E-05   0.20539E-01   0.20499E-01   0.14140E+01
   0.17152E+04   0.75646E-05   0.20628E-01   0.20588E-01   0.14191E+01
   0.17152E+04   0.81113E-05   0.20715E-01   0.20676E-01   0.14247E+01
   0.17152E+04   0.86975E-05   0.20805E-01   0.20766E-01   0.14309E+01
   0.17152E+04   0.93260E-05   0.20811E-01   0.20773E-01   0.14345E+01
   0.17152E+04   0.10000E-04   0.20814E-01   0.20777E-01   0.14388E+01
   0.17152E+04   0.10723E-04   0.20815E-01   0.20778E-01   0.14437E+01
   0.17152E+04   0.11498E-04   0.20814E-01   0.20778E-01   0.14494E+01
   0.17152E+04   0.12328E-04   0.20811E-01   0.20775E-01   0.14559E+01
   0.17152E+04   0.13219E-04   0.20805E-01   0.20769E-01   0.14632E+01
   0.17152E+04   0.14175E-04   0.20706E-01   0.20671E-01   0.14703E+01
   0.17152E+04   0.15199E-04   0.20263E-01   0.20226E-01   0.14746E+01
   0.17152E+04   0.16298E-04   0.19751E-01   0.19713E-01   0.14799E+01
   0.17152E+04   0.17475E-04   0.19160E-01   0.19121E-01   0.14861E+01
   0.17152E+04   0.18738E-04   0.18483E-01   0.18440E-01   0.14934E+01
   0.17152E+04   0.20092E-04   0.17708E-01   0.17662E-01   0.15017E+01
   0.17152E+04   0.21544E-04   0.16830E-01   0.16778E-01   0.15112E+01
   0.17152E+04   0.23101E-04   0.16433E-01   0.16378E-01   0.15221E+01
   0.17152E+04   0.24771E-04   0.16611E-01   0.16557E-01   0.15341E+01
   0.17152E+04   0.26561E-04   0.16787E-01   0.16733E-01   0.15470E+01
   0.17152E+04   0.28480E-04   0.16960E-01   0.16907E-01   0.15608E+01
   0.17152E+04   0.30539E-04   0.17130E-01   0.17079E-01   0.15756E+01
   0.17152E+04   0.32745E-04   0.17298E-01   0.17248E-01   0.15913E+01
   0.17152E+04   0.35112E-04   0.17464E-01   0.17414E-01   0.16082E+01
   0.17152E+04   0.37649E-04   0.17695E-01   0.17646E-01   0.16223E+01
   0.17152E+04   0.40370E-04   0.17947E-01   0.17899E-01   0.16359E+01
   0.17152E+04   0.43288E-04   0.18199E-01   0.18151E-01   0.16501E+01
   0.17152E+04   0.46416E-04   0.18450E-01   0.18403E-01   0.16650E+01
   0.17152E+04   0.49770E-04   0.18700E-01   0.18654E-01   0.16806E+01
   0.17152E+04   0.53367E-04   0.18951E-01   0.18904E-01   0.16970E+01
   0.17152E+04   0.57224E-04   0.19214E-01   0.19168E-01   0.17138E+01
   0.17152E+04   0.61359E-04   0.19641E-01   0.19596E-01   0.17272E+01
   0.17152E+04   0.65793E-04   0.20074E-01   0.20029E-01   0.17412E+01
   0.17152E+04   0.70548E-04   0.20511E-01   0.20467E-01   0.17558E+01
   0.17152E+04   0.75646E-04   0.20955E-01   0.20910E-01   0.17710E+01
   0.17152E+04   0.81113E-04   0.21403E-01   0.21359E-01   0.17870E+01
   0.17152E+04   0.86975E-04   0.21857E-01   0.21813E-01   0.18037E+01
   0.17152E+04   0.93260E-04   0.22372E-01   0.22329E-01   0.18191E+01
   0.17152E+04   0.10000E-03   0.23004E-01   0.22961E-01   0.18314E+01
   0.17152E+04   0.10723E-03   0.23649E-01   0.23607E-01   0.18447E+01
   0.17152E+04   0.11498E-03   0.24308E-01   0.24266E-01   0.18590E+01
   0.17152E+04   0.12328E-03   0.24980E-01   0.24938E-01   0.18744E+01
   0.17152E+04   0.13219E-03   0.25665E-01   0.25623E-01   0.18909E+01
   0.17152E+04   0.14175E-03   0.26363E-01   0.26322E-01   0.19085E+01
   0.17152E+04   0.15199E-03   0.27198E-01   0.27157E-01   0.19265E+01
   0.17152E+04   0.16298E-03   0.28136E-01   0.28095E-01   0.19454E+01
   0.17152E+04   0.17475E-03   0.29099E-01   0.29059E-01   0.19658E+01
   0.17152E+04   0.18738E-03   0.30090E-01   0.30050E-01   0.19878E+01
   0.17152E+04   0.20092E-03   0.31108E-01   0.31068E-01   0.20116E+01
   0.17152E+04   0.21544E-03   0.32155E-01   0.32115E-01   0.20370E+01
   0.17152E+04   0.23101E-03   0.33230E-01   0.33190E-01   0.20643E+01
   0.17152E+04   0.24771E-03   0.34520E-01   0.34480E-01   0.20881E+01
   0.17152E+04   0.26561E-03   0.35882E-01   0.35842E-01   0.21131E+01
   0.17152E+04   0.28480E-03   0.37290E-01   0.37251E-01   0.21402E+01
   0.17152E+04   0.30539E-03   0.38747E-01   0.38708E-01   0.21695E+01
   0.17152E+04   0.32745E-03   0.40252E-01   0.40213E-01   0.22010E+01
   0.17152E+04   0.35112E-03   0.41808E-01   0.41769E-01   0.22349E+01
   0.17152E+04   0.37649E-03   0.43439E-01   0.43401E-01   0.22694E+01
   0.17152E+04   0.40370E-03   0.45268E-01   0.45230E-01   0.22967E+01
   0.17152E+04   0.43288E-03   0.47167E-01   0.47129E-01   0.23266E+01
   0.17152E+04   0.46416E-03   0.49137E-01   0.49099E-01   0.23592E+01
   0.17152E+04   0.49770E-03   0.51182E-01   0.51144E-01   0.23946E+01
   0.17152E+04   0.53367E-03   0.53304E-01   0.53266E-01   0.24329E+01
   0.17152E+04   0.57224E-03   0.55505E-01   0.55467E-01   0.24742E+01
   0.17152E+04   0.61359E-03   0.57885E-01   0.57848E-01   0.25089E+01
   0.17152E+04   0.65793E-03   0.60505E-01   0.60467E-01   0.25336E+01
   0.17152E+04   0.70548E-03   0.63235E-01   0.63198E-01   0.25619E+01
   0.17152E+04   0.75646E-03   0.66080E-01   0.66043E-01   0.25939E+01
   0.17152E+04   0.81113E-03   0.69044E-01   0.69007E-01   0.26296E+01
   0.17152E+04   0.86975E-03   0.72132E-01   0.72095E-01   0.26692E+01
   0.17152E+04   0.93260E-03   0.75349E-01   0.75312E-01   0.27126E+01
   0.17152E+04   0.10000E-02   0.78841E-01   0.78804E-01   0.27474E+01
   0.17545E+04   0.10000E-05   0.23521E-01   0.23480E-01   0.13755E+01
   0.17545E+04   0.10723E-05   0.23560E-01   0.23518E-01   0.13755E+01
   0.17545E+04   0.11498E-05   0.23597E-01   0.23556E-01   0.13755E+01
   0.17545E+04   0.12328E-05   0.23634E-01   0.23592E-01   0.13757E+01
   0.17545E+04   0.13219E-05   0.23669E-01   0.23629E-01   0.13760E+01
   0.17545E+04   0.14175E-05   0.23721E-01   0.23680E-01   0.13768E+01
   0.17545E+04   0.15199E-05   0.23773E-01   0.23733E-01   0.13777E+01
   0.17545E+04   0.16298E-05   0.23825E-01   0.23785E-01   0.13788E+01
   0.17545E+04   0.17475E-05   0.23876E-01   0.23836E-01   0.13800E+01
   0.17545E+04   0.18738E-05   0.23927E-01   0.23887E-01   0.13814E+01
   0.17545E+04   0.20092E-05   0.23977E-01   0.23937E-01   0.13830E+01
   0.17545E+04   0.21544E-05   0.24017E-01   0.23978E-01   0.13848E+01
   0.17545E+04   0.23101E-05   0.24011E-01   0.23972E-01   0.13871E+01
   0.17545E+04   0.24771E-05   0.24005E-01   0.23966E-01   0.13896E+01
   0.17545E+04   0.26561E-05   0.23998E-01   0.23959E-01   0.13923E+01
   0.17545E+04   0.28480E-05   0.23990E-01   0.23951E-01   0.13952E+01
   0.17545E+04   0.30539E-05   0.23981E-01   0.23943E-01   0.13984E+01
   0.17545E+04   0.32745E-05   0.23972E-01   0.23934E-01   0.14019E+01
   0.17545E+04   0.35112E-05   0.23984E-01   0.23946E-01   0.14054E+01
   0.17545E+04   0.37649E-05   0.24024E-01   0.23986E-01   0.14090E+01
   0.17545E+04   0.40370E-05   0.24063E-01   0.24025E-01   0.14129E+01
   0.17545E+04   0.43288E-05   0.24101E-01   0.24064E-01   0.14171E+01
   0.17545E+04   0.46416E-05   0.24139E-01   0.24102E-01   0.14217E+01
   0.17545E+04   0.49770E-05   0.24175E-01   0.24138E-01   0.14268E+01
   0.17545E+04   0.53367E-05   0.24211E-01   0.24175E-01   0.14322E+01
   0.17545E+04   0.57224E-05   0.24252E-01   0.24215E-01   0.14373E+01
   0.17545E+04   0.61359E-05   0.24293E-01   0.24257E-01   0.14424E+01
   0.17545E+04   0.65793E-05   0.24334E-01   0.24298E-01   0.14481E+01
   0.17545E+04   0.70548E-05   0.24373E-01   0.24338E-01   0.14544E+01
   0.17545E+04   0.75646E-05   0.24412E-01   0.24377E-01   0.14612E+01
   0.17545E+04   0.81113E-05   0.24450E-01   0.24414E-01   0.14687E+01
   0.17545E+04   0.86975E-05   0.24489E-01   0.24454E-01   0.14770E+01
   0.17545E+04   0.93260E-05   0.24455E-01   0.24421E-01   0.14810E+01
   0.17545E+04   0.10000E-04   0.24420E-01   0.24386E-01   0.14857E+01
   0.17545E+04   0.10723E-04   0.24383E-01   0.24349E-01   0.14912E+01
   0.17545E+04   0.11498E-04   0.24344E-01   0.24310E-01   0.14977E+01
   0.17545E+04   0.12328E-04   0.24303E-01   0.24269E-01   0.15051E+01
   0.17545E+04   0.13219E-04   0.24260E-01   0.24226E-01   0.15134E+01
   0.17545E+04   0.14175E-04   0.24090E-01   0.24057E-01   0.15216E+01
   0.17545E+04   0.15199E-04   0.23446E-01   0.23412E-01   0.15268E+01
   0.17545E+04   0.16298E-04   0.22699E-01   0.22664E-01   0.15332E+01
   0.17545E+04   0.17475E-04   0.21827E-01   0.21790E-01   0.15408E+01
   0.17545E+04   0.18738E-04   0.20805E-01   0.20766E-01   0.15497E+01
   0.17545E+04   0.20092E-04   0.19608E-01   0.19564E-01   0.15599E+01
   0.17545E+04   0.21544E-04   0.18214E-01   0.18163E-01   0.15714E+01
   0.17545E+04   0.23101E-04   0.17506E-01   0.17451E-01   0.15842E+01
   0.17545E+04   0.24771E-04   0.17662E-01   0.17608E-01   0.15979E+01
   0.17545E+04   0.26561E-04   0.17815E-01   0.17761E-01   0.16127E+01
   0.17545E+04   0.28480E-04   0.17963E-01   0.17911E-01   0.16286E+01
   0.17545E+04   0.30539E-04   0.18108E-01   0.18057E-01   0.16456E+01
   0.17545E+04   0.32745E-04   0.18248E-01   0.18198E-01   0.16639E+01
   0.17545E+04   0.35112E-04   0.18385E-01   0.18336E-01   0.16835E+01
   0.17545E+04   0.37649E-04   0.18610E-01   0.18561E-01   0.16998E+01
   0.17545E+04   0.40370E-04   0.18862E-01   0.18814E-01   0.17155E+01
   0.17545E+04   0.43288E-04   0.19113E-01   0.19066E-01   0.17319E+01
   0.17545E+04   0.46416E-04   0.19362E-01   0.19316E-01   0.17492E+01
   0.17545E+04   0.49770E-04   0.19610E-01   0.19565E-01   0.17674E+01
   0.17545E+04   0.53367E-04   0.19857E-01   0.19812E-01   0.17864E+01
   0.17545E+04   0.57224E-04   0.20116E-01   0.20072E-01   0.18060E+01
   0.17545E+04   0.61359E-04   0.20548E-01   0.20504E-01   0.18205E+01
   0.17545E+04   0.65793E-04   0.20984E-01   0.20941E-01   0.18357E+01
   0.17545E+04   0.70548E-04   0.21425E-01   0.21382E-01   0.18517E+01
   0.17545E+04   0.75646E-04   0.21871E-01   0.21828E-01   0.18684E+01
   0.17545E+04   0.81113E-04   0.22320E-01   0.22278E-01   0.18860E+01
   0.17545E+04   0.86975E-04   0.22775E-01   0.22733E-01   0.19045E+01
   0.17545E+04   0.93260E-04   0.23286E-01   0.23245E-01   0.19211E+01
   0.17545E+04   0.10000E-03   0.23908E-01   0.23867E-01   0.19336E+01
   0.17545E+04   0.10723E-03   0.24541E-01   0.24501E-01   0.19473E+01
   0.17545E+04   0.11498E-03   0.25185E-01   0.25145E-01   0.19621E+01
   0.17545E+04   0.12328E-03   0.25841E-01   0.25801E-01   0.19781E+01
   0.17545E+04   0.13219E-03   0.26508E-01   0.26469E-01   0.19955E+01
   0.17545E+04   0.14175E-03   0.27187E-01   0.27148E-01   0.20142E+01
   0.17545E+04   0.15199E-03   0.27998E-01   0.27958E-01   0.20327E+01
   0.17545E+04   0.16298E-03   0.28906E-01   0.28867E-01   0.20518E+01
   0.17545E+04   0.17475E-03   0.29838E-01   0.29799E-01   0.20727E+01
   0.17545E+04   0.18738E-03   0.30793E-01   0.30755E-01   0.20953E+01
   0.17545E+04   0.20092E-03   0.31772E-01   0.31734E-01   0.21198E+01
   0.17545E+04   0.21544E-03   0.32775E-01   0.32737E-01   0.21463E+01
   0.17545E+04   0.23101E-03   0.33802E-01   0.33765E-01   0.21749E+01
   0.17545E+04   0.24771E-03   0.35038E-01   0.35001E-01   0.21983E+01
   0.17545E+04   0.26561E-03   0.36340E-01   0.36303E-01   0.22228E+01
   0.17545E+04   0.28480E-03   0.37683E-01   0.37646E-01   0.22495E+01
   0.17545E+04   0.30539E-03   0.39066E-01   0.39029E-01   0.22786E+01
   0.17545E+04   0.32745E-03   0.40492E-01   0.40455E-01   0.23100E+01
   0.17545E+04   0.35112E-03   0.41961E-01   0.41924E-01   0.23439E+01
   0.17545E+04   0.37649E-03   0.43497E-01   0.43461E-01   0.23783E+01
   0.17545E+04   0.40370E-03   0.45221E-01   0.45185E-01   0.24038E+01
   0.17545E+04   0.43288E-03   0.47005E-01   0.46969E-01   0.24319E+01
   0.17545E+04   0.46416E-03   0.48850E-01   0.48814E-01   0.24628E+01
   0.17545E+04   0.49770E-03   0.50758E-01   0.50723E-01   0.24964E+01
   0.17545E+04   0.53367E-03   0.52732E-01   0.52696E-01   0.25330E+01
   0.17545E+04   0.57224E-03   0.54772E-01   0.54736E-01   0.25725E+01
   0.17545E+04   0.61359E-03   0.57014E-01   0.56978E-01   0.26054E+01
   0.17545E+04   0.65793E-03   0.59535E-01   0.59500E-01   0.26281E+01
   0.17545E+04   0.70548E-03   0.62159E-01   0.62124E-01   0.26545E+01
   0.17545E+04   0.75646E-03   0.64890E-01   0.64854E-01   0.26845E+01
   0.17545E+04   0.81113E-03   0.67731E-01   0.67695E-01   0.27183E+01
   0.17545E+04   0.86975E-03   0.70686E-01   0.70651E-01   0.27560E+01
   0.17545E+04   0.93260E-03   0.73759E-01   0.73724E-01   0.27975E+01
   0.17545E+04   0.10000E-02   0.77171E-01   0.77137E-01   0.28304E+01
   0.17939E+04   0.10000E-05   0.27025E-01   0.26995E-01   0.13607E+01
   0.17939E+04   0.10723E-05   0.27093E-01   0.27063E-01   0.13619E+01
   0.17939E+04   0.11498E-05   0.27161E-01   0.27131E-01   0.13632E+01
   0.17939E+04   0.12328E-05   0.27227E-01   0.27197E-01   0.13647E+01
   0.17939E+04   0.13219E-05   0.27293E-01   0.27264E-01   0.13662E+01
   0.17939E+04   0.14175E-05   0.27242E-01   0.27211E-01   0.13680E+01
   0.17939E+04   0.15199E-05   0.27175E-01   0.27144E-01   0.13700E+01
   0.17939E+04   0.16298E-05   0.27105E-01   0.27073E-01   0.13721E+01
   0.17939E+04   0.17475E-05   0.27031E-01   0.26999E-01   0.13744E+01
   0.17939E+04   0.18738E-05   0.26954E-01   0.26920E-01   0.13769E+01
   0.17939E+04   0.20092E-05   0.26872E-01   0.26838E-01   0.13795E+01
   0.17939E+04   0.21544E-05   0.26803E-01   0.26768E-01   0.13824E+01
   0.17939E+04   0.23101E-05   0.26811E-01   0.26776E-01   0.13856E+01
   0.17939E+04   0.24771E-05   0.26817E-01   0.26782E-01   0.13890E+01
   0.17939E+04   0.26561E-05   0.26823E-01   0.26788E-01   0.13927E+01
   0.17939E+04   0.28480E-05   0.26829E-01   0.26794E-01   0.13967E+01
   0.17939E+04   0.30539E-05   0.26833E-01   0.26799E-01   0.14010E+01
   0.17939E+04   0.32745E-05   0.26837E-01   0.26803E-01   0.14056E+01
   0.17939E+04   0.35112E-05   0.26864E-01   0.26829E-01   0.14102E+01
   0.17939E+04   0.37649E-05   0.26920E-01   0.26885E-01   0.14146E+01
   0.17939E+04   0.40370E-05   0.26975E-01   0.26941E-01   0.14195E+01
   0.17939E+04   0.43288E-05   0.27030E-01   0.26996E-01   0.14248E+01
   0.17939E+04   0.46416E-05   0.27084E-01   0.27050E-01   0.14305E+01
   0.17939E+04   0.49770E-05   0.27137E-01   0.27103E-01   0.14367E+01
   0.17939E+04   0.53367E-05   0.27190E-01   0.27156E-01   0.14434E+01
   0.17939E+04   0.57224E-05   0.27225E-01   0.27192E-01   0.14500E+01
   0.17939E+04   0.61359E-05   0.27253E-01   0.27219E-01   0.14568E+01
   0.17939E+04   0.65793E-05   0.27279E-01   0.27246E-01   0.14643E+01
   0.17939E+04   0.70548E-05   0.27305E-01   0.27272E-01   0.14724E+01
   0.17939E+04   0.75646E-05   0.27330E-01   0.27296E-01   0.14812E+01
   0.17939E+04   0.81113E-05   0.27353E-01   0.27320E-01   0.14908E+01
   0.17939E+04   0.86975E-05   0.27377E-01   0.27345E-01   0.15014E+01
   0.17939E+04   0.93260E-05   0.27348E-01   0.27315E-01   0.15072E+01
   0.17939E+04   0.10000E-04   0.27316E-01   0.27284E-01   0.15140E+01
   0.17939E+04   0.10723E-04   0.27283E-01   0.27251E-01   0.15217E+01
   0.17939E+04   0.11498E-04   0.27248E-01   0.27216E-01   0.15304E+01
   0.17939E+04   0.12328E-04   0.27211E-01   0.27179E-01   0.15402E+01
   0.17939E+04   0.13219E-04   0.27172E-01   0.27141E-01   0.15512E+01
   0.17939E+04   0.14175E-04   0.26996E-01   0.26965E-01   0.15621E+01
   0.17939E+04   0.15199E-04   0.26306E-01   0.26274E-01   0.15698E+01
   0.17939E+04   0.16298E-04   0.25513E-01   0.25480E-01   0.15790E+01
   0.17939E+04   0.17475E-04   0.24594E-01   0.24560E-01   0.15897E+01
   0.17939E+04   0.18738E-04   0.23520E-01   0.23484E-01   0.16018E+01
   0.17939E+04   0.20092E-04   0.22261E-01   0.22221E-01   0.16156E+01
   0.17939E+04   0.21544E-04   0.20785E-01   0.20740E-01   0.16309E+01
   0.17939E+04   0.23101E-04   0.20018E-01   0.19970E-01   0.16473E+01
   0.17939E+04   0.24771E-04   0.20162E-01   0.20114E-01   0.16642E+01
   0.17939E+04   0.26561E-04   0.20300E-01   0.20254E-01   0.16824E+01
   0.17939E+04   0.28480E-04   0.20434E-01   0.20389E-01   0.17020E+01
   0.17939E+04   0.30539E-04   0.20564E-01   0.20519E-01   0.17229E+01
   0.17939E+04   0.32745E-04   0.20689E-01   0.20645E-01   0.17453E+01
   0.17939E+04   0.35112E-04   0.20809E-01   0.20767E-01   0.17692E+01
   0.17939E+04   0.37649E-04   0.21034E-01   0.20992E-01   0.17890E+01
   0.17939E+04   0.40370E-04   0.21291E-01   0.21250E-01   0.18079E+01
   0.17939E+04   0.43288E-04   0.21547E-01   0.21506E-01   0.18278E+01
   0.17939E+04   0.46416E-04   0.21800E-01   0.21759E-01   0.18487E+01
   0.17939E+04   0.49770E-04   0.22050E-01   0.22010E-01   0.18706E+01
   0.17939E+04   0.53367E-04   0.22299E-01   0.22259E-01   0.18936E+01
   0.17939E+04   0.57224E-04   0.22560E-01   0.22521E-01   0.19171E+01
   0.17939E+04   0.61359E-04   0.23005E-01   0.22966E-01   0.19337E+01
   0.17939E+04   0.65793E-04   0.23453E-01   0.23415E-01   0.19511E+01
   0.17939E+04   0.70548E-04   0.23905E-01   0.23867E-01   0.19694E+01
   0.17939E+04   0.75646E-04   0.24360E-01   0.24323E-01   0.19887E+01
   0.17939E+04   0.81113E-04   0.24819E-01   0.24782E-01   0.20089E+01
   0.17939E+04   0.86975E-04   0.25282E-01   0.25245E-01   0.20303E+01
   0.17939E+04   0.93260E-04   0.25799E-01   0.25763E-01   0.20493E+01
   0.17939E+04   0.10000E-03   0.26424E-01   0.26388E-01   0.20630E+01
   0.17939E+04   0.10723E-03   0.27058E-01   0.27022E-01   0.20781E+01
   0.17939E+04   0.11498E-03   0.27702E-01   0.27666E-01   0.20945E+01
   0.17939E+04   0.12328E-03   0.28354E-01   0.28319E-01   0.21124E+01
   0.17939E+04   0.13219E-03   0.29017E-01   0.28981E-01   0.21319E+01
   0.17939E+04   0.14175E-03   0.29688E-01   0.29653E-01   0.21530E+01
   0.17939E+04   0.15199E-03   0.30489E-01   0.30454E-01   0.21731E+01
   0.17939E+04   0.16298E-03   0.31385E-01   0.31350E-01   0.21934E+01
   0.17939E+04   0.17475E-03   0.32299E-01   0.32265E-01   0.22156E+01
   0.17939E+04   0.18738E-03   0.33234E-01   0.33199E-01   0.22399E+01
   0.17939E+04   0.20092E-03   0.34188E-01   0.34154E-01   0.22663E+01
   0.17939E+04   0.21544E-03   0.35162E-01   0.35128E-01   0.22950E+01
   0.17939E+04   0.23101E-03   0.36157E-01   0.36123E-01   0.23261E+01
   0.17939E+04   0.24771E-03   0.37262E-01   0.37228E-01   0.23497E+01
   0.17939E+04   0.26561E-03   0.38407E-01   0.38373E-01   0.23742E+01
   0.17939E+04   0.28480E-03   0.39577E-01   0.39543E-01   0.24012E+01
   0.17939E+04   0.30539E-03   0.40775E-01   0.40740E-01   0.24308E+01
   0.17939E+04   0.32745E-03   0.41999E-01   0.41965E-01   0.24629E+01
   0.17939E+04   0.35112E-03   0.43250E-01   0.43216E-01   0.24977E+01
   0.17939E+04   0.37649E-03   0.44573E-01   0.44538E-01   0.25328E+01
   0.17939E+04   0.40370E-03   0.46180E-01   0.46146E-01   0.25571E+01
   0.17939E+04   0.43288E-03   0.47836E-01   0.47802E-01   0.25841E+01
   0.17939E+04   0.46416E-03   0.49541E-01   0.49507E-01   0.26139E+01
   0.17939E+04   0.49770E-03   0.51296E-01   0.51262E-01   0.26466E+01
   0.17939E+04   0.53367E-03   0.53103E-01   0.53069E-01   0.26822E+01
   0.17939E+04   0.57224E-03   0.54963E-01   0.54929E-01   0.27209E+01
   0.17939E+04   0.61359E-03   0.57070E-01   0.57035E-01   0.27527E+01
   0.17939E+04   0.65793E-03   0.59533E-01   0.59499E-01   0.27738E+01
   0.17939E+04   0.70548E-03   0.62093E-01   0.62060E-01   0.27986E+01
   0.17939E+04   0.75646E-03   0.64754E-01   0.64720E-01   0.28270E+01
   0.17939E+04   0.81113E-03   0.67518E-01   0.67485E-01   0.28592E+01
   0.17939E+04   0.86975E-03   0.70390E-01   0.70356E-01   0.28951E+01
   0.17939E+04   0.93260E-03   0.73371E-01   0.73338E-01   0.29350E+01
   0.17939E+04   0.10000E-02   0.76745E-01   0.76712E-01   0.29658E+01
   0.18333E+04   0.10000E-05   0.29916E-01   0.29892E-01   0.13218E+01
   0.18333E+04   0.10723E-05   0.29978E-01   0.29954E-01   0.13233E+01
   0.18333E+04   0.11498E-05   0.30040E-01   0.30016E-01   0.13249E+01
   0.18333E+04   0.12328E-05   0.30102E-01   0.30078E-01   0.13267E+01
   0.18333E+04   0.13219E-05   0.30163E-01   0.30139E-01   0.13286E+01
   0.18333E+04   0.14175E-05   0.29899E-01   0.29875E-01   0.13304E+01
   0.18333E+04   0.15199E-05   0.29581E-01   0.29556E-01   0.13324E+01
   0.18333E+04   0.16298E-05   0.29235E-01   0.29209E-01   0.13346E+01
   0.18333E+04   0.17475E-05   0.28859E-01   0.28832E-01   0.13371E+01
   0.18333E+04   0.18738E-05   0.28449E-01   0.28420E-01   0.13397E+01
   0.18333E+04   0.20092E-05   0.28000E-01   0.27969E-01   0.13426E+01
   0.18333E+04   0.21544E-05   0.27602E-01   0.27568E-01   0.13458E+01
   0.18333E+04   0.23101E-05   0.27641E-01   0.27607E-01   0.13496E+01
   0.18333E+04   0.24771E-05   0.27679E-01   0.27646E-01   0.13536E+01
   0.18333E+04   0.26561E-05   0.27717E-01   0.27684E-01   0.13579E+01
   0.18333E+04   0.28480E-05   0.27755E-01   0.27721E-01   0.13625E+01
   0.18333E+04   0.30539E-05   0.27792E-01   0.27758E-01   0.13675E+01
   0.18333E+04   0.32745E-05   0.27828E-01   0.27795E-01   0.13729E+01
   0.18333E+04   0.35112E-05   0.27890E-01   0.27857E-01   0.13783E+01
   0.18333E+04   0.37649E-05   0.27986E-01   0.27953E-01   0.13838E+01
   0.18333E+04   0.40370E-05   0.28081E-01   0.28048E-01   0.13897E+01
   0.18333E+04   0.43288E-05   0.28176E-01   0.28143E-01   0.13961E+01
   0.18333E+04   0.46416E-05   0.28270E-01   0.28237E-01   0.14030E+01
   0.18333E+04   0.49770E-05   0.28364E-01   0.28332E-01   0.14105E+01
   0.18333E+04   0.53367E-05   0.28458E-01   0.28426E-01   0.14186E+01
   0.18333E+04   0.57224E-05   0.28539E-01   0.28507E-01   0.14269E+01
   0.18333E+04   0.61359E-05   0.28614E-01   0.28583E-01   0.14357E+01
   0.18333E+04   0.65793E-05   0.28689E-01   0.28657E-01   0.14452E+01
   0.18333E+04   0.70548E-05   0.28762E-01   0.28731E-01   0.14554E+01
   0.18333E+04   0.75646E-05   0.28835E-01   0.28804E-01   0.14665E+01
   0.18333E+04   0.81113E-05   0.28907E-01   0.28876E-01   0.14785E+01
   0.18333E+04   0.86975E-05   0.28980E-01   0.28949E-01   0.14915E+01
   0.18333E+04   0.93260E-05   0.29022E-01   0.28991E-01   0.15013E+01
   0.18333E+04   0.10000E-04   0.29062E-01   0.29032E-01   0.15121E+01
   0.18333E+04   0.10723E-04   0.29101E-01   0.29071E-01   0.15239E+01
   0.18333E+04   0.11498E-04   0.29138E-01   0.29108E-01   0.15369E+01
   0.18333E+04   0.12328E-04   0.29174E-01   0.29144E-01   0.15512E+01
   0.18333E+04   0.13219E-04   0.29207E-01   0.29178E-01   0.15668E+01
   0.18333E+04   0.14175E-04   0.29129E-01   0.29100E-01   0.15826E+01
   0.18333E+04   0.15199E-04   0.28642E-01   0.28612E-01   0.15957E+01
   0.18333E+04   0.16298E-04   0.28090E-01   0.28060E-01   0.16104E+01
   0.18333E+04   0.17475E-04   0.27463E-01   0.27432E-01   0.16267E+01
   0.18333E+04   0.18738E-04   0.26747E-01   0.26715E-01   0.16447E+01
   0.18333E+04   0.20092E-04   0.25929E-01   0.25896E-01   0.16644E+01
   0.18333E+04   0.21544E-04   0.24994E-01   0.24959E-01   0.16859E+01
   0.18333E+04   0.23101E-04   0.24544E-01   0.24507E-01   0.17080E+01
   0.18333E+04   0.24771E-04   0.24690E-01   0.24654E-01   0.17303E+01
   0.18333E+04   0.26561E-04   0.24833E-01   0.24798E-01   0.17540E+01
   0.18333E+04   0.28480E-04   0.24972E-01   0.24937E-01   0.17792E+01
   0.18333E+04   0.30539E-04   0.25106E-01   0.25071E-01   0.18060E+01
   0.18333E+04   0.32745E-04   0.25236E-01   0.25202E-01   0.18345E+01
   0.18333E+04   0.35112E-04   0.25362E-01   0.25328E-01   0.18648E+01
   0.18333E+04   0.37649E-04   0.25598E-01   0.25564E-01   0.18897E+01
   0.18333E+04   0.40370E-04   0.25867E-01   0.25834E-01   0.19134E+01
   0.18333E+04   0.43288E-04   0.26134E-01   0.26101E-01   0.19381E+01
   0.18333E+04   0.46416E-04   0.26399E-01   0.26366E-01   0.19641E+01
   0.18333E+04   0.49770E-04   0.26661E-01   0.26629E-01   0.19913E+01
   0.18333E+04   0.53367E-04   0.26921E-01   0.26889E-01   0.20197E+01
   0.18333E+04   0.57224E-04   0.27194E-01   0.27162E-01   0.20487E+01
   0.18333E+04   0.61359E-04   0.27662E-01   0.27630E-01   0.20685E+01
   0.18333E+04   0.65793E-04   0.28132E-01   0.28100E-01   0.20894E+01
   0.18333E+04   0.70548E-04   0.28604E-01   0.28572E-01   0.21113E+01
   0.18333E+04   0.75646E-04   0.29079E-01   0.29047E-01   0.21344E+01
   0.18333E+04   0.81113E-04   0.29556E-01   0.29525E-01   0.21587E+01
   0.18333E+04   0.86975E-04   0.30036E-01   0.30005E-01   0.21843E+01
   0.18333E+04   0.93260E-04   0.30572E-01   0.30540E-01   0.22071E+01
   0.18333E+04   0.10000E-03   0.31216E-01   0.31185E-01   0.22232E+01
   0.18333E+04   0.10723E-03   0.31868E-01   0.31837E-01   0.22409E+01
   0.18333E+04   0.11498E-03   0.32528E-01   0.32497E-01   0.22602E+01
   0.18333E+04   0.12328E-03   0.33194E-01   0.33163E-01   0.22814E+01
   0.18333E+04   0.13219E-03   0.33868E-01   0.33837E-01   0.23043E+01
   0.18333E+04   0.14175E-03   0.34548E-01   0.34518E-01   0.23293E+01
   0.18333E+04   0.15199E-03   0.35357E-01   0.35326E-01   0.23520E+01
   0.18333E+04   0.16298E-03   0.36258E-01   0.36227E-01   0.23742E+01
   0.18333E+04   0.17475E-03   0.37174E-01   0.37143E-01   0.23987E+01
   0.18333E+04   0.18738E-03   0.38105E-01   0.38074E-01   0.24256E+01
   0.18333E+04   0.20092E-03   0.39051E-01   0.39020E-01   0.24550E+01
   0.18333E+04   0.21544E-03   0.40012E-01   0.39982E-01   0.24870E+01
   0.18333E+04   0.23101E-03   0.40989E-01   0.40959E-01   0.25218E+01
   0.18333E+04   0.24771E-03   0.41872E-01   0.41842E-01   0.25457E+01
   0.18333E+04   0.26561E-03   0.42739E-01   0.42708E-01   0.25703E+01
   0.18333E+04   0.28480E-03   0.43604E-01   0.43573E-01   0.25976E+01
   0.18333E+04   0.30539E-03   0.44466E-01   0.44435E-01   0.26277E+01
   0.18333E+04   0.32745E-03   0.45325E-01   0.45294E-01   0.26607E+01
   0.18333E+04   0.35112E-03   0.46180E-01   0.46148E-01   0.26967E+01
   0.18333E+04   0.37649E-03   0.47118E-01   0.47086E-01   0.27330E+01
   0.18333E+04   0.40370E-03   0.48587E-01   0.48555E-01   0.27561E+01
   0.18333E+04   0.43288E-03   0.50088E-01   0.50056E-01   0.27821E+01
   0.18333E+04   0.46416E-03   0.51622E-01   0.51590E-01   0.28111E+01
   0.18333E+04   0.49770E-03   0.53190E-01   0.53157E-01   0.28431E+01
   0.18333E+04   0.53367E-03   0.54791E-01   0.54758E-01   0.28782E+01
   0.18333E+04   0.57224E-03   0.56425E-01   0.56393E-01   0.29164E+01
   0.18333E+04   0.61359E-03   0.58386E-01   0.58353E-01   0.29474E+01
   0.18333E+04   0.65793E-03   0.60835E-01   0.60802E-01   0.29671E+01
   0.18333E+04   0.70548E-03   0.63377E-01   0.63344E-01   0.29903E+01
   0.18333E+04   0.75646E-03   0.66014E-01   0.65982E-01   0.30172E+01
   0.18333E+04   0.81113E-03   0.68751E-01   0.68718E-01   0.30478E+01
   0.18333E+04   0.86975E-03   0.71589E-01   0.71557E-01   0.30821E+01
   0.18333E+04   0.93260E-03   0.74533E-01   0.74501E-01   0.31203E+01
   0.18333E+04   0.10000E-02   0.77911E-01   0.77879E-01   0.31487E+01
   0.18727E+04   0.10000E-05   0.32531E-01   0.32509E-01   0.12877E+01
   0.18727E+04   0.10723E-05   0.32590E-01   0.32568E-01   0.12895E+01
   0.18727E+04   0.11498E-05   0.32648E-01   0.32627E-01   0.12915E+01
   0.18727E+04   0.12328E-05   0.32707E-01   0.32685E-01   0.12935E+01
   0.18727E+04   0.13219E-05   0.32764E-01   0.32743E-01   0.12958E+01
   0.18727E+04   0.14175E-05   0.32360E-01   0.32338E-01   0.12971E+01
   0.18727E+04   0.15199E-05   0.31866E-01   0.31844E-01   0.12986E+01
   0.18727E+04   0.16298E-05   0.31317E-01   0.31293E-01   0.13006E+01
   0.18727E+04   0.17475E-05   0.30699E-01   0.30674E-01   0.13030E+01
   0.18727E+04   0.18738E-05   0.29997E-01   0.29970E-01   0.13057E+01
   0.18727E+04   0.20092E-05   0.29191E-01   0.29162E-01   0.13088E+01
   0.18727E+04   0.21544E-05   0.28442E-01   0.28409E-01   0.13123E+01
   0.18727E+04   0.23101E-05   0.28514E-01   0.28481E-01   0.13166E+01
   0.18727E+04   0.24771E-05   0.28585E-01   0.28553E-01   0.13212E+01
   0.18727E+04   0.26561E-05   0.28656E-01   0.28624E-01   0.13262E+01
   0.18727E+04   0.28480E-05   0.28727E-01   0.28695E-01   0.13316E+01
   0.18727E+04   0.30539E-05   0.28797E-01   0.28765E-01   0.13373E+01
   0.18727E+04   0.32745E-05   0.28867E-01   0.28835E-01   0.13435E+01
   0.18727E+04   0.35112E-05   0.28966E-01   0.28934E-01   0.13499E+01
   0.18727E+04   0.37649E-05   0.29101E-01   0.29070E-01   0.13564E+01
   0.18727E+04   0.40370E-05   0.29237E-01   0.29205E-01   0.13635E+01
   0.18727E+04   0.43288E-05   0.29373E-01   0.29341E-01   0.13711E+01
   0.18727E+04   0.46416E-05   0.29508E-01   0.29477E-01   0.13793E+01
   0.18727E+04   0.49770E-05   0.29644E-01   0.29612E-01   0.13882E+01
   0.18727E+04   0.53367E-05   0.29779E-01   0.29748E-01   0.13978E+01
   0.18727E+04   0.57224E-05   0.29906E-01   0.29876E-01   0.14079E+01
   0.18727E+04   0.61359E-05   0.30030E-01   0.29999E-01   0.14187E+01
   0.18727E+04   0.65793E-05   0.30153E-01   0.30123E-01   0.14304E+01
   0.18727E+04   0.70548E-05   0.30275E-01   0.30245E-01   0.14429E+01
   0.18727E+04   0.75646E-05   0.30397E-01   0.30367E-01   0.14564E+01
   0.18727E+04   0.81113E-05   0.30518E-01   0.30488E-01   0.14709E+01
   0.18727E+04   0.86975E-05   0.30638E-01   0.30609E-01   0.14866E+01
   0.18727E+04   0.93260E-05   0.30756E-01   0.30727E-01   0.15003E+01
   0.18727E+04   0.10000E-04   0.30872E-01   0.30843E-01   0.15152E+01
   0.18727E+04   0.10723E-04   0.30987E-01   0.30958E-01   0.15314E+01
   0.18727E+04   0.11498E-04   0.31100E-01   0.31072E-01   0.15488E+01
   0.18727E+04   0.12328E-04   0.31212E-01   0.31184E-01   0.15677E+01
   0.18727E+04   0.13219E-04   0.31322E-01   0.31294E-01   0.15881E+01
   0.18727E+04   0.14175E-04   0.31354E-01   0.31326E-01   0.16090E+01
   0.18727E+04   0.15199E-04   0.31106E-01   0.31078E-01   0.16278E+01
   0.18727E+04   0.16298E-04   0.30824E-01   0.30796E-01   0.16483E+01
   0.18727E+04   0.17475E-04   0.30505E-01   0.30476E-01   0.16706E+01
   0.18727E+04   0.18738E-04   0.30144E-01   0.30115E-01   0.16947E+01
   0.18727E+04   0.20092E-04   0.29738E-01   0.29708E-01   0.17207E+01
   0.18727E+04   0.21544E-04   0.29280E-01   0.29250E-01   0.17488E+01
   0.18727E+04   0.23101E-04   0.29106E-01   0.29076E-01   0.17770E+01
   0.18727E+04   0.24771E-04   0.29265E-01   0.29235E-01   0.18050E+01
   0.18727E+04   0.26561E-04   0.29420E-01   0.29390E-01   0.18346E+01
   0.18727E+04   0.28480E-04   0.29571E-01   0.29541E-01   0.18660E+01
   0.18727E+04   0.30539E-04   0.29719E-01   0.29689E-01   0.18991E+01
   0.18727E+04   0.32745E-04   0.29863E-01   0.29833E-01   0.19342E+01
   0.18727E+04   0.35112E-04   0.30003E-01   0.29973E-01   0.19714E+01
   0.18727E+04   0.37649E-04   0.30255E-01   0.30225E-01   0.20018E+01
   0.18727E+04   0.40370E-04   0.30541E-01   0.30512E-01   0.20306E+01
   0.18727E+04   0.43288E-04   0.30825E-01   0.30796E-01   0.20608E+01
   0.18727E+04   0.46416E-04   0.31106E-01   0.31077E-01   0.20923E+01
   0.18727E+04   0.49770E-04   0.31384E-01   0.31355E-01   0.21252E+01
   0.18727E+04   0.53367E-04   0.31660E-01   0.31631E-01   0.21596E+01
   0.18727E+04   0.57224E-04   0.31950E-01   0.31921E-01   0.21946E+01
   0.18727E+04   0.61359E-04   0.32439E-01   0.32410E-01   0.22181E+01
   0.18727E+04   0.65793E-04   0.32930E-01   0.32901E-01   0.22428E+01
   0.18727E+04   0.70548E-04   0.33422E-01   0.33393E-01   0.22688E+01
   0.18727E+04   0.75646E-04   0.33915E-01   0.33887E-01   0.22962E+01
   0.18727E+04   0.81113E-04   0.34410E-01   0.34382E-01   0.23250E+01
   0.18727E+04   0.86975E-04   0.34906E-01   0.34878E-01   0.23554E+01
   0.18727E+04   0.93260E-04   0.35458E-01   0.35429E-01   0.23824E+01
   0.18727E+04   0.10000E-03   0.36118E-01   0.36089E-01   0.24013E+01
   0.18727E+04   0.10723E-03   0.36783E-01   0.36754E-01   0.24221E+01
   0.18727E+04   0.11498E-03   0.37453E-01   0.37424E-01   0.24449E+01
   0.18727E+04   0.12328E-03   0.38128E-01   0.38100E-01   0.24698E+01
   0.18727E+04   0.13219E-03   0.38808E-01   0.38779E-01   0.24969E+01
   0.18727E+04   0.14175E-03   0.39493E-01   0.39464E-01   0.25263E+01
   0.18727E+04   0.15199E-03   0.40302E-01   0.40274E-01   0.25522E+01
   0.18727E+04   0.16298E-03   0.41199E-01   0.41171E-01   0.25768E+01
   0.18727E+04   0.17475E-03   0.42107E-01   0.42079E-01   0.26041E+01
   0.18727E+04   0.18738E-03   0.43026E-01   0.42997E-01   0.26341E+01
   0.18727E+04   0.20092E-03   0.43955E-01   0.43926E-01   0.26672E+01
   0.18727E+04   0.21544E-03   0.44895E-01   0.44866E-01   0.27032E+01
   0.18727E+04   0.23101E-03   0.45846E-01   0.45817E-01   0.27425E+01
   0.18727E+04   0.24771E-03   0.46521E-01   0.46492E-01   0.27672E+01
   0.18727E+04   0.26561E-03   0.47126E-01   0.47097E-01   0.27924E+01
   0.18727E+04   0.28480E-03   0.47699E-01   0.47670E-01   0.28207E+01
   0.18727E+04   0.30539E-03   0.48237E-01   0.48207E-01   0.28523E+01
   0.18727E+04   0.32745E-03   0.48736E-01   0.48706E-01   0.28871E+01
   0.18727E+04   0.35112E-03   0.49195E-01   0.49165E-01   0.29253E+01
   0.18727E+04   0.37649E-03   0.49749E-01   0.49718E-01   0.29637E+01
   0.18727E+04   0.40370E-03   0.51079E-01   0.51048E-01   0.29864E+01
   0.18727E+04   0.43288E-03   0.52427E-01   0.52396E-01   0.30124E+01
   0.18727E+04   0.46416E-03   0.53790E-01   0.53758E-01   0.30415E+01
   0.18727E+04   0.49770E-03   0.55167E-01   0.55136E-01   0.30739E+01
   0.18727E+04   0.53367E-03   0.56560E-01   0.56528E-01   0.31097E+01
   0.18727E+04   0.57224E-03   0.57965E-01   0.57933E-01   0.31488E+01
   0.18727E+04   0.61359E-03   0.59776E-01   0.59744E-01   0.31801E+01
   0.18727E+04   0.65793E-03   0.62210E-01   0.62178E-01   0.31991E+01
   0.18727E+04   0.70548E-03   0.64733E-01   0.64701E-01   0.32217E+01
   0.18727E+04   0.75646E-03   0.67346E-01   0.67314E-01   0.32481E+01
   0.18727E+04   0.81113E-03   0.70053E-01   0.70022E-01   0.32783E+01
   0.18727E+04   0.86975E-03   0.72857E-01   0.72825E-01   0.33123E+01
   0.18727E+04   0.93260E-03   0.75760E-01   0.75729E-01   0.33501E+01
   0.18727E+04   0.10000E-02   0.79143E-01   0.79112E-01   0.33769E+01
   0.19121E+04   0.10000E-05   0.35034E-01   0.35014E-01   0.12619E+01
   0.19121E+04   0.10723E-05   0.35091E-01   0.35071E-01   0.12640E+01
   0.19121E+04   0.11498E-05   0.35148E-01   0.35127E-01   0.12663E+01
   0.19121E+04   0.12328E-05   0.35204E-01   0.35183E-01   0.12688E+01
   0.19121E+04   0.13219E-05   0.35260E-01   0.35239E-01   0.12715E+01
   0.19121E+04   0.14175E-05   0.34742E-01   0.34721E-01   0.12698E+01
   0.19121E+04   0.15199E-05   0.34106E-01   0.34085E-01   0.12695E+01
   0.19121E+04   0.16298E-05   0.33389E-01   0.33367E-01   0.12704E+01
   0.19121E+04   0.17475E-05   0.32566E-01   0.32543E-01   0.12723E+01
   0.19121E+04   0.18738E-05   0.31601E-01   0.31576E-01   0.12748E+01
   0.19121E+04   0.20092E-05   0.30446E-01   0.30419E-01   0.12779E+01
   0.19121E+04   0.21544E-05   0.29323E-01   0.29291E-01   0.12816E+01
   0.19121E+04   0.23101E-05   0.29430E-01   0.29397E-01   0.12865E+01
   0.19121E+04   0.24771E-05   0.29536E-01   0.29504E-01   0.12919E+01
   0.19121E+04   0.26561E-05   0.29641E-01   0.29609E-01   0.12976E+01
   0.19121E+04   0.28480E-05   0.29746E-01   0.29714E-01   0.13037E+01
   0.19121E+04   0.30539E-05   0.29851E-01   0.29819E-01   0.13104E+01
   0.19121E+04   0.32745E-05   0.29955E-01   0.29923E-01   0.13175E+01
   0.19121E+04   0.35112E-05   0.30090E-01   0.30059E-01   0.13249E+01
   0.19121E+04   0.37649E-05   0.30268E-01   0.30237E-01   0.13325E+01
   0.19121E+04   0.40370E-05   0.30445E-01   0.30414E-01   0.13408E+01
   0.19121E+04   0.43288E-05   0.30622E-01   0.30591E-01   0.13498E+01
   0.19121E+04   0.46416E-05   0.30799E-01   0.30769E-01   0.13594E+01
   0.19121E+04   0.49770E-05   0.30976E-01   0.30946E-01   0.13697E+01
   0.19121E+04   0.53367E-05   0.31153E-01   0.31123E-01   0.13809E+01
   0.19121E+04   0.57224E-05   0.31328E-01   0.31298E-01   0.13930E+01
   0.19121E+04   0.61359E-05   0.31501E-01   0.31471E-01   0.14059E+01
   0.19121E+04   0.65793E-05   0.31673E-01   0.31644E-01   0.14199E+01
   0.19121E+04   0.70548E-05   0.31845E-01   0.31816E-01   0.14348E+01
   0.19121E+04   0.75646E-05   0.32016E-01   0.31988E-01   0.14508E+01
   0.19121E+04   0.81113E-05   0.32187E-01   0.32159E-01   0.14680E+01
   0.19121E+04   0.86975E-05   0.32356E-01   0.32328E-01   0.14865E+01
   0.19121E+04   0.93260E-05   0.32553E-01   0.32525E-01   0.15043E+01
   0.19121E+04   0.10000E-04   0.32748E-01   0.32720E-01   0.15234E+01
   0.19121E+04   0.10723E-04   0.32943E-01   0.32915E-01   0.15440E+01
   0.19121E+04   0.11498E-04   0.33137E-01   0.33109E-01   0.15660E+01
   0.19121E+04   0.12328E-04   0.33330E-01   0.33302E-01   0.15897E+01
   0.19121E+04   0.13219E-04   0.33522E-01   0.33495E-01   0.16151E+01
   0.19121E+04   0.14175E-04   0.33677E-01   0.33651E-01   0.16413E+01
   0.19121E+04   0.15199E-04   0.33707E-01   0.33680E-01   0.16662E+01
   0.19121E+04   0.16298E-04   0.33725E-01   0.33698E-01   0.16929E+01
   0.19121E+04   0.17475E-04   0.33731E-01   0.33705E-01   0.17215E+01
   0.19121E+04   0.18738E-04   0.33725E-01   0.33698E-01   0.17521E+01
   0.19121E+04   0.20092E-04   0.33706E-01   0.33679E-01   0.17849E+01
   0.19121E+04   0.21544E-04   0.33672E-01   0.33645E-01   0.18200E+01
   0.19121E+04   0.23101E-04   0.33740E-01   0.33712E-01   0.18549E+01
   0.19121E+04   0.24771E-04   0.33921E-01   0.33894E-01   0.18889E+01
   0.19121E+04   0.26561E-04   0.34099E-01   0.34072E-01   0.19248E+01
   0.19121E+04   0.28480E-04   0.34273E-01   0.34246E-01   0.19627E+01
   0.19121E+04   0.30539E-04   0.34444E-01   0.34417E-01   0.20027E+01
   0.19121E+04   0.32745E-04   0.34612E-01   0.34585E-01   0.20449E+01
   0.19121E+04   0.35112E-04   0.34776E-01   0.34750E-01   0.20894E+01
   0.19121E+04   0.37649E-04   0.35052E-01   0.35025E-01   0.21257E+01
   0.19121E+04   0.40370E-04   0.35361E-01   0.35334E-01   0.21602E+01
   0.19121E+04   0.43288E-04   0.35668E-01   0.35641E-01   0.21961E+01
   0.19121E+04   0.46416E-04   0.35971E-01   0.35945E-01   0.22337E+01
   0.19121E+04   0.49770E-04   0.36272E-01   0.36245E-01   0.22728E+01
   0.19121E+04   0.53367E-04   0.36570E-01   0.36543E-01   0.23138E+01
   0.19121E+04   0.57224E-04   0.36881E-01   0.36854E-01   0.23553E+01
   0.19121E+04   0.61359E-04   0.37393E-01   0.37366E-01   0.23829E+01
   0.19121E+04   0.65793E-04   0.37904E-01   0.37878E-01   0.24119E+01
   0.19121E+04   0.70548E-04   0.38416E-01   0.38389E-01   0.24424E+01
   0.19121E+04   0.75646E-04   0.38928E-01   0.38901E-01   0.24746E+01
   0.19121E+04   0.81113E-04   0.39439E-01   0.39413E-01   0.25085E+01
   0.19121E+04   0.86975E-04   0.39951E-01   0.39924E-01   0.25443E+01
   0.19121E+04   0.93260E-04   0.40516E-01   0.40489E-01   0.25760E+01
   0.19121E+04   0.10000E-03   0.41187E-01   0.41160E-01   0.25983E+01
   0.19121E+04   0.10723E-03   0.41861E-01   0.41834E-01   0.26227E+01
   0.19121E+04   0.11498E-03   0.42537E-01   0.42510E-01   0.26495E+01
   0.19121E+04   0.12328E-03   0.43216E-01   0.43188E-01   0.26787E+01
   0.19121E+04   0.13219E-03   0.43897E-01   0.43870E-01   0.27105E+01
   0.19121E+04   0.14175E-03   0.44580E-01   0.44553E-01   0.27450E+01
   0.19121E+04   0.15199E-03   0.45383E-01   0.45356E-01   0.27746E+01
   0.19121E+04   0.16298E-03   0.46268E-01   0.46240E-01   0.28022E+01
   0.19121E+04   0.17475E-03   0.47158E-01   0.47131E-01   0.28329E+01
   0.19121E+04   0.18738E-03   0.48055E-01   0.48028E-01   0.28668E+01
   0.19121E+04   0.20092E-03   0.48958E-01   0.48930E-01   0.29042E+01
   0.19121E+04   0.21544E-03   0.49867E-01   0.49839E-01   0.29450E+01
   0.19121E+04   0.23101E-03   0.50781E-01   0.50753E-01   0.29896E+01
   0.19121E+04   0.24771E-03   0.51254E-01   0.51226E-01   0.30158E+01
   0.19121E+04   0.26561E-03   0.51605E-01   0.51576E-01   0.30422E+01
   0.19121E+04   0.28480E-03   0.51890E-01   0.51862E-01   0.30723E+01
   0.19121E+04   0.30539E-03   0.52106E-01   0.52077E-01   0.31061E+01
   0.19121E+04   0.32745E-03   0.52246E-01   0.52217E-01   0.31436E+01
   0.19121E+04   0.35112E-03   0.52307E-01   0.52277E-01   0.31851E+01
   0.19121E+04   0.37649E-03   0.52469E-01   0.52439E-01   0.32267E+01
   0.19121E+04   0.40370E-03   0.53661E-01   0.53631E-01   0.32499E+01
   0.19121E+04   0.43288E-03   0.54853E-01   0.54823E-01   0.32766E+01
   0.19121E+04   0.46416E-03   0.56043E-01   0.56013E-01   0.33069E+01
   0.19121E+04   0.49770E-03   0.57229E-01   0.57198E-01   0.33408E+01
   0.19121E+04   0.53367E-03   0.58408E-01   0.58378E-01   0.33783E+01
   0.19121E+04   0.57224E-03   0.59579E-01   0.59548E-01   0.34196E+01
   0.19121E+04   0.61359E-03   0.61237E-01   0.61206E-01   0.34524E+01
   0.19121E+04   0.65793E-03   0.63656E-01   0.63625E-01   0.34715E+01
   0.19121E+04   0.70548E-03   0.66158E-01   0.66127E-01   0.34945E+01
   0.19121E+04   0.75646E-03   0.68746E-01   0.68715E-01   0.35213E+01
   0.19121E+04   0.81113E-03   0.71422E-01   0.71391E-01   0.35522E+01
   0.19121E+04   0.86975E-03   0.74189E-01   0.74158E-01   0.35870E+01
   0.19121E+04   0.93260E-03   0.77048E-01   0.77018E-01   0.36259E+01
   0.19121E+04   0.10000E-02   0.80436E-01   0.80405E-01   0.36518E+01
   0.19515E+04   0.10000E-05   0.37513E-01   0.37493E-01   0.12552E+01
   0.19515E+04   0.10723E-05   0.37569E-01   0.37549E-01   0.12577E+01
   0.19515E+04   0.11498E-05   0.37624E-01   0.37604E-01   0.12603E+01
   0.19515E+04   0.12328E-05   0.37680E-01   0.37660E-01   0.12631E+01
   0.19515E+04   0.13219E-05   0.37735E-01   0.37715E-01   0.12662E+01
   0.19515E+04   0.14175E-05   0.37112E-01   0.37092E-01   0.12536E+01
   0.19515E+04   0.15199E-05   0.36348E-01   0.36327E-01   0.12470E+01
   0.19515E+04   0.16298E-05   0.35482E-01   0.35461E-01   0.12447E+01
   0.19515E+04   0.17475E-05   0.34474E-01   0.34452E-01   0.12450E+01
   0.19515E+04   0.18738E-05   0.33266E-01   0.33243E-01   0.12469E+01
   0.19515E+04   0.20092E-05   0.31768E-01   0.31742E-01   0.12497E+01
   0.19515E+04   0.21544E-05   0.30246E-01   0.30214E-01   0.12536E+01
   0.19515E+04   0.23101E-05   0.30389E-01   0.30357E-01   0.12593E+01
   0.19515E+04   0.24771E-05   0.30531E-01   0.30499E-01   0.12654E+01
   0.19515E+04   0.26561E-05   0.30672E-01   0.30640E-01   0.12719E+01
   0.19515E+04   0.28480E-05   0.30812E-01   0.30781E-01   0.12789E+01
   0.19515E+04   0.30539E-05   0.30952E-01   0.30921E-01   0.12864E+01
   0.19515E+04   0.32745E-05   0.31091E-01   0.31060E-01   0.12945E+01
   0.19515E+04   0.35112E-05   0.31265E-01   0.31234E-01   0.13030E+01
   0.19515E+04   0.37649E-05   0.31484E-01   0.31454E-01   0.13120E+01
   0.19515E+04   0.40370E-05   0.31704E-01   0.31674E-01   0.13215E+01
   0.19515E+04   0.43288E-05   0.31923E-01   0.31894E-01   0.13319E+01
   0.19515E+04   0.46416E-05   0.32143E-01   0.32113E-01   0.13430E+01
   0.19515E+04   0.49770E-05   0.32363E-01   0.32333E-01   0.13550E+01
   0.19515E+04   0.53367E-05   0.32582E-01   0.32553E-01   0.13678E+01
   0.19515E+04   0.57224E-05   0.32805E-01   0.32776E-01   0.13819E+01
   0.19515E+04   0.61359E-05   0.33028E-01   0.32999E-01   0.13972E+01
   0.19515E+04   0.65793E-05   0.33251E-01   0.33222E-01   0.14135E+01
   0.19515E+04   0.70548E-05   0.33473E-01   0.33445E-01   0.14310E+01
   0.19515E+04   0.75646E-05   0.33695E-01   0.33667E-01   0.14497E+01
   0.19515E+04   0.81113E-05   0.33917E-01   0.33889E-01   0.14697E+01
   0.19515E+04   0.86975E-05   0.34136E-01   0.34108E-01   0.14912E+01
   0.19515E+04   0.93260E-05   0.34415E-01   0.34388E-01   0.15132E+01
   0.19515E+04   0.10000E-04   0.34694E-01   0.34667E-01   0.15367E+01
   0.19515E+04   0.10723E-04   0.34973E-01   0.34946E-01   0.15618E+01
   0.19515E+04   0.11498E-04   0.35252E-01   0.35225E-01   0.15886E+01
   0.19515E+04   0.12328E-04   0.35531E-01   0.35504E-01   0.16172E+01
   0.19515E+04   0.13219E-04   0.35809E-01   0.35783E-01   0.16478E+01
   0.19515E+04   0.14175E-04   0.36104E-01   0.36078E-01   0.16797E+01
   0.19515E+04   0.15199E-04   0.36453E-01   0.36427E-01   0.17110E+01
   0.19515E+04   0.16298E-04   0.36803E-01   0.36777E-01   0.17443E+01
   0.19515E+04   0.17475E-04   0.37153E-01   0.37128E-01   0.17797E+01
   0.19515E+04   0.18738E-04   0.37505E-01   0.37480E-01   0.18174E+01
   0.19515E+04   0.20092E-04   0.37858E-01   0.37832E-01   0.18576E+01
   0.19515E+04   0.21544E-04   0.38211E-01   0.38186E-01   0.19003E+01
   0.19515E+04   0.23101E-04   0.38498E-01   0.38473E-01   0.19422E+01
   0.19515E+04   0.24771E-04   0.38714E-01   0.38689E-01   0.19827E+01
   0.19515E+04   0.26561E-04   0.38926E-01   0.38901E-01   0.20253E+01
   0.19515E+04   0.28480E-04   0.39135E-01   0.39110E-01   0.20702E+01
   0.19515E+04   0.30539E-04   0.39341E-01   0.39316E-01   0.21174E+01
   0.19515E+04   0.32745E-04   0.39544E-01   0.39519E-01   0.21672E+01
   0.19515E+04   0.35112E-04   0.39743E-01   0.39718E-01   0.22196E+01
   0.19515E+04   0.37649E-04   0.40050E-01   0.40025E-01   0.22623E+01
   0.19515E+04   0.40370E-04   0.40390E-01   0.40364E-01   0.23028E+01
   0.19515E+04   0.43288E-04   0.40726E-01   0.40700E-01   0.23450E+01
   0.19515E+04   0.46416E-04   0.41058E-01   0.41033E-01   0.23890E+01
   0.19515E+04   0.49770E-04   0.41388E-01   0.41362E-01   0.24350E+01
   0.19515E+04   0.53367E-04   0.41714E-01   0.41688E-01   0.24830E+01
   0.19515E+04   0.57224E-04   0.42053E-01   0.42027E-01   0.25315E+01
   0.19515E+04   0.61359E-04   0.42586E-01   0.42561E-01   0.25636E+01
   0.19515E+04   0.65793E-04   0.43119E-01   0.43093E-01   0.25974E+01
   0.19515E+04   0.70548E-04   0.43650E-01   0.43624E-01   0.26330E+01
   0.19515E+04   0.75646E-04   0.44180E-01   0.44154E-01   0.26706E+01
   0.19515E+04   0.81113E-04   0.44707E-01   0.44681E-01   0.27101E+01
   0.19515E+04   0.86975E-04   0.45234E-01   0.45207E-01   0.27519E+01
   0.19515E+04   0.93260E-04   0.45810E-01   0.45784E-01   0.27890E+01
   0.19515E+04   0.10000E-03   0.46487E-01   0.46461E-01   0.28150E+01
   0.19515E+04   0.10723E-03   0.47164E-01   0.47138E-01   0.28436E+01
   0.19515E+04   0.11498E-03   0.47841E-01   0.47815E-01   0.28749E+01
   0.19515E+04   0.12328E-03   0.48518E-01   0.48491E-01   0.29091E+01
   0.19515E+04   0.13219E-03   0.49195E-01   0.49168E-01   0.29462E+01
   0.19515E+04   0.14175E-03   0.49871E-01   0.49844E-01   0.29866E+01
   0.19515E+04   0.15199E-03   0.50659E-01   0.50632E-01   0.30206E+01
   0.19515E+04   0.16298E-03   0.51520E-01   0.51493E-01   0.30517E+01
   0.19515E+04   0.17475E-03   0.52384E-01   0.52357E-01   0.30864E+01
   0.19515E+04   0.18738E-03   0.53248E-01   0.53221E-01   0.31249E+01
   0.19515E+04   0.20092E-03   0.54114E-01   0.54087E-01   0.31673E+01
   0.19515E+04   0.21544E-03   0.54980E-01   0.54953E-01   0.32138E+01
   0.19515E+04   0.23101E-03   0.55847E-01   0.55820E-01   0.32645E+01
   0.19515E+04   0.24771E-03   0.56114E-01   0.56087E-01   0.32927E+01
   0.19515E+04   0.26561E-03   0.56207E-01   0.56180E-01   0.33211E+01
   0.19515E+04   0.28480E-03   0.56203E-01   0.56175E-01   0.33537E+01
   0.19515E+04   0.30539E-03   0.56093E-01   0.56065E-01   0.33906E+01
   0.19515E+04   0.32745E-03   0.55869E-01   0.55841E-01   0.34319E+01
   0.19515E+04   0.35112E-03   0.55523E-01   0.55494E-01   0.34777E+01
   0.19515E+04   0.37649E-03   0.55284E-01   0.55255E-01   0.35237E+01
   0.19515E+04   0.40370E-03   0.56336E-01   0.56307E-01   0.35481E+01
   0.19515E+04   0.43288E-03   0.57370E-01   0.57341E-01   0.35766E+01
   0.19515E+04   0.46416E-03   0.58384E-01   0.58354E-01   0.36090E+01
   0.19515E+04   0.49770E-03   0.59373E-01   0.59344E-01   0.36454E+01
   0.19515E+04   0.53367E-03   0.60335E-01   0.60306E-01   0.36860E+01
   0.19515E+04   0.57224E-03   0.61266E-01   0.61236E-01   0.37307E+01
   0.19515E+04   0.61359E-03   0.62767E-01   0.62736E-01   0.37660E+01
   0.19515E+04   0.65793E-03   0.65169E-01   0.65139E-01   0.37860E+01
   0.19515E+04   0.70548E-03   0.67650E-01   0.67620E-01   0.38102E+01
   0.19515E+04   0.75646E-03   0.70211E-01   0.70181E-01   0.38385E+01
   0.19515E+04   0.81113E-03   0.72854E-01   0.72824E-01   0.38711E+01
   0.19515E+04   0.86975E-03   0.75581E-01   0.75551E-01   0.39079E+01
   0.19515E+04   0.93260E-03   0.78395E-01   0.78365E-01   0.39492E+01
   0.19515E+04   0.10000E-02   0.81786E-01   0.81756E-01   0.39750E+01
   0.19909E+04   0.10000E-05   0.38937E-01   0.38917E-01   0.12266E+01
   0.19909E+04   0.10723E-05   0.39004E-01   0.38985E-01   0.12294E+01
   0.19909E+04   0.11498E-05   0.39071E-01   0.39052E-01   0.12325E+01
   0.19909E+04   0.12328E-05   0.39138E-01   0.39119E-01   0.12358E+01
   0.19909E+04   0.13219E-05   0.39205E-01   0.39186E-01   0.12394E+01
   0.19909E+04   0.14175E-05   0.38708E-01   0.38689E-01   0.12274E+01
   0.19909E+04   0.15199E-05   0.38106E-01   0.38086E-01   0.12203E+01
   0.19909E+04   0.16298E-05   0.37440E-01   0.37420E-01   0.12174E+01
   0.19909E+04   0.17475E-05   0.36693E-01   0.36672E-01   0.12172E+01
   0.19909E+04   0.18738E-05   0.35837E-01   0.35816E-01   0.12188E+01
   0.19909E+04   0.20092E-05   0.34838E-01   0.34816E-01   0.12217E+01
   0.19909E+04   0.21544E-05   0.33893E-01   0.33869E-01   0.12259E+01
   0.19909E+04   0.23101E-05   0.34035E-01   0.34011E-01   0.12323E+01
   0.19909E+04   0.24771E-05   0.34176E-01   0.34153E-01   0.12392E+01
   0.19909E+04   0.26561E-05   0.34317E-01   0.34294E-01   0.12466E+01
   0.19909E+04   0.28480E-05   0.34457E-01   0.34434E-01   0.12545E+01
   0.19909E+04   0.30539E-05   0.34597E-01   0.34574E-01   0.12630E+01
   0.19909E+04   0.32745E-05   0.34736E-01   0.34713E-01   0.12722E+01
   0.19909E+04   0.35112E-05   0.34909E-01   0.34886E-01   0.12819E+01
   0.19909E+04   0.37649E-05   0.35124E-01   0.35102E-01   0.12921E+01
   0.19909E+04   0.40370E-05   0.35340E-01   0.35317E-01   0.13031E+01
   0.19909E+04   0.43288E-05   0.35556E-01   0.35533E-01   0.13149E+01
   0.19909E+04   0.46416E-05   0.35772E-01   0.35749E-01   0.13276E+01
   0.19909E+04   0.49770E-05   0.35988E-01   0.35965E-01   0.13412E+01
   0.19909E+04   0.53367E-05   0.36203E-01   0.36181E-01   0.13559E+01
   0.19909E+04   0.57224E-05   0.36424E-01   0.36401E-01   0.13718E+01
   0.19909E+04   0.61359E-05   0.36645E-01   0.36623E-01   0.13889E+01
   0.19909E+04   0.65793E-05   0.36867E-01   0.36845E-01   0.14072E+01
   0.19909E+04   0.70548E-05   0.37088E-01   0.37066E-01   0.14269E+01
   0.19909E+04   0.75646E-05   0.37309E-01   0.37287E-01   0.14479E+01
   0.19909E+04   0.81113E-05   0.37530E-01   0.37508E-01   0.14704E+01
   0.19909E+04   0.86975E-05   0.37748E-01   0.37726E-01   0.14945E+01
   0.19909E+04   0.93260E-05   0.38030E-01   0.38008E-01   0.15193E+01
   0.19909E+04   0.10000E-04   0.38312E-01   0.38290E-01   0.15458E+01
   0.19909E+04   0.10723E-04   0.38594E-01   0.38572E-01   0.15741E+01
   0.19909E+04   0.11498E-04   0.38876E-01   0.38854E-01   0.16043E+01
   0.19909E+04   0.12328E-04   0.39158E-01   0.39137E-01   0.16366E+01
   0.19909E+04   0.13219E-04   0.39441E-01   0.39419E-01   0.16711E+01
   0.19909E+04   0.14175E-04   0.39745E-01   0.39724E-01   0.17071E+01
   0.19909E+04   0.15199E-04   0.40123E-01   0.40102E-01   0.17427E+01
   0.19909E+04   0.16298E-04   0.40503E-01   0.40482E-01   0.17806E+01
   0.19909E+04   0.17475E-04   0.40884E-01   0.40863E-01   0.18209E+01
   0.19909E+04   0.18738E-04   0.41266E-01   0.41246E-01   0.18638E+01
   0.19909E+04   0.20092E-04   0.41651E-01   0.41630E-01   0.19094E+01
   0.19909E+04   0.21544E-04   0.42036E-01   0.42016E-01   0.19579E+01
   0.19909E+04   0.23101E-04   0.42371E-01   0.42350E-01   0.20053E+01
   0.19909E+04   0.24771E-04   0.42650E-01   0.42629E-01   0.20509E+01
   0.19909E+04   0.26561E-04   0.42927E-01   0.42906E-01   0.20990E+01
   0.19909E+04   0.28480E-04   0.43203E-01   0.43182E-01   0.21495E+01
   0.19909E+04   0.30539E-04   0.43478E-01   0.43457E-01   0.22028E+01
   0.19909E+04   0.32745E-04   0.43751E-01   0.43730E-01   0.22590E+01
   0.19909E+04   0.35112E-04   0.44023E-01   0.44002E-01   0.23181E+01
   0.19909E+04   0.37649E-04   0.44381E-01   0.44360E-01   0.23663E+01
   0.19909E+04   0.40370E-04   0.44766E-01   0.44744E-01   0.24120E+01
   0.19909E+04   0.43288E-04   0.45149E-01   0.45127E-01   0.24596E+01
   0.19909E+04   0.46416E-04   0.45530E-01   0.45508E-01   0.25094E+01
   0.19909E+04   0.49770E-04   0.45909E-01   0.45888E-01   0.25613E+01
   0.19909E+04   0.53367E-04   0.46287E-01   0.46265E-01   0.26156E+01
   0.19909E+04   0.57224E-04   0.46669E-01   0.46647E-01   0.26706E+01
   0.19909E+04   0.61359E-04   0.47115E-01   0.47092E-01   0.27064E+01
   0.19909E+04   0.65793E-04   0.47553E-01   0.47530E-01   0.27442E+01
   0.19909E+04   0.70548E-04   0.47984E-01   0.47961E-01   0.27841E+01
   0.19909E+04   0.75646E-04   0.48407E-01   0.48384E-01   0.28262E+01
   0.19909E+04   0.81113E-04   0.48821E-01   0.48798E-01   0.28706E+01
   0.19909E+04   0.86975E-04   0.49227E-01   0.49203E-01   0.29176E+01
   0.19909E+04   0.93260E-04   0.49774E-01   0.49750E-01   0.29599E+01
   0.19909E+04   0.10000E-03   0.50610E-01   0.50586E-01   0.29907E+01
   0.19909E+04   0.10723E-03   0.51450E-01   0.51426E-01   0.30246E+01
   0.19909E+04   0.11498E-03   0.52295E-01   0.52271E-01   0.30616E+01
   0.19909E+04   0.12328E-03   0.53145E-01   0.53120E-01   0.31019E+01
   0.19909E+04   0.13219E-03   0.53998E-01   0.53973E-01   0.31458E+01
   0.19909E+04   0.14175E-03   0.54855E-01   0.54831E-01   0.31934E+01
   0.19909E+04   0.15199E-03   0.55737E-01   0.55712E-01   0.32336E+01
   0.19909E+04   0.16298E-03   0.56632E-01   0.56607E-01   0.32706E+01
   0.19909E+04   0.17475E-03   0.57526E-01   0.57501E-01   0.33118E+01
   0.19909E+04   0.18738E-03   0.58419E-01   0.58394E-01   0.33572E+01
   0.19909E+04   0.20092E-03   0.59310E-01   0.59285E-01   0.34072E+01
   0.19909E+04   0.21544E-03   0.60200E-01   0.60175E-01   0.34619E+01
   0.19909E+04   0.23101E-03   0.61088E-01   0.61063E-01   0.35215E+01
   0.19909E+04   0.24771E-03   0.61449E-01   0.61424E-01   0.35572E+01
   0.19909E+04   0.26561E-03   0.61662E-01   0.61637E-01   0.35933E+01
   0.19909E+04   0.28480E-03   0.61796E-01   0.61771E-01   0.36341E+01
   0.19909E+04   0.30539E-03   0.61846E-01   0.61820E-01   0.36797E+01
   0.19909E+04   0.32745E-03   0.61806E-01   0.61780E-01   0.37303E+01
   0.19909E+04   0.35112E-03   0.61670E-01   0.61644E-01   0.37860E+01
   0.19909E+04   0.37649E-03   0.61652E-01   0.61625E-01   0.38416E+01
   0.19909E+04   0.40370E-03   0.62822E-01   0.62795E-01   0.38714E+01
   0.19909E+04   0.43288E-03   0.63981E-01   0.63954E-01   0.39056E+01
   0.19909E+04   0.46416E-03   0.65127E-01   0.65100E-01   0.39442E+01
   0.19909E+04   0.49770E-03   0.66258E-01   0.66231E-01   0.39874E+01
   0.19909E+04   0.53367E-03   0.67372E-01   0.67344E-01   0.40352E+01
   0.19909E+04   0.57224E-03   0.68465E-01   0.68438E-01   0.40878E+01
   0.19909E+04   0.61359E-03   0.70084E-01   0.70056E-01   0.41291E+01
   0.19909E+04   0.65793E-03   0.72521E-01   0.72494E-01   0.41523E+01
   0.19909E+04   0.70548E-03   0.75029E-01   0.75001E-01   0.41800E+01
   0.19909E+04   0.75646E-03   0.77607E-01   0.77579E-01   0.42123E+01
   0.19909E+04   0.81113E-03   0.80257E-01   0.80230E-01   0.42491E+01
   0.19909E+04   0.86975E-03   0.82982E-01   0.82954E-01   0.42906E+01
   0.19909E+04   0.93260E-03   0.85782E-01   0.85754E-01   0.43369E+01
   0.19909E+04   0.10000E-02   0.89205E-01   0.89177E-01   0.43639E+01
   0.20303E+04   0.10000E-05   0.40389E-01   0.40369E-01   0.11994E+01
   0.20303E+04   0.10723E-05   0.40469E-01   0.40450E-01   0.12027E+01
   0.20303E+04   0.11498E-05   0.40549E-01   0.40529E-01   0.12062E+01
   0.20303E+04   0.12328E-05   0.40628E-01   0.40609E-01   0.12099E+01
   0.20303E+04   0.13219E-05   0.40708E-01   0.40688E-01   0.12140E+01
   0.20303E+04   0.14175E-05   0.40355E-01   0.40336E-01   0.12043E+01
   0.20303E+04   0.15199E-05   0.39932E-01   0.39912E-01   0.11979E+01
   0.20303E+04   0.16298E-05   0.39473E-01   0.39454E-01   0.11948E+01
   0.20303E+04   0.17475E-05   0.38974E-01   0.38954E-01   0.11943E+01
   0.20303E+04   0.18738E-05   0.38424E-01   0.38404E-01   0.11956E+01
   0.20303E+04   0.20092E-05   0.37814E-01   0.37793E-01   0.11984E+01
   0.20303E+04   0.21544E-05   0.37276E-01   0.37256E-01   0.12027E+01
   0.20303E+04   0.23101E-05   0.37421E-01   0.37400E-01   0.12099E+01
   0.20303E+04   0.24771E-05   0.37565E-01   0.37544E-01   0.12177E+01
   0.20303E+04   0.26561E-05   0.37709E-01   0.37688E-01   0.12260E+01
   0.20303E+04   0.28480E-05   0.37852E-01   0.37831E-01   0.12349E+01
   0.20303E+04   0.30539E-05   0.37995E-01   0.37974E-01   0.12445E+01
   0.20303E+04   0.32745E-05   0.38137E-01   0.38117E-01   0.12548E+01
   0.20303E+04   0.35112E-05   0.38310E-01   0.38290E-01   0.12658E+01
   0.20303E+04   0.37649E-05   0.38522E-01   0.38502E-01   0.12773E+01
   0.20303E+04   0.40370E-05   0.38735E-01   0.38715E-01   0.12898E+01
   0.20303E+04   0.43288E-05   0.38947E-01   0.38927E-01   0.13031E+01
   0.20303E+04   0.46416E-05   0.39160E-01   0.39140E-01   0.13175E+01
   0.20303E+04   0.49770E-05   0.39373E-01   0.39353E-01   0.13329E+01
   0.20303E+04   0.53367E-05   0.39585E-01   0.39565E-01   0.13495E+01
   0.20303E+04   0.57224E-05   0.39806E-01   0.39786E-01   0.13673E+01
   0.20303E+04   0.61359E-05   0.40030E-01   0.40011E-01   0.13864E+01
   0.20303E+04   0.65793E-05   0.40254E-01   0.40235E-01   0.14069E+01
   0.20303E+04   0.70548E-05   0.40478E-01   0.40459E-01   0.14288E+01
   0.20303E+04   0.75646E-05   0.40702E-01   0.40682E-01   0.14523E+01
   0.20303E+04   0.81113E-05   0.40926E-01   0.40906E-01   0.14774E+01
   0.20303E+04   0.86975E-05   0.41147E-01   0.41127E-01   0.15044E+01
   0.20303E+04   0.93260E-05   0.41435E-01   0.41416E-01   0.15321E+01
   0.20303E+04   0.10000E-04   0.41724E-01   0.41704E-01   0.15617E+01
   0.20303E+04   0.10723E-04   0.42013E-01   0.41994E-01   0.15934E+01
   0.20303E+04   0.11498E-04   0.42302E-01   0.42283E-01   0.16272E+01
   0.20303E+04   0.12328E-04   0.42592E-01   0.42573E-01   0.16633E+01
   0.20303E+04   0.13219E-04   0.42882E-01   0.42862E-01   0.17019E+01
   0.20303E+04   0.14175E-04   0.43198E-01   0.43179E-01   0.17423E+01
   0.20303E+04   0.15199E-04   0.43604E-01   0.43585E-01   0.17824E+01
   0.20303E+04   0.16298E-04   0.44012E-01   0.43993E-01   0.18251E+01
   0.20303E+04   0.17475E-04   0.44421E-01   0.44402E-01   0.18705E+01
   0.20303E+04   0.18738E-04   0.44833E-01   0.44814E-01   0.19188E+01
   0.20303E+04   0.20092E-04   0.45246E-01   0.45227E-01   0.19702E+01
   0.20303E+04   0.21544E-04   0.45661E-01   0.45642E-01   0.20248E+01
   0.20303E+04   0.23101E-04   0.46049E-01   0.46030E-01   0.20780E+01
   0.20303E+04   0.24771E-04   0.46409E-01   0.46390E-01   0.21291E+01
   0.20303E+04   0.26561E-04   0.46769E-01   0.46750E-01   0.21829E+01
   0.20303E+04   0.28480E-04   0.47129E-01   0.47109E-01   0.22396E+01
   0.20303E+04   0.30539E-04   0.47488E-01   0.47469E-01   0.22993E+01
   0.20303E+04   0.32745E-04   0.47848E-01   0.47829E-01   0.23623E+01
   0.20303E+04   0.35112E-04   0.48209E-01   0.48189E-01   0.24286E+01
   0.20303E+04   0.37649E-04   0.48641E-01   0.48622E-01   0.24826E+01
   0.20303E+04   0.40370E-04   0.49097E-01   0.49077E-01   0.25339E+01
   0.20303E+04   0.43288E-04   0.49551E-01   0.49532E-01   0.25873E+01
   0.20303E+04   0.46416E-04   0.50005E-01   0.49985E-01   0.26432E+01
   0.20303E+04   0.49770E-04   0.50457E-01   0.50438E-01   0.27015E+01
   0.20303E+04   0.53367E-04   0.50909E-01   0.50889E-01   0.27625E+01
   0.20303E+04   0.57224E-04   0.51357E-01   0.51337E-01   0.28242E+01
   0.20303E+04   0.61359E-04   0.51761E-01   0.51741E-01   0.28638E+01
   0.20303E+04   0.65793E-04   0.52141E-01   0.52120E-01   0.29057E+01
   0.20303E+04   0.70548E-04   0.52493E-01   0.52472E-01   0.29500E+01
   0.20303E+04   0.75646E-04   0.52814E-01   0.52793E-01   0.29970E+01
   0.20303E+04   0.81113E-04   0.53102E-01   0.53081E-01   0.30467E+01
   0.20303E+04   0.86975E-04   0.53352E-01   0.53330E-01   0.30993E+01
   0.20303E+04   0.93260E-04   0.53837E-01   0.53815E-01   0.31473E+01
   0.20303E+04   0.10000E-03   0.54846E-01   0.54823E-01   0.31836E+01
   0.20303E+04   0.10723E-03   0.55863E-01   0.55841E-01   0.32234E+01
   0.20303E+04   0.11498E-03   0.56890E-01   0.56868E-01   0.32669E+01
   0.20303E+04   0.12328E-03   0.57927E-01   0.57904E-01   0.33142E+01
   0.20303E+04   0.13219E-03   0.58973E-01   0.58950E-01   0.33655E+01
   0.20303E+04   0.14175E-03   0.60028E-01   0.60005E-01   0.34212E+01
   0.20303E+04   0.15199E-03   0.61012E-01   0.60989E-01   0.34687E+01
   0.20303E+04   0.16298E-03   0.61944E-01   0.61921E-01   0.35124E+01
   0.20303E+04   0.17475E-03   0.62873E-01   0.62850E-01   0.35608E+01
   0.20303E+04   0.18738E-03   0.63798E-01   0.63775E-01   0.36142E+01
   0.20303E+04   0.20092E-03   0.64719E-01   0.64696E-01   0.36728E+01
   0.20303E+04   0.21544E-03   0.65635E-01   0.65612E-01   0.37368E+01
   0.20303E+04   0.23101E-03   0.66548E-01   0.66524E-01   0.38065E+01
   0.20303E+04   0.24771E-03   0.67046E-01   0.67023E-01   0.38505E+01
   0.20303E+04   0.26561E-03   0.67430E-01   0.67406E-01   0.38951E+01
   0.20303E+04   0.28480E-03   0.67753E-01   0.67729E-01   0.39450E+01
   0.20303E+04   0.30539E-03   0.68013E-01   0.67988E-01   0.40003E+01
   0.20303E+04   0.32745E-03   0.68206E-01   0.68182E-01   0.40612E+01
   0.20303E+04   0.35112E-03   0.68330E-01   0.68306E-01   0.41279E+01
   0.20303E+04   0.37649E-03   0.68573E-01   0.68548E-01   0.41942E+01
   0.20303E+04   0.40370E-03   0.69870E-01   0.69845E-01   0.42300E+01
   0.20303E+04   0.43288E-03   0.71162E-01   0.71137E-01   0.42707E+01
   0.20303E+04   0.46416E-03   0.72446E-01   0.72421E-01   0.43165E+01
   0.20303E+04   0.49770E-03   0.73722E-01   0.73697E-01   0.43673E+01
   0.20303E+04   0.53367E-03   0.74989E-01   0.74963E-01   0.44233E+01
   0.20303E+04   0.57224E-03   0.76244E-01   0.76218E-01   0.44846E+01
   0.20303E+04   0.61359E-03   0.77976E-01   0.77950E-01   0.45328E+01
   0.20303E+04   0.65793E-03   0.80441E-01   0.80415E-01   0.45597E+01
   0.20303E+04   0.70548E-03   0.82967E-01   0.82941E-01   0.45916E+01
   0.20303E+04   0.75646E-03   0.85554E-01   0.85528E-01   0.46283E+01
   0.20303E+04   0.81113E-03   0.88203E-01   0.88177E-01   0.46701E+01
   0.20303E+04   0.86975E-03   0.90916E-01   0.90889E-01   0.47170E+01
   0.20303E+04   0.93260E-03   0.93692E-01   0.93666E-01   0.47690E+01
   0.20303E+04   0.10000E-02   0.97138E-01   0.97112E-01   0.47976E+01
   0.20697E+04   0.10000E-05   0.41906E-01   0.41887E-01   0.11749E+01
   0.20697E+04   0.10723E-05   0.41999E-01   0.41980E-01   0.11786E+01
   0.20697E+04   0.11498E-05   0.42092E-01   0.42073E-01   0.11825E+01
   0.20697E+04   0.12328E-05   0.42185E-01   0.42166E-01   0.11867E+01
   0.20697E+04   0.13219E-05   0.42277E-01   0.42258E-01   0.11913E+01
   0.20697E+04   0.14175E-05   0.42081E-01   0.42062E-01   0.11853E+01
   0.20697E+04   0.15199E-05   0.41843E-01   0.41824E-01   0.11809E+01
   0.20697E+04   0.16298E-05   0.41591E-01   0.41572E-01   0.11787E+01
   0.20697E+04   0.17475E-05   0.41321E-01   0.41302E-01   0.11784E+01
   0.20697E+04   0.18738E-05   0.41033E-01   0.41014E-01   0.11797E+01
   0.20697E+04   0.20092E-05   0.40724E-01   0.40704E-01   0.11823E+01
   0.20697E+04   0.21544E-05   0.40475E-01   0.40456E-01   0.11867E+01
   0.20697E+04   0.23101E-05   0.40626E-01   0.40606E-01   0.11948E+01
   0.20697E+04   0.24771E-05   0.40776E-01   0.40757E-01   0.12035E+01
   0.20697E+04   0.26561E-05   0.40926E-01   0.40906E-01   0.12128E+01
   0.20697E+04   0.28480E-05   0.41075E-01   0.41056E-01   0.12228E+01
   0.20697E+04   0.30539E-05   0.41224E-01   0.41205E-01   0.12335E+01
   0.20697E+04   0.32745E-05   0.41373E-01   0.41354E-01   0.12450E+01
   0.20697E+04   0.35112E-05   0.41549E-01   0.41530E-01   0.12572E+01
   0.20697E+04   0.37649E-05   0.41760E-01   0.41741E-01   0.12702E+01
   0.20697E+04   0.40370E-05   0.41971E-01   0.41952E-01   0.12842E+01
   0.20697E+04   0.43288E-05   0.42182E-01   0.42163E-01   0.12992E+01
   0.20697E+04   0.46416E-05   0.42393E-01   0.42374E-01   0.13153E+01
   0.20697E+04   0.49770E-05   0.42604E-01   0.42585E-01   0.13326E+01
   0.20697E+04   0.53367E-05   0.42815E-01   0.42796E-01   0.13511E+01
   0.20697E+04   0.57224E-05   0.43039E-01   0.43021E-01   0.13709E+01
   0.20697E+04   0.61359E-05   0.43270E-01   0.43251E-01   0.13922E+01
   0.20697E+04   0.65793E-05   0.43500E-01   0.43482E-01   0.14149E+01
   0.20697E+04   0.70548E-05   0.43731E-01   0.43712E-01   0.14393E+01
   0.20697E+04   0.75646E-05   0.43961E-01   0.43942E-01   0.14654E+01
   0.20697E+04   0.81113E-05   0.44191E-01   0.44173E-01   0.14933E+01
   0.20697E+04   0.86975E-05   0.44419E-01   0.44400E-01   0.15233E+01
   0.20697E+04   0.93260E-05   0.44719E-01   0.44700E-01   0.15542E+01
   0.20697E+04   0.10000E-04   0.45019E-01   0.45000E-01   0.15871E+01
   0.20697E+04   0.10723E-04   0.45320E-01   0.45301E-01   0.16224E+01
   0.20697E+04   0.11498E-04   0.45620E-01   0.45602E-01   0.16600E+01
   0.20697E+04   0.12328E-04   0.45922E-01   0.45903E-01   0.17002E+01
   0.20697E+04   0.13219E-04   0.46223E-01   0.46205E-01   0.17432E+01
   0.20697E+04   0.14175E-04   0.46556E-01   0.46538E-01   0.17882E+01
   0.20697E+04   0.15199E-04   0.46996E-01   0.46978E-01   0.18332E+01
   0.20697E+04   0.16298E-04   0.47438E-01   0.47420E-01   0.18809E+01
   0.20697E+04   0.17475E-04   0.47883E-01   0.47864E-01   0.19317E+01
   0.20697E+04   0.18738E-04   0.48329E-01   0.48310E-01   0.19858E+01
   0.20697E+04   0.20092E-04   0.48777E-01   0.48759E-01   0.20432E+01
   0.20697E+04   0.21544E-04   0.49227E-01   0.49209E-01   0.21043E+01
   0.20697E+04   0.23101E-04   0.49678E-01   0.49660E-01   0.21637E+01
   0.20697E+04   0.24771E-04   0.50130E-01   0.50112E-01   0.22207E+01
   0.20697E+04   0.26561E-04   0.50583E-01   0.50565E-01   0.22807E+01
   0.20697E+04   0.28480E-04   0.51038E-01   0.51020E-01   0.23439E+01
   0.20697E+04   0.30539E-04   0.51494E-01   0.51476E-01   0.24106E+01
   0.20697E+04   0.32745E-04   0.51952E-01   0.51934E-01   0.24808E+01
   0.20697E+04   0.35112E-04   0.52411E-01   0.52393E-01   0.25549E+01
   0.20697E+04   0.37649E-04   0.52934E-01   0.52916E-01   0.26150E+01
   0.20697E+04   0.40370E-04   0.53478E-01   0.53460E-01   0.26720E+01
   0.20697E+04   0.43288E-04   0.54021E-01   0.54003E-01   0.27315E+01
   0.20697E+04   0.46416E-04   0.54564E-01   0.54545E-01   0.27938E+01
   0.20697E+04   0.49770E-04   0.55106E-01   0.55088E-01   0.28588E+01
   0.20697E+04   0.53367E-04   0.55648E-01   0.55630E-01   0.29269E+01
   0.20697E+04   0.57224E-04   0.56180E-01   0.56161E-01   0.29957E+01
   0.20697E+04   0.61359E-04   0.56576E-01   0.56557E-01   0.30385E+01
   0.20697E+04   0.65793E-04   0.56924E-01   0.56905E-01   0.30843E+01
   0.20697E+04   0.70548E-04   0.57218E-01   0.57198E-01   0.31331E+01
   0.20697E+04   0.75646E-04   0.57446E-01   0.57427E-01   0.31851E+01
   0.20697E+04   0.81113E-04   0.57598E-01   0.57578E-01   0.32404E+01
   0.20697E+04   0.86975E-04   0.57660E-01   0.57639E-01   0.32991E+01
   0.20697E+04   0.93260E-04   0.58046E-01   0.58025E-01   0.33534E+01
   0.20697E+04   0.10000E-03   0.59234E-01   0.59213E-01   0.33959E+01
   0.20697E+04   0.10723E-03   0.60437E-01   0.60416E-01   0.34423E+01
   0.20697E+04   0.11498E-03   0.61655E-01   0.61634E-01   0.34930E+01
   0.20697E+04   0.12328E-03   0.62887E-01   0.62866E-01   0.35480E+01
   0.20697E+04   0.13219E-03   0.64134E-01   0.64113E-01   0.36078E+01
   0.20697E+04   0.14175E-03   0.65396E-01   0.65375E-01   0.36726E+01
   0.20697E+04   0.15199E-03   0.66489E-01   0.66468E-01   0.37280E+01
   0.20697E+04   0.16298E-03   0.67461E-01   0.67440E-01   0.37793E+01
   0.20697E+04   0.17475E-03   0.68427E-01   0.68406E-01   0.38360E+01
   0.20697E+04   0.18738E-03   0.69387E-01   0.69365E-01   0.38983E+01
   0.20697E+04   0.20092E-03   0.70339E-01   0.70318E-01   0.39665E+01
   0.20697E+04   0.21544E-03   0.71285E-01   0.71263E-01   0.40410E+01
   0.20697E+04   0.23101E-03   0.72223E-01   0.72201E-01   0.41219E+01
   0.20697E+04   0.24771E-03   0.72897E-01   0.72875E-01   0.41750E+01
   0.20697E+04   0.26561E-03   0.73493E-01   0.73470E-01   0.42288E+01
   0.20697E+04   0.28480E-03   0.74045E-01   0.74023E-01   0.42885E+01
   0.20697E+04   0.30539E-03   0.74552E-01   0.74530E-01   0.43544E+01
   0.20697E+04   0.32745E-03   0.75013E-01   0.74990E-01   0.44265E+01
   0.20697E+04   0.35112E-03   0.75427E-01   0.75403E-01   0.45051E+01
   0.20697E+04   0.37649E-03   0.75952E-01   0.75928E-01   0.45830E+01
   0.20697E+04   0.40370E-03   0.77377E-01   0.77353E-01   0.46255E+01
   0.20697E+04   0.43288E-03   0.78799E-01   0.78775E-01   0.46734E+01
   0.20697E+04   0.46416E-03   0.80218E-01   0.80194E-01   0.47270E+01
   0.20697E+04   0.49770E-03   0.81633E-01   0.81608E-01   0.47863E+01
   0.20697E+04   0.53367E-03   0.83042E-01   0.83018E-01   0.48514E+01
   0.20697E+04   0.57224E-03   0.84446E-01   0.84421E-01   0.49224E+01
   0.20697E+04   0.61359E-03   0.86278E-01   0.86253E-01   0.49782E+01
   0.20697E+04   0.65793E-03   0.88762E-01   0.88737E-01   0.50093E+01
   0.20697E+04   0.70548E-03   0.91297E-01   0.91272E-01   0.50458E+01
   0.20697E+04   0.75646E-03   0.93883E-01   0.93858E-01   0.50876E+01
   0.20697E+04   0.81113E-03   0.96520E-01   0.96495E-01   0.51350E+01
   0.20697E+04   0.86975E-03   0.99209E-01   0.99184E-01   0.51879E+01
   0.20697E+04   0.93260E-03   0.10195E+00   0.10192E+00   0.52466E+01
   0.20697E+04   0.10000E-02   0.10541E+00   0.10538E+00   0.52770E+01
   0.21091E+04   0.10000E-05   0.43489E-01   0.43470E-01   0.11529E+01
   0.21091E+04   0.10723E-05   0.43596E-01   0.43577E-01   0.11570E+01
   0.21091E+04   0.11498E-05   0.43702E-01   0.43684E-01   0.11614E+01
   0.21091E+04   0.12328E-05   0.43809E-01   0.43790E-01   0.11661E+01
   0.21091E+04   0.13219E-05   0.43915E-01   0.43897E-01   0.11712E+01
   0.21091E+04   0.14175E-05   0.43888E-01   0.43869E-01   0.11705E+01
   0.21091E+04   0.15199E-05   0.43844E-01   0.43825E-01   0.11702E+01
   0.21091E+04   0.16298E-05   0.43795E-01   0.43777E-01   0.11709E+01
   0.21091E+04   0.17475E-05   0.43744E-01   0.43725E-01   0.11727E+01
   0.21091E+04   0.18738E-05   0.43687E-01   0.43669E-01   0.11753E+01
   0.21091E+04   0.20092E-05   0.43627E-01   0.43608E-01   0.11790E+01
   0.21091E+04   0.21544E-05   0.43601E-01   0.43582E-01   0.11842E+01
   0.21091E+04   0.23101E-05   0.43760E-01   0.43741E-01   0.11931E+01
   0.21091E+04   0.24771E-05   0.43919E-01   0.43900E-01   0.12027E+01
   0.21091E+04   0.26561E-05   0.44077E-01   0.44058E-01   0.12130E+01
   0.21091E+04   0.28480E-05   0.44235E-01   0.44217E-01   0.12241E+01
   0.21091E+04   0.30539E-05   0.44393E-01   0.44375E-01   0.12360E+01
   0.21091E+04   0.32745E-05   0.44551E-01   0.44532E-01   0.12487E+01
   0.21091E+04   0.35112E-05   0.44732E-01   0.44713E-01   0.12623E+01
   0.21091E+04   0.37649E-05   0.44943E-01   0.44924E-01   0.12768E+01
   0.21091E+04   0.40370E-05   0.45153E-01   0.45135E-01   0.12923E+01
   0.21091E+04   0.43288E-05   0.45364E-01   0.45345E-01   0.13090E+01
   0.21091E+04   0.46416E-05   0.45574E-01   0.45555E-01   0.13269E+01
   0.21091E+04   0.49770E-05   0.45784E-01   0.45766E-01   0.13461E+01
   0.21091E+04   0.53367E-05   0.45994E-01   0.45976E-01   0.13667E+01
   0.21091E+04   0.57224E-05   0.46225E-01   0.46206E-01   0.13887E+01
   0.21091E+04   0.61359E-05   0.46464E-01   0.46446E-01   0.14121E+01
   0.21091E+04   0.65793E-05   0.46704E-01   0.46686E-01   0.14373E+01
   0.21091E+04   0.70548E-05   0.46944E-01   0.46925E-01   0.14642E+01
   0.21091E+04   0.75646E-05   0.47183E-01   0.47165E-01   0.14930E+01
   0.21091E+04   0.81113E-05   0.47423E-01   0.47405E-01   0.15239E+01
   0.21091E+04   0.86975E-05   0.47659E-01   0.47641E-01   0.15570E+01
   0.21091E+04   0.93260E-05   0.47974E-01   0.47956E-01   0.15912E+01
   0.21091E+04   0.10000E-04   0.48289E-01   0.48271E-01   0.16277E+01
   0.21091E+04   0.10723E-04   0.48604E-01   0.48586E-01   0.16667E+01
   0.21091E+04   0.11498E-04   0.48920E-01   0.48902E-01   0.17083E+01
   0.21091E+04   0.12328E-04   0.49236E-01   0.49218E-01   0.17529E+01
   0.21091E+04   0.13219E-04   0.49552E-01   0.49534E-01   0.18004E+01
   0.21091E+04   0.14175E-04   0.49906E-01   0.49888E-01   0.18504E+01
   0.21091E+04   0.15199E-04   0.50384E-01   0.50367E-01   0.19003E+01
   0.21091E+04   0.16298E-04   0.50865E-01   0.50847E-01   0.19535E+01
   0.21091E+04   0.17475E-04   0.51348E-01   0.51331E-01   0.20100E+01
   0.21091E+04   0.18738E-04   0.51833E-01   0.51816E-01   0.20700E+01
   0.21091E+04   0.20092E-04   0.52321E-01   0.52303E-01   0.21339E+01
   0.21091E+04   0.21544E-04   0.52810E-01   0.52793E-01   0.22018E+01
   0.21091E+04   0.23101E-04   0.53331E-01   0.53313E-01   0.22678E+01
   0.21091E+04   0.24771E-04   0.53884E-01   0.53866E-01   0.23310E+01
   0.21091E+04   0.26561E-04   0.54439E-01   0.54422E-01   0.23977E+01
   0.21091E+04   0.28480E-04   0.54997E-01   0.54980E-01   0.24679E+01
   0.21091E+04   0.30539E-04   0.55558E-01   0.55541E-01   0.25419E+01
   0.21091E+04   0.32745E-04   0.56121E-01   0.56104E-01   0.26199E+01
   0.21091E+04   0.35112E-04   0.56687E-01   0.56670E-01   0.27021E+01
   0.21091E+04   0.37649E-04   0.57313E-01   0.57296E-01   0.27685E+01
   0.21091E+04   0.40370E-04   0.57957E-01   0.57940E-01   0.28312E+01
   0.21091E+04   0.43288E-04   0.58602E-01   0.58584E-01   0.28968E+01
   0.21091E+04   0.46416E-04   0.59246E-01   0.59229E-01   0.29654E+01
   0.21091E+04   0.49770E-04   0.59891E-01   0.59873E-01   0.30373E+01
   0.21091E+04   0.53367E-04   0.60535E-01   0.60518E-01   0.31125E+01
   0.21091E+04   0.57224E-04   0.61163E-01   0.61146E-01   0.31883E+01
   0.21091E+04   0.61359E-04   0.61573E-01   0.61556E-01   0.32324E+01
   0.21091E+04   0.65793E-04   0.61912E-01   0.61894E-01   0.32810E+01
   0.21091E+04   0.70548E-04   0.62162E-01   0.62144E-01   0.33339E+01
   0.21091E+04   0.75646E-04   0.62304E-01   0.62286E-01   0.33908E+01
   0.21091E+04   0.81113E-04   0.62311E-01   0.62292E-01   0.34519E+01
   0.21091E+04   0.86975E-04   0.62148E-01   0.62129E-01   0.35171E+01
   0.21091E+04   0.93260E-04   0.62395E-01   0.62375E-01   0.35783E+01
   0.21091E+04   0.10000E-03   0.63770E-01   0.63750E-01   0.36276E+01
   0.21091E+04   0.10723E-03   0.65166E-01   0.65146E-01   0.36814E+01
   0.21091E+04   0.11498E-03   0.66581E-01   0.66561E-01   0.37401E+01
   0.21091E+04   0.12328E-03   0.68018E-01   0.67998E-01   0.38038E+01
   0.21091E+04   0.13219E-03   0.69475E-01   0.69455E-01   0.38729E+01
   0.21091E+04   0.14175E-03   0.70953E-01   0.70933E-01   0.39477E+01
   0.21091E+04   0.15199E-03   0.72160E-01   0.72140E-01   0.40122E+01
   0.21091E+04   0.16298E-03   0.73176E-01   0.73156E-01   0.40719E+01
   0.21091E+04   0.17475E-03   0.74182E-01   0.74162E-01   0.41377E+01
   0.21091E+04   0.18738E-03   0.75179E-01   0.75159E-01   0.42100E+01
   0.21091E+04   0.20092E-03   0.76166E-01   0.76145E-01   0.42890E+01
   0.21091E+04   0.21544E-03   0.77142E-01   0.77122E-01   0.43750E+01
   0.21091E+04   0.23101E-03   0.78109E-01   0.78088E-01   0.44684E+01
   0.21091E+04   0.24771E-03   0.79000E-01   0.78979E-01   0.45313E+01
   0.21091E+04   0.26561E-03   0.79854E-01   0.79833E-01   0.45951E+01
   0.21091E+04   0.28480E-03   0.80679E-01   0.80658E-01   0.46655E+01
   0.21091E+04   0.30539E-03   0.81474E-01   0.81452E-01   0.47427E+01
   0.21091E+04   0.32745E-03   0.82238E-01   0.82216E-01   0.48270E+01
   0.21091E+04   0.35112E-03   0.82970E-01   0.82948E-01   0.49185E+01
   0.21091E+04   0.37649E-03   0.83800E-01   0.83778E-01   0.50091E+01
   0.21091E+04   0.40370E-03   0.85354E-01   0.85331E-01   0.50589E+01
   0.21091E+04   0.43288E-03   0.86906E-01   0.86883E-01   0.51149E+01
   0.21091E+04   0.46416E-03   0.88456E-01   0.88433E-01   0.51771E+01
   0.21091E+04   0.49770E-03   0.90004E-01   0.89981E-01   0.52457E+01
   0.21091E+04   0.53367E-03   0.91548E-01   0.91525E-01   0.53208E+01
   0.21091E+04   0.57224E-03   0.93088E-01   0.93065E-01   0.54024E+01
   0.21091E+04   0.61359E-03   0.95009E-01   0.94985E-01   0.54665E+01
   0.21091E+04   0.65793E-03   0.97504E-01   0.97480E-01   0.55023E+01
   0.21091E+04   0.70548E-03   0.10004E+00   0.10001E+00   0.55439E+01
   0.21091E+04   0.75646E-03   0.10261E+00   0.10259E+00   0.55915E+01
   0.21091E+04   0.81113E-03   0.10523E+00   0.10520E+00   0.56451E+01
   0.21091E+04   0.86975E-03   0.10788E+00   0.10786E+00   0.57048E+01
   0.21091E+04   0.93260E-03   0.11057E+00   0.11055E+00   0.57707E+01
   0.21091E+04   0.10000E-02   0.11404E+00   0.11401E+00   0.58035E+01
   0.21485E+04   0.10000E-05   0.45121E-01   0.45103E-01   0.11325E+01
   0.21485E+04   0.10723E-05   0.45243E-01   0.45224E-01   0.11370E+01
   0.21485E+04   0.11498E-05   0.45363E-01   0.45345E-01   0.11419E+01
   0.21485E+04   0.12328E-05   0.45484E-01   0.45466E-01   0.11471E+01
   0.21485E+04   0.13219E-05   0.45605E-01   0.45586E-01   0.11527E+01
   0.21485E+04   0.14175E-05   0.45744E-01   0.45726E-01   0.11586E+01
   0.21485E+04   0.15199E-05   0.45886E-01   0.45867E-01   0.11650E+01
   0.21485E+04   0.16298E-05   0.46027E-01   0.46008E-01   0.11718E+01
   0.21485E+04   0.17475E-05   0.46168E-01   0.46150E-01   0.11792E+01
   0.21485E+04   0.18738E-05   0.46309E-01   0.46290E-01   0.11871E+01
   0.21485E+04   0.20092E-05   0.46449E-01   0.46431E-01   0.11956E+01
   0.21485E+04   0.21544E-05   0.46595E-01   0.46577E-01   0.12047E+01
   0.21485E+04   0.23101E-05   0.46765E-01   0.46747E-01   0.12145E+01
   0.21485E+04   0.24771E-05   0.46935E-01   0.46916E-01   0.12250E+01
   0.21485E+04   0.26561E-05   0.47104E-01   0.47086E-01   0.12362E+01
   0.21485E+04   0.28480E-05   0.47273E-01   0.47255E-01   0.12483E+01
   0.21485E+04   0.30539E-05   0.47442E-01   0.47424E-01   0.12613E+01
   0.21485E+04   0.32745E-05   0.47611E-01   0.47593E-01   0.12753E+01
   0.21485E+04   0.35112E-05   0.47799E-01   0.47781E-01   0.12902E+01
   0.21485E+04   0.37649E-05   0.48012E-01   0.47994E-01   0.13061E+01
   0.21485E+04   0.40370E-05   0.48225E-01   0.48207E-01   0.13232E+01
   0.21485E+04   0.43288E-05   0.48437E-01   0.48419E-01   0.13415E+01
   0.21485E+04   0.46416E-05   0.48648E-01   0.48630E-01   0.13611E+01
   0.21485E+04   0.49770E-05   0.48859E-01   0.48842E-01   0.13822E+01
   0.21485E+04   0.53367E-05   0.49070E-01   0.49053E-01   0.14049E+01
   0.21485E+04   0.57224E-05   0.49310E-01   0.49292E-01   0.14289E+01
   0.21485E+04   0.61359E-05   0.49561E-01   0.49543E-01   0.14546E+01
   0.21485E+04   0.65793E-05   0.49813E-01   0.49795E-01   0.14821E+01
   0.21485E+04   0.70548E-05   0.50064E-01   0.50046E-01   0.15116E+01
   0.21485E+04   0.75646E-05   0.50316E-01   0.50298E-01   0.15432E+01
   0.21485E+04   0.81113E-05   0.50567E-01   0.50549E-01   0.15771E+01
   0.21485E+04   0.86975E-05   0.50816E-01   0.50798E-01   0.16134E+01
   0.21485E+04   0.93260E-05   0.51148E-01   0.51130E-01   0.16510E+01
   0.21485E+04   0.10000E-04   0.51480E-01   0.51463E-01   0.16910E+01
   0.21485E+04   0.10723E-04   0.51813E-01   0.51796E-01   0.17339E+01
   0.21485E+04   0.11498E-04   0.52147E-01   0.52130E-01   0.17797E+01
   0.21485E+04   0.12328E-04   0.52481E-01   0.52464E-01   0.18286E+01
   0.21485E+04   0.13219E-04   0.52815E-01   0.52798E-01   0.18809E+01
   0.21485E+04   0.14175E-04   0.53192E-01   0.53175E-01   0.19359E+01
   0.21485E+04   0.15199E-04   0.53712E-01   0.53695E-01   0.19911E+01
   0.21485E+04   0.16298E-04   0.54234E-01   0.54217E-01   0.20498E+01
   0.21485E+04   0.17475E-04   0.54759E-01   0.54742E-01   0.21122E+01
   0.21485E+04   0.18738E-04   0.55285E-01   0.55268E-01   0.21785E+01
   0.21485E+04   0.20092E-04   0.55814E-01   0.55797E-01   0.22490E+01
   0.21485E+04   0.21544E-04   0.56346E-01   0.56329E-01   0.23241E+01
   0.21485E+04   0.23101E-04   0.56938E-01   0.56921E-01   0.23970E+01
   0.21485E+04   0.24771E-04   0.57593E-01   0.57576E-01   0.24667E+01
   0.21485E+04   0.26561E-04   0.58251E-01   0.58234E-01   0.25403E+01
   0.21485E+04   0.28480E-04   0.58914E-01   0.58897E-01   0.26178E+01
   0.21485E+04   0.30539E-04   0.59580E-01   0.59563E-01   0.26996E+01
   0.21485E+04   0.32745E-04   0.60249E-01   0.60233E-01   0.27858E+01
   0.21485E+04   0.35112E-04   0.60922E-01   0.60906E-01   0.28767E+01
   0.21485E+04   0.37649E-04   0.61655E-01   0.61638E-01   0.29487E+01
   0.21485E+04   0.40370E-04   0.62407E-01   0.62390E-01   0.30165E+01
   0.21485E+04   0.43288E-04   0.63160E-01   0.63143E-01   0.30876E+01
   0.21485E+04   0.46416E-04   0.63913E-01   0.63897E-01   0.31622E+01
   0.21485E+04   0.49770E-04   0.64667E-01   0.64651E-01   0.32405E+01
   0.21485E+04   0.53367E-04   0.65422E-01   0.65405E-01   0.33227E+01
   0.21485E+04   0.57224E-04   0.66155E-01   0.66139E-01   0.34048E+01
   0.21485E+04   0.61359E-04   0.66606E-01   0.66589E-01   0.34460E+01
   0.21485E+04   0.65793E-04   0.66964E-01   0.66948E-01   0.34954E+01
   0.21485E+04   0.70548E-04   0.67207E-01   0.67190E-01   0.35513E+01
   0.21485E+04   0.75646E-04   0.67299E-01   0.67282E-01   0.36130E+01
   0.21485E+04   0.81113E-04   0.67197E-01   0.67180E-01   0.36800E+01
   0.21485E+04   0.86975E-04   0.66841E-01   0.66823E-01   0.37522E+01
   0.21485E+04   0.93260E-04   0.66958E-01   0.66939E-01   0.38208E+01
   0.21485E+04   0.10000E-03   0.68517E-01   0.68497E-01   0.38777E+01
   0.21485E+04   0.10723E-03   0.70101E-01   0.70081E-01   0.39398E+01
   0.21485E+04   0.11498E-03   0.71710E-01   0.71691E-01   0.40073E+01
   0.21485E+04   0.12328E-03   0.73346E-01   0.73327E-01   0.40806E+01
   0.21485E+04   0.13219E-03   0.75008E-01   0.74989E-01   0.41600E+01
   0.21485E+04   0.14175E-03   0.76697E-01   0.76678E-01   0.42459E+01
   0.21485E+04   0.15199E-03   0.78027E-01   0.78008E-01   0.43202E+01
   0.21485E+04   0.16298E-03   0.79104E-01   0.79085E-01   0.43894E+01
   0.21485E+04   0.17475E-03   0.80169E-01   0.80150E-01   0.44654E+01
   0.21485E+04   0.18738E-03   0.81223E-01   0.81204E-01   0.45487E+01
   0.21485E+04   0.20092E-03   0.82264E-01   0.82245E-01   0.46395E+01
   0.21485E+04   0.21544E-03   0.83293E-01   0.83273E-01   0.47383E+01
   0.21485E+04   0.23101E-03   0.84308E-01   0.84288E-01   0.48455E+01
   0.21485E+04   0.24771E-03   0.85464E-01   0.85445E-01   0.49189E+01
   0.21485E+04   0.26561E-03   0.86626E-01   0.86606E-01   0.49935E+01
   0.21485E+04   0.28480E-03   0.87770E-01   0.87750E-01   0.50753E+01
   0.21485E+04   0.30539E-03   0.88894E-01   0.88874E-01   0.51648E+01
   0.21485E+04   0.32745E-03   0.89999E-01   0.89978E-01   0.52621E+01
   0.21485E+04   0.35112E-03   0.91083E-01   0.91062E-01   0.53675E+01
   0.21485E+04   0.37649E-03   0.92244E-01   0.92223E-01   0.54718E+01
   0.21485E+04   0.40370E-03   0.93950E-01   0.93929E-01   0.55296E+01
   0.21485E+04   0.43288E-03   0.95655E-01   0.95634E-01   0.55943E+01
   0.21485E+04   0.46416E-03   0.97359E-01   0.97337E-01   0.56660E+01
   0.21485E+04   0.49770E-03   0.99061E-01   0.99038E-01   0.57447E+01
   0.21485E+04   0.53367E-03   0.10076E+00   0.10074E+00   0.58306E+01
   0.21485E+04   0.57224E-03   0.10245E+00   0.10243E+00   0.59238E+01
   0.21485E+04   0.61359E-03   0.10449E+00   0.10446E+00   0.59970E+01
   0.21485E+04   0.65793E-03   0.10702E+00   0.10700E+00   0.60379E+01
   0.21485E+04   0.70548E-03   0.10959E+00   0.10957E+00   0.60852E+01
   0.21485E+04   0.75646E-03   0.11218E+00   0.11216E+00   0.61390E+01
   0.21485E+04   0.81113E-03   0.11481E+00   0.11479E+00   0.61995E+01
   0.21485E+04   0.86975E-03   0.11747E+00   0.11744E+00   0.62666E+01
   0.21485E+04   0.93260E-03   0.12015E+00   0.12013E+00   0.63406E+01
   0.21485E+04   0.10000E-02   0.12362E+00   0.12360E+00   0.63758E+01
   0.21879E+04   0.10000E-05   0.46627E-01   0.46609E-01   0.11057E+01
   0.21879E+04   0.10723E-05   0.46761E-01   0.46742E-01   0.11105E+01
   0.21879E+04   0.11498E-05   0.46894E-01   0.46876E-01   0.11156E+01
   0.21879E+04   0.12328E-05   0.47027E-01   0.47009E-01   0.11212E+01
   0.21879E+04   0.13219E-05   0.47160E-01   0.47142E-01   0.11272E+01
   0.21879E+04   0.14175E-05   0.47313E-01   0.47295E-01   0.11335E+01
   0.21879E+04   0.15199E-05   0.47468E-01   0.47449E-01   0.11403E+01
   0.21879E+04   0.16298E-05   0.47622E-01   0.47604E-01   0.11477E+01
   0.21879E+04   0.17475E-05   0.47777E-01   0.47758E-01   0.11556E+01
   0.21879E+04   0.18738E-05   0.47931E-01   0.47913E-01   0.11640E+01
   0.21879E+04   0.20092E-05   0.48085E-01   0.48067E-01   0.11732E+01
   0.21879E+04   0.21544E-05   0.48244E-01   0.48226E-01   0.11830E+01
   0.21879E+04   0.23101E-05   0.48429E-01   0.48411E-01   0.11934E+01
   0.21879E+04   0.24771E-05   0.48613E-01   0.48595E-01   0.12047E+01
   0.21879E+04   0.26561E-05   0.48797E-01   0.48779E-01   0.12168E+01
   0.21879E+04   0.28480E-05   0.48981E-01   0.48963E-01   0.12298E+01
   0.21879E+04   0.30539E-05   0.49165E-01   0.49147E-01   0.12438E+01
   0.21879E+04   0.32745E-05   0.49349E-01   0.49331E-01   0.12588E+01
   0.21879E+04   0.35112E-05   0.49552E-01   0.49535E-01   0.12749E+01
   0.21879E+04   0.37649E-05   0.49781E-01   0.49763E-01   0.12920E+01
   0.21879E+04   0.40370E-05   0.50009E-01   0.49992E-01   0.13105E+01
   0.21879E+04   0.43288E-05   0.50237E-01   0.50220E-01   0.13303E+01
   0.21879E+04   0.46416E-05   0.50465E-01   0.50447E-01   0.13515E+01
   0.21879E+04   0.49770E-05   0.50692E-01   0.50675E-01   0.13743E+01
   0.21879E+04   0.53367E-05   0.50919E-01   0.50902E-01   0.13989E+01
   0.21879E+04   0.57224E-05   0.51177E-01   0.51159E-01   0.14249E+01
   0.21879E+04   0.61359E-05   0.51448E-01   0.51430E-01   0.14527E+01
   0.21879E+04   0.65793E-05   0.51719E-01   0.51701E-01   0.14825E+01
   0.21879E+04   0.70548E-05   0.51990E-01   0.51973E-01   0.15145E+01
   0.21879E+04   0.75646E-05   0.52261E-01   0.52244E-01   0.15488E+01
   0.21879E+04   0.81113E-05   0.52532E-01   0.52515E-01   0.15855E+01
   0.21879E+04   0.86975E-05   0.52800E-01   0.52783E-01   0.16250E+01
   0.21879E+04   0.93260E-05   0.53160E-01   0.53143E-01   0.16658E+01
   0.21879E+04   0.10000E-04   0.53520E-01   0.53503E-01   0.17093E+01
   0.21879E+04   0.10723E-04   0.53881E-01   0.53864E-01   0.17559E+01
   0.21879E+04   0.11498E-04   0.54242E-01   0.54225E-01   0.18058E+01
   0.21879E+04   0.12328E-04   0.54604E-01   0.54587E-01   0.18591E+01
   0.21879E+04   0.13219E-04   0.54967E-01   0.54950E-01   0.19161E+01
   0.21879E+04   0.14175E-04   0.55372E-01   0.55355E-01   0.19760E+01
   0.21879E+04   0.15199E-04   0.55920E-01   0.55903E-01   0.20362E+01
   0.21879E+04   0.16298E-04   0.56470E-01   0.56453E-01   0.21003E+01
   0.21879E+04   0.17475E-04   0.57023E-01   0.57006E-01   0.21684E+01
   0.21879E+04   0.18738E-04   0.57578E-01   0.57562E-01   0.22409E+01
   0.21879E+04   0.20092E-04   0.58136E-01   0.58119E-01   0.23180E+01
   0.21879E+04   0.21544E-04   0.58697E-01   0.58680E-01   0.24000E+01
   0.21879E+04   0.23101E-04   0.59324E-01   0.59307E-01   0.24799E+01
   0.21879E+04   0.24771E-04   0.60020E-01   0.60004E-01   0.25565E+01
   0.21879E+04   0.26561E-04   0.60721E-01   0.60705E-01   0.26373E+01
   0.21879E+04   0.28480E-04   0.61426E-01   0.61410E-01   0.27225E+01
   0.21879E+04   0.30539E-04   0.62136E-01   0.62119E-01   0.28123E+01
   0.21879E+04   0.32745E-04   0.62849E-01   0.62833E-01   0.29071E+01
   0.21879E+04   0.35112E-04   0.63567E-01   0.63550E-01   0.30072E+01
   0.21879E+04   0.37649E-04   0.64370E-01   0.64354E-01   0.30873E+01
   0.21879E+04   0.40370E-04   0.65204E-01   0.65187E-01   0.31632E+01
   0.21879E+04   0.43288E-04   0.66040E-01   0.66024E-01   0.32427E+01
   0.21879E+04   0.46416E-04   0.66880E-01   0.66863E-01   0.33260E+01
   0.21879E+04   0.49770E-04   0.67722E-01   0.67706E-01   0.34136E+01
   0.21879E+04   0.53367E-04   0.68567E-01   0.68551E-01   0.35054E+01
   0.21879E+04   0.57224E-04   0.69399E-01   0.69383E-01   0.35976E+01
   0.21879E+04   0.61359E-04   0.70026E-01   0.70010E-01   0.36463E+01
   0.21879E+04   0.65793E-04   0.70591E-01   0.70575E-01   0.37029E+01
   0.21879E+04   0.70548E-04   0.71080E-01   0.71063E-01   0.37662E+01
   0.21879E+04   0.75646E-04   0.71475E-01   0.71458E-01   0.38357E+01
   0.21879E+04   0.81113E-04   0.71753E-01   0.71736E-01   0.39112E+01
   0.21879E+04   0.86975E-04   0.71886E-01   0.71869E-01   0.39925E+01
   0.21879E+04   0.93260E-04   0.72429E-01   0.72412E-01   0.40702E+01
   0.21879E+04   0.10000E-03   0.74061E-01   0.74044E-01   0.41354E+01
   0.21879E+04   0.10723E-03   0.75720E-01   0.75702E-01   0.42064E+01
   0.21879E+04   0.11498E-03   0.77405E-01   0.77387E-01   0.42835E+01
   0.21879E+04   0.12328E-03   0.79117E-01   0.79099E-01   0.43671E+01
   0.21879E+04   0.13219E-03   0.80856E-01   0.80839E-01   0.44576E+01
   0.21879E+04   0.14175E-03   0.82622E-01   0.82605E-01   0.45553E+01
   0.21879E+04   0.15199E-03   0.84121E-01   0.84104E-01   0.46405E+01
   0.21879E+04   0.16298E-03   0.85432E-01   0.85414E-01   0.47201E+01
   0.21879E+04   0.17475E-03   0.86740E-01   0.86722E-01   0.48074E+01
   0.21879E+04   0.18738E-03   0.88045E-01   0.88027E-01   0.49029E+01
   0.21879E+04   0.20092E-03   0.89347E-01   0.89329E-01   0.50068E+01
   0.21879E+04   0.21544E-03   0.90645E-01   0.90627E-01   0.51196E+01
   0.21879E+04   0.23101E-03   0.91939E-01   0.91921E-01   0.52417E+01
   0.21879E+04   0.24771E-03   0.93428E-01   0.93409E-01   0.53263E+01
   0.21879E+04   0.26561E-03   0.94941E-01   0.94922E-01   0.54119E+01
   0.21879E+04   0.28480E-03   0.96448E-01   0.96430E-01   0.55058E+01
   0.21879E+04   0.30539E-03   0.97949E-01   0.97931E-01   0.56080E+01
   0.21879E+04   0.32745E-03   0.99444E-01   0.99424E-01   0.57190E+01
   0.21879E+04   0.35112E-03   0.10093E+00   0.10091E+00   0.58389E+01
   0.21879E+04   0.37649E-03   0.10250E+00   0.10249E+00   0.59576E+01
   0.21879E+04   0.40370E-03   0.10463E+00   0.10461E+00   0.60239E+01
   0.21879E+04   0.43288E-03   0.10677E+00   0.10675E+00   0.60978E+01
   0.21879E+04   0.46416E-03   0.10892E+00   0.10890E+00   0.61793E+01
   0.21879E+04   0.49770E-03   0.11109E+00   0.11107E+00   0.62686E+01
   0.21879E+04   0.53367E-03   0.11327E+00   0.11325E+00   0.63659E+01
   0.21879E+04   0.57224E-03   0.11546E+00   0.11544E+00   0.64713E+01
   0.21879E+04   0.61359E-03   0.11800E+00   0.11798E+00   0.65538E+01
   0.21879E+04   0.65793E-03   0.12104E+00   0.12102E+00   0.65996E+01
   0.21879E+04   0.70548E-03   0.12413E+00   0.12410E+00   0.66524E+01
   0.21879E+04   0.75646E-03   0.12726E+00   0.12724E+00   0.67124E+01
   0.21879E+04   0.81113E-03   0.13045E+00   0.13042E+00   0.67795E+01
   0.21879E+04   0.86975E-03   0.13368E+00   0.13366E+00   0.68540E+01
   0.21879E+04   0.93260E-03   0.13695E+00   0.13693E+00   0.69360E+01
   0.21879E+04   0.10000E-02   0.14055E+00   0.14053E+00   0.69735E+01
   0.22273E+04   0.10000E-05   0.48185E-01   0.48167E-01   0.10812E+01
   0.22273E+04   0.10723E-05   0.48331E-01   0.48313E-01   0.10863E+01
   0.22273E+04   0.11498E-05   0.48478E-01   0.48459E-01   0.10918E+01
   0.22273E+04   0.12328E-05   0.48624E-01   0.48605E-01   0.10977E+01
   0.22273E+04   0.13219E-05   0.48769E-01   0.48751E-01   0.11041E+01
   0.22273E+04   0.14175E-05   0.48936E-01   0.48918E-01   0.11108E+01
   0.22273E+04   0.15199E-05   0.49105E-01   0.49087E-01   0.11181E+01
   0.22273E+04   0.16298E-05   0.49273E-01   0.49255E-01   0.11259E+01
   0.22273E+04   0.17475E-05   0.49441E-01   0.49423E-01   0.11343E+01
   0.22273E+04   0.18738E-05   0.49609E-01   0.49592E-01   0.11433E+01
   0.22273E+04   0.20092E-05   0.49778E-01   0.49760E-01   0.11531E+01
   0.22273E+04   0.21544E-05   0.49951E-01   0.49933E-01   0.11636E+01
   0.22273E+04   0.23101E-05   0.50151E-01   0.50133E-01   0.11747E+01
   0.22273E+04   0.24771E-05   0.50351E-01   0.50333E-01   0.11868E+01
   0.22273E+04   0.26561E-05   0.50551E-01   0.50533E-01   0.11997E+01
   0.22273E+04   0.28480E-05   0.50750E-01   0.50732E-01   0.12136E+01
   0.22273E+04   0.30539E-05   0.50949E-01   0.50932E-01   0.12286E+01
   0.22273E+04   0.32745E-05   0.51149E-01   0.51131E-01   0.12448E+01
   0.22273E+04   0.35112E-05   0.51368E-01   0.51351E-01   0.12620E+01
   0.22273E+04   0.37649E-05   0.51613E-01   0.51596E-01   0.12804E+01
   0.22273E+04   0.40370E-05   0.51858E-01   0.51841E-01   0.13002E+01
   0.22273E+04   0.43288E-05   0.52103E-01   0.52086E-01   0.13215E+01
   0.22273E+04   0.46416E-05   0.52347E-01   0.52330E-01   0.13444E+01
   0.22273E+04   0.49770E-05   0.52592E-01   0.52574E-01   0.13690E+01
   0.22273E+04   0.53367E-05   0.52835E-01   0.52818E-01   0.13954E+01
   0.22273E+04   0.57224E-05   0.53113E-01   0.53095E-01   0.14235E+01
   0.22273E+04   0.61359E-05   0.53404E-01   0.53387E-01   0.14535E+01
   0.22273E+04   0.65793E-05   0.53696E-01   0.53679E-01   0.14856E+01
   0.22273E+04   0.70548E-05   0.53987E-01   0.53970E-01   0.15201E+01
   0.22273E+04   0.75646E-05   0.54279E-01   0.54262E-01   0.15572E+01
   0.22273E+04   0.81113E-05   0.54571E-01   0.54554E-01   0.15969E+01
   0.22273E+04   0.86975E-05   0.54859E-01   0.54842E-01   0.16397E+01
   0.22273E+04   0.93260E-05   0.55248E-01   0.55231E-01   0.16838E+01
   0.22273E+04   0.10000E-04   0.55637E-01   0.55620E-01   0.17309E+01
   0.22273E+04   0.10723E-04   0.56027E-01   0.56010E-01   0.17814E+01
   0.22273E+04   0.11498E-04   0.56418E-01   0.56401E-01   0.18354E+01
   0.22273E+04   0.12328E-04   0.56809E-01   0.56793E-01   0.18933E+01
   0.22273E+04   0.13219E-04   0.57202E-01   0.57185E-01   0.19552E+01
   0.22273E+04   0.14175E-04   0.57636E-01   0.57620E-01   0.20203E+01
   0.22273E+04   0.15199E-04   0.58213E-01   0.58197E-01   0.20856E+01
   0.22273E+04   0.16298E-04   0.58793E-01   0.58777E-01   0.21552E+01
   0.22273E+04   0.17475E-04   0.59376E-01   0.59360E-01   0.22293E+01
   0.22273E+04   0.18738E-04   0.59961E-01   0.59945E-01   0.23081E+01
   0.22273E+04   0.20092E-04   0.60550E-01   0.60533E-01   0.23921E+01
   0.22273E+04   0.21544E-04   0.61141E-01   0.61124E-01   0.24814E+01
   0.22273E+04   0.23101E-04   0.61805E-01   0.61788E-01   0.25686E+01
   0.22273E+04   0.24771E-04   0.62545E-01   0.62529E-01   0.26523E+01
   0.22273E+04   0.26561E-04   0.63291E-01   0.63275E-01   0.27406E+01
   0.22273E+04   0.28480E-04   0.64041E-01   0.64025E-01   0.28338E+01
   0.22273E+04   0.30539E-04   0.64796E-01   0.64780E-01   0.29321E+01
   0.22273E+04   0.32745E-04   0.65555E-01   0.65539E-01   0.30359E+01
   0.22273E+04   0.35112E-04   0.66319E-01   0.66303E-01   0.31455E+01
   0.22273E+04   0.37649E-04   0.67198E-01   0.67183E-01   0.32344E+01
   0.22273E+04   0.40370E-04   0.68119E-01   0.68103E-01   0.33188E+01
   0.22273E+04   0.43288E-04   0.69045E-01   0.69030E-01   0.34073E+01
   0.22273E+04   0.46416E-04   0.69977E-01   0.69961E-01   0.35001E+01
   0.22273E+04   0.49770E-04   0.70914E-01   0.70898E-01   0.35975E+01
   0.22273E+04   0.53367E-04   0.71856E-01   0.71841E-01   0.36997E+01
   0.22273E+04   0.57224E-04   0.72795E-01   0.72779E-01   0.38027E+01
   0.22273E+04   0.61359E-04   0.73612E-01   0.73597E-01   0.38606E+01
   0.22273E+04   0.65793E-04   0.74394E-01   0.74378E-01   0.39257E+01
   0.22273E+04   0.70548E-04   0.75132E-01   0.75116E-01   0.39975E+01
   0.22273E+04   0.75646E-04   0.75818E-01   0.75802E-01   0.40758E+01
   0.22273E+04   0.81113E-04   0.76442E-01   0.76426E-01   0.41606E+01
   0.22273E+04   0.86975E-04   0.76992E-01   0.76976E-01   0.42518E+01
   0.22273E+04   0.93260E-04   0.77888E-01   0.77872E-01   0.43395E+01
   0.22273E+04   0.10000E-03   0.79606E-01   0.79589E-01   0.44138E+01
   0.22273E+04   0.10723E-03   0.81351E-01   0.81334E-01   0.44946E+01
   0.22273E+04   0.11498E-03   0.83123E-01   0.83107E-01   0.45822E+01
   0.22273E+04   0.12328E-03   0.84923E-01   0.84907E-01   0.46770E+01
   0.22273E+04   0.13219E-03   0.86752E-01   0.86735E-01   0.47795E+01
   0.22273E+04   0.14175E-03   0.88608E-01   0.88592E-01   0.48902E+01
   0.22273E+04   0.15199E-03   0.90300E-01   0.90284E-01   0.49873E+01
   0.22273E+04   0.16298E-03   0.91878E-01   0.91862E-01   0.50784E+01
   0.22273E+04   0.17475E-03   0.93463E-01   0.93446E-01   0.51782E+01
   0.22273E+04   0.18738E-03   0.95054E-01   0.95038E-01   0.52871E+01
   0.22273E+04   0.20092E-03   0.96652E-01   0.96635E-01   0.54054E+01
   0.22273E+04   0.21544E-03   0.98255E-01   0.98238E-01   0.55336E+01
   0.22273E+04   0.23101E-03   0.99864E-01   0.99847E-01   0.56722E+01
   0.22273E+04   0.24771E-03   0.10173E+00   0.10171E+00   0.57690E+01
   0.22273E+04   0.26561E-03   0.10364E+00   0.10362E+00   0.58669E+01
   0.22273E+04   0.28480E-03   0.10555E+00   0.10554E+00   0.59739E+01
   0.22273E+04   0.30539E-03   0.10748E+00   0.10746E+00   0.60903E+01
   0.22273E+04   0.32745E-03   0.10941E+00   0.10939E+00   0.62163E+01
   0.22273E+04   0.35112E-03   0.11135E+00   0.11133E+00   0.63522E+01
   0.22273E+04   0.37649E-03   0.11339E+00   0.11337E+00   0.64866E+01
   0.22273E+04   0.40370E-03   0.11598E+00   0.11597E+00   0.65624E+01
   0.22273E+04   0.43288E-03   0.11861E+00   0.11859E+00   0.66464E+01
   0.22273E+04   0.46416E-03   0.12126E+00   0.12124E+00   0.67389E+01
   0.22273E+04   0.49770E-03   0.12395E+00   0.12393E+00   0.68399E+01
   0.22273E+04   0.53367E-03   0.12666E+00   0.12664E+00   0.69496E+01
   0.22273E+04   0.57224E-03   0.12941E+00   0.12939E+00   0.70683E+01
   0.22273E+04   0.61359E-03   0.13250E+00   0.13248E+00   0.71611E+01
   0.22273E+04   0.65793E-03   0.13610E+00   0.13608E+00   0.72122E+01
   0.22273E+04   0.70548E-03   0.13976E+00   0.13974E+00   0.72709E+01
   0.22273E+04   0.75646E-03   0.14349E+00   0.14347E+00   0.73374E+01
   0.22273E+04   0.81113E-03   0.14729E+00   0.14727E+00   0.74118E+01
   0.22273E+04   0.86975E-03   0.15115E+00   0.15113E+00   0.74942E+01
   0.22273E+04   0.93260E-03   0.15508E+00   0.15506E+00   0.75848E+01
   0.22273E+04   0.10000E-02   0.15879E+00   0.15877E+00   0.76241E+01
   0.22667E+04   0.10000E-05   0.49795E-01   0.49777E-01   0.10590E+01
   0.22667E+04   0.10723E-05   0.49955E-01   0.49937E-01   0.10644E+01
   0.22667E+04   0.11498E-05   0.50114E-01   0.50096E-01   0.10702E+01
   0.22667E+04   0.12328E-05   0.50273E-01   0.50256E-01   0.10764E+01
   0.22667E+04   0.13219E-05   0.50433E-01   0.50415E-01   0.10832E+01
   0.22667E+04   0.14175E-05   0.50614E-01   0.50596E-01   0.10903E+01
   0.22667E+04   0.15199E-05   0.50797E-01   0.50779E-01   0.10980E+01
   0.22667E+04   0.16298E-05   0.50980E-01   0.50962E-01   0.11063E+01
   0.22667E+04   0.17475E-05   0.51163E-01   0.51145E-01   0.11152E+01
   0.22667E+04   0.18738E-05   0.51345E-01   0.51328E-01   0.11249E+01
   0.22667E+04   0.20092E-05   0.51528E-01   0.51510E-01   0.11352E+01
   0.22667E+04   0.21544E-05   0.51716E-01   0.51699E-01   0.11464E+01
   0.22667E+04   0.23101E-05   0.51932E-01   0.51915E-01   0.11583E+01
   0.22667E+04   0.24771E-05   0.52148E-01   0.52131E-01   0.11711E+01
   0.22667E+04   0.26561E-05   0.52364E-01   0.52347E-01   0.11849E+01
   0.22667E+04   0.28480E-05   0.52580E-01   0.52562E-01   0.11997E+01
   0.22667E+04   0.30539E-05   0.52795E-01   0.52778E-01   0.12158E+01
   0.22667E+04   0.32745E-05   0.53011E-01   0.52994E-01   0.12330E+01
   0.22667E+04   0.35112E-05   0.53247E-01   0.53230E-01   0.12515E+01
   0.22667E+04   0.37649E-05   0.53510E-01   0.53492E-01   0.12711E+01
   0.22667E+04   0.40370E-05   0.53772E-01   0.53755E-01   0.12923E+01
   0.22667E+04   0.43288E-05   0.54034E-01   0.54017E-01   0.13151E+01
   0.22667E+04   0.46416E-05   0.54296E-01   0.54279E-01   0.13397E+01
   0.22667E+04   0.49770E-05   0.54558E-01   0.54541E-01   0.13661E+01
   0.22667E+04   0.53367E-05   0.54820E-01   0.54803E-01   0.13945E+01
   0.22667E+04   0.57224E-05   0.55117E-01   0.55100E-01   0.14246E+01
   0.22667E+04   0.61359E-05   0.55430E-01   0.55413E-01   0.14568E+01
   0.22667E+04   0.65793E-05   0.55743E-01   0.55727E-01   0.14913E+01
   0.22667E+04   0.70548E-05   0.56057E-01   0.56040E-01   0.15284E+01
   0.22667E+04   0.75646E-05   0.56370E-01   0.56353E-01   0.15683E+01
   0.22667E+04   0.81113E-05   0.56683E-01   0.56667E-01   0.16111E+01
   0.22667E+04   0.86975E-05   0.56993E-01   0.56977E-01   0.16572E+01
   0.22667E+04   0.93260E-05   0.57412E-01   0.57395E-01   0.17047E+01
   0.22667E+04   0.10000E-04   0.57832E-01   0.57815E-01   0.17556E+01
   0.22667E+04   0.10723E-04   0.58252E-01   0.58236E-01   0.18100E+01
   0.22667E+04   0.11498E-04   0.58674E-01   0.58657E-01   0.18684E+01
   0.22667E+04   0.12328E-04   0.59096E-01   0.59080E-01   0.19309E+01
   0.22667E+04   0.13219E-04   0.59520E-01   0.59503E-01   0.19978E+01
   0.22667E+04   0.14175E-04   0.59986E-01   0.59969E-01   0.20683E+01
   0.22667E+04   0.15199E-04   0.60594E-01   0.60577E-01   0.21390E+01
   0.22667E+04   0.16298E-04   0.61205E-01   0.61188E-01   0.22143E+01
   0.22667E+04   0.17475E-04   0.61819E-01   0.61802E-01   0.22946E+01
   0.22667E+04   0.18738E-04   0.62436E-01   0.62420E-01   0.23800E+01
   0.22667E+04   0.20092E-04   0.63056E-01   0.63040E-01   0.24710E+01
   0.22667E+04   0.21544E-04   0.63679E-01   0.63663E-01   0.25680E+01
   0.22667E+04   0.23101E-04   0.64381E-01   0.64365E-01   0.26627E+01
   0.22667E+04   0.24771E-04   0.65168E-01   0.65152E-01   0.27538E+01
   0.22667E+04   0.26561E-04   0.65960E-01   0.65944E-01   0.28499E+01
   0.22667E+04   0.28480E-04   0.66757E-01   0.66742E-01   0.29514E+01
   0.22667E+04   0.30539E-04   0.67560E-01   0.67544E-01   0.30586E+01
   0.22667E+04   0.32745E-04   0.68367E-01   0.68352E-01   0.31718E+01
   0.22667E+04   0.35112E-04   0.69180E-01   0.69165E-01   0.32914E+01
   0.22667E+04   0.37649E-04   0.70141E-01   0.70125E-01   0.33894E+01
   0.22667E+04   0.40370E-04   0.71155E-01   0.71140E-01   0.34830E+01
   0.22667E+04   0.43288E-04   0.72178E-01   0.72162E-01   0.35811E+01
   0.22667E+04   0.46416E-04   0.73208E-01   0.73193E-01   0.36840E+01
   0.22667E+04   0.49770E-04   0.74247E-01   0.74231E-01   0.37920E+01
   0.22667E+04   0.53367E-04   0.75293E-01   0.75278E-01   0.39054E+01
   0.22667E+04   0.57224E-04   0.76345E-01   0.76330E-01   0.40201E+01
   0.22667E+04   0.61359E-04   0.77368E-01   0.77352E-01   0.40889E+01
   0.22667E+04   0.65793E-04   0.78376E-01   0.78361E-01   0.41642E+01
   0.22667E+04   0.70548E-04   0.79367E-01   0.79352E-01   0.42461E+01
   0.22667E+04   0.75646E-04   0.80338E-01   0.80322E-01   0.43346E+01
   0.22667E+04   0.81113E-04   0.81284E-01   0.81268E-01   0.44299E+01
   0.22667E+04   0.86975E-04   0.82201E-01   0.82185E-01   0.45323E+01
   0.22667E+04   0.93260E-04   0.83401E-01   0.83385E-01   0.46309E+01
   0.22667E+04   0.10000E-03   0.85214E-01   0.85198E-01   0.47151E+01
   0.22667E+04   0.10723E-03   0.87055E-01   0.87040E-01   0.48065E+01
   0.22667E+04   0.11498E-03   0.88925E-01   0.88910E-01   0.49055E+01
   0.22667E+04   0.12328E-03   0.90824E-01   0.90808E-01   0.50125E+01
   0.22667E+04   0.13219E-03   0.92751E-01   0.92735E-01   0.51281E+01
   0.22667E+04   0.14175E-03   0.94708E-01   0.94692E-01   0.52527E+01
   0.22667E+04   0.15199E-03   0.96614E-01   0.96599E-01   0.53628E+01
   0.22667E+04   0.16298E-03   0.98490E-01   0.98474E-01   0.54667E+01
   0.22667E+04   0.17475E-03   0.10038E+00   0.10037E+00   0.55801E+01
   0.22667E+04   0.18738E-03   0.10229E+00   0.10227E+00   0.57036E+01
   0.22667E+04   0.20092E-03   0.10421E+00   0.10420E+00   0.58376E+01
   0.22667E+04   0.21544E-03   0.10616E+00   0.10614E+00   0.59826E+01
   0.22667E+04   0.23101E-03   0.10811E+00   0.10810E+00   0.61391E+01
   0.22667E+04   0.24771E-03   0.11039E+00   0.11037E+00   0.62494E+01
   0.22667E+04   0.26561E-03   0.11274E+00   0.11272E+00   0.63609E+01
   0.22667E+04   0.28480E-03   0.11510E+00   0.11509E+00   0.64824E+01
   0.22667E+04   0.30539E-03   0.11750E+00   0.11748E+00   0.66142E+01
   0.22667E+04   0.32745E-03   0.11992E+00   0.11990E+00   0.67566E+01
   0.22667E+04   0.35112E-03   0.12236E+00   0.12234E+00   0.69100E+01
   0.22667E+04   0.37649E-03   0.12491E+00   0.12489E+00   0.70616E+01
   0.22667E+04   0.40370E-03   0.12802E+00   0.12800E+00   0.71477E+01
   0.22667E+04   0.43288E-03   0.13117E+00   0.13116E+00   0.72429E+01
   0.22667E+04   0.46416E-03   0.13438E+00   0.13436E+00   0.73474E+01
   0.22667E+04   0.49770E-03   0.13763E+00   0.13761E+00   0.74612E+01
   0.22667E+04   0.53367E-03   0.14093E+00   0.14091E+00   0.75845E+01
   0.22667E+04   0.57224E-03   0.14428E+00   0.14426E+00   0.77177E+01
   0.22667E+04   0.61359E-03   0.14798E+00   0.14796E+00   0.78216E+01
   0.22667E+04   0.65793E-03   0.15219E+00   0.15217E+00   0.78783E+01
   0.22667E+04   0.70548E-03   0.15647E+00   0.15646E+00   0.79433E+01
   0.22667E+04   0.75646E-03   0.16085E+00   0.16083E+00   0.80169E+01
   0.22667E+04   0.81113E-03   0.16531E+00   0.16529E+00   0.80990E+01
   0.22667E+04   0.86975E-03   0.16986E+00   0.16984E+00   0.81898E+01
   0.22667E+04   0.93260E-03   0.17449E+00   0.17447E+00   0.82896E+01
   0.22667E+04   0.10000E-02   0.17832E+00   0.17830E+00   0.83299E+01
   0.23061E+04   0.10000E-05   0.51457E-01   0.51439E-01   0.10389E+01
   0.23061E+04   0.10723E-05   0.51630E-01   0.51612E-01   0.10446E+01
   0.23061E+04   0.11498E-05   0.51804E-01   0.51786E-01   0.10507E+01
   0.23061E+04   0.12328E-05   0.51977E-01   0.51959E-01   0.10573E+01
   0.23061E+04   0.13219E-05   0.52150E-01   0.52132E-01   0.10645E+01
   0.23061E+04   0.14175E-05   0.52346E-01   0.52328E-01   0.10720E+01
   0.23061E+04   0.15199E-05   0.52544E-01   0.52527E-01   0.10801E+01
   0.23061E+04   0.16298E-05   0.52742E-01   0.52725E-01   0.10889E+01
   0.23061E+04   0.17475E-05   0.52940E-01   0.52923E-01   0.10983E+01
   0.23061E+04   0.18738E-05   0.53138E-01   0.53121E-01   0.11085E+01
   0.23061E+04   0.20092E-05   0.53336E-01   0.53319E-01   0.11195E+01
   0.23061E+04   0.21544E-05   0.53540E-01   0.53522E-01   0.11314E+01
   0.23061E+04   0.23101E-05   0.53773E-01   0.53755E-01   0.11440E+01
   0.23061E+04   0.24771E-05   0.54005E-01   0.53988E-01   0.11575E+01
   0.23061E+04   0.26561E-05   0.54238E-01   0.54221E-01   0.11722E+01
   0.23061E+04   0.28480E-05   0.54470E-01   0.54453E-01   0.11880E+01
   0.23061E+04   0.30539E-05   0.54703E-01   0.54686E-01   0.12050E+01
   0.23061E+04   0.32745E-05   0.54935E-01   0.54918E-01   0.12234E+01
   0.23061E+04   0.35112E-05   0.55189E-01   0.55172E-01   0.12430E+01
   0.23061E+04   0.37649E-05   0.55470E-01   0.55453E-01   0.12640E+01
   0.23061E+04   0.40370E-05   0.55751E-01   0.55734E-01   0.12866E+01
   0.23061E+04   0.43288E-05   0.56031E-01   0.56014E-01   0.13109E+01
   0.23061E+04   0.46416E-05   0.56312E-01   0.56295E-01   0.13372E+01
   0.23061E+04   0.49770E-05   0.56592E-01   0.56575E-01   0.13654E+01
   0.23061E+04   0.53367E-05   0.56872E-01   0.56855E-01   0.13958E+01
   0.23061E+04   0.57224E-05   0.57191E-01   0.57174E-01   0.14280E+01
   0.23061E+04   0.61359E-05   0.57526E-01   0.57510E-01   0.14624E+01
   0.23061E+04   0.65793E-05   0.57862E-01   0.57845E-01   0.14994E+01
   0.23061E+04   0.70548E-05   0.58198E-01   0.58181E-01   0.15392E+01
   0.23061E+04   0.75646E-05   0.58534E-01   0.58518E-01   0.15820E+01
   0.23061E+04   0.81113E-05   0.58870E-01   0.58854E-01   0.16279E+01
   0.23061E+04   0.86975E-05   0.59203E-01   0.59186E-01   0.16775E+01
   0.23061E+04   0.93260E-05   0.59653E-01   0.59637E-01   0.17285E+01
   0.23061E+04   0.10000E-04   0.60104E-01   0.60088E-01   0.17831E+01
   0.23061E+04   0.10723E-04   0.60557E-01   0.60541E-01   0.18417E+01
   0.23061E+04   0.11498E-04   0.61011E-01   0.60995E-01   0.19045E+01
   0.23061E+04   0.12328E-04   0.61466E-01   0.61450E-01   0.19718E+01
   0.23061E+04   0.13219E-04   0.61922E-01   0.61906E-01   0.20439E+01
   0.23061E+04   0.14175E-04   0.62420E-01   0.62404E-01   0.21199E+01
   0.23061E+04   0.15199E-04   0.63060E-01   0.63045E-01   0.21961E+01
   0.23061E+04   0.16298E-04   0.63704E-01   0.63688E-01   0.22773E+01
   0.23061E+04   0.17475E-04   0.64351E-01   0.64335E-01   0.23639E+01
   0.23061E+04   0.18738E-04   0.65001E-01   0.64985E-01   0.24562E+01
   0.23061E+04   0.20092E-04   0.65654E-01   0.65639E-01   0.25545E+01
   0.23061E+04   0.21544E-04   0.66311E-01   0.66295E-01   0.26593E+01
   0.23061E+04   0.23101E-04   0.67054E-01   0.67039E-01   0.27618E+01
   0.23061E+04   0.24771E-04   0.67889E-01   0.67874E-01   0.28606E+01
   0.23061E+04   0.26561E-04   0.68730E-01   0.68715E-01   0.29649E+01
   0.23061E+04   0.28480E-04   0.69577E-01   0.69561E-01   0.30751E+01
   0.23061E+04   0.30539E-04   0.70429E-01   0.70414E-01   0.31915E+01
   0.23061E+04   0.32745E-04   0.71287E-01   0.71272E-01   0.33144E+01
   0.23061E+04   0.35112E-04   0.72151E-01   0.72136E-01   0.34444E+01
   0.23061E+04   0.37649E-04   0.73199E-01   0.73183E-01   0.35521E+01
   0.23061E+04   0.40370E-04   0.74313E-01   0.74298E-01   0.36554E+01
   0.23061E+04   0.43288E-04   0.75439E-01   0.75424E-01   0.37637E+01
   0.23061E+04   0.46416E-04   0.76575E-01   0.76560E-01   0.38774E+01
   0.23061E+04   0.49770E-04   0.77722E-01   0.77707E-01   0.39967E+01
   0.23061E+04   0.53367E-04   0.78880E-01   0.78865E-01   0.41220E+01
   0.23061E+04   0.57224E-04   0.80053E-01   0.80038E-01   0.42493E+01
   0.23061E+04   0.61359E-04   0.81296E-01   0.81281E-01   0.43312E+01
   0.23061E+04   0.65793E-04   0.82543E-01   0.82528E-01   0.44192E+01
   0.23061E+04   0.70548E-04   0.83791E-01   0.83776E-01   0.45134E+01
   0.23061E+04   0.75646E-04   0.85042E-01   0.85027E-01   0.46144E+01
   0.23061E+04   0.81113E-04   0.86293E-01   0.86278E-01   0.47223E+01
   0.23061E+04   0.86975E-04   0.87544E-01   0.87529E-01   0.48377E+01
   0.23061E+04   0.93260E-04   0.89015E-01   0.89000E-01   0.49486E+01
   0.23061E+04   0.10000E-03   0.90933E-01   0.90917E-01   0.50436E+01
   0.23061E+04   0.10723E-03   0.92879E-01   0.92864E-01   0.51465E+01
   0.23061E+04   0.11498E-03   0.94855E-01   0.94840E-01   0.52577E+01
   0.23061E+04   0.12328E-03   0.96860E-01   0.96845E-01   0.53778E+01
   0.23061E+04   0.13219E-03   0.98895E-01   0.98880E-01   0.55074E+01
   0.23061E+04   0.14175E-03   0.10096E+00   0.10095E+00   0.56469E+01
   0.23061E+04   0.15199E-03   0.10310E+00   0.10309E+00   0.57711E+01
   0.23061E+04   0.16298E-03   0.10530E+00   0.10529E+00   0.58888E+01
   0.23061E+04   0.17475E-03   0.10753E+00   0.10751E+00   0.60171E+01
   0.23061E+04   0.18738E-03   0.10978E+00   0.10977E+00   0.61565E+01
   0.23061E+04   0.20092E-03   0.11206E+00   0.11205E+00   0.63075E+01
   0.23061E+04   0.21544E-03   0.11437E+00   0.11436E+00   0.64706E+01
   0.23061E+04   0.23101E-03   0.11671E+00   0.11670E+00   0.66466E+01
   0.23061E+04   0.24771E-03   0.11944E+00   0.11942E+00   0.67715E+01
   0.23061E+04   0.26561E-03   0.12226E+00   0.12224E+00   0.68978E+01
   0.23061E+04   0.28480E-03   0.12512E+00   0.12510E+00   0.70351E+01
   0.23061E+04   0.30539E-03   0.12802E+00   0.12801E+00   0.71837E+01
   0.23061E+04   0.32745E-03   0.13097E+00   0.13095E+00   0.73439E+01
   0.23061E+04   0.35112E-03   0.13395E+00   0.13394E+00   0.75163E+01
   0.23061E+04   0.37649E-03   0.13707E+00   0.13705E+00   0.76865E+01
   0.23061E+04   0.40370E-03   0.14073E+00   0.14072E+00   0.77840E+01
   0.23061E+04   0.43288E-03   0.14446E+00   0.14445E+00   0.78914E+01
   0.23061E+04   0.46416E-03   0.14826E+00   0.14825E+00   0.80089E+01
   0.23061E+04   0.49770E-03   0.15213E+00   0.15211E+00   0.81366E+01
   0.23061E+04   0.53367E-03   0.15606E+00   0.15605E+00   0.82748E+01
   0.23061E+04   0.57224E-03   0.16007E+00   0.16005E+00   0.84236E+01
   0.23061E+04   0.61359E-03   0.16443E+00   0.16441E+00   0.85394E+01
   0.23061E+04   0.65793E-03   0.16928E+00   0.16926E+00   0.86021E+01
   0.23061E+04   0.70548E-03   0.17424E+00   0.17422E+00   0.86739E+01
   0.23061E+04   0.75646E-03   0.17930E+00   0.17928E+00   0.87548E+01
   0.23061E+04   0.81113E-03   0.18447E+00   0.18445E+00   0.88451E+01
   0.23061E+04   0.86975E-03   0.18975E+00   0.18973E+00   0.89448E+01
   0.23061E+04   0.93260E-03   0.19514E+00   0.19512E+00   0.90543E+01
   0.23061E+04   0.10000E-02   0.19907E+00   0.19906E+00   0.90939E+01
   0.23455E+04   0.10000E-05   0.53170E-01   0.53153E-01   0.10209E+01
   0.23455E+04   0.10723E-05   0.53358E-01   0.53341E-01   0.10269E+01
   0.23455E+04   0.11498E-05   0.53546E-01   0.53528E-01   0.10333E+01
   0.23455E+04   0.12328E-05   0.53734E-01   0.53716E-01   0.10403E+01
   0.23455E+04   0.13219E-05   0.53921E-01   0.53904E-01   0.10478E+01
   0.23455E+04   0.14175E-05   0.54133E-01   0.54116E-01   0.10557E+01
   0.23455E+04   0.15199E-05   0.54347E-01   0.54329E-01   0.10642E+01
   0.23455E+04   0.16298E-05   0.54561E-01   0.54543E-01   0.10735E+01
   0.23455E+04   0.17475E-05   0.54774E-01   0.54757E-01   0.10834E+01
   0.23455E+04   0.18738E-05   0.54988E-01   0.54971E-01   0.10942E+01
   0.23455E+04   0.20092E-05   0.55202E-01   0.55184E-01   0.11058E+01
   0.23455E+04   0.21544E-05   0.55421E-01   0.55404E-01   0.11183E+01
   0.23455E+04   0.23101E-05   0.55672E-01   0.55655E-01   0.11316E+01
   0.23455E+04   0.24771E-05   0.55922E-01   0.55905E-01   0.11460E+01
   0.23455E+04   0.26561E-05   0.56172E-01   0.56155E-01   0.11615E+01
   0.23455E+04   0.28480E-05   0.56422E-01   0.56405E-01   0.11782E+01
   0.23455E+04   0.30539E-05   0.56672E-01   0.56655E-01   0.11963E+01
   0.23455E+04   0.32745E-05   0.56922E-01   0.56905E-01   0.12158E+01
   0.23455E+04   0.35112E-05   0.57194E-01   0.57177E-01   0.12367E+01
   0.23455E+04   0.37649E-05   0.57494E-01   0.57477E-01   0.12590E+01
   0.23455E+04   0.40370E-05   0.57794E-01   0.57777E-01   0.12830E+01
   0.23455E+04   0.43288E-05   0.58094E-01   0.58077E-01   0.13089E+01
   0.23455E+04   0.46416E-05   0.58394E-01   0.58377E-01   0.13368E+01
   0.23455E+04   0.49770E-05   0.58693E-01   0.58677E-01   0.13669E+01
   0.23455E+04   0.53367E-05   0.58993E-01   0.58976E-01   0.13993E+01
   0.23455E+04   0.57224E-05   0.59334E-01   0.59317E-01   0.14337E+01
   0.23455E+04   0.61359E-05   0.59693E-01   0.59676E-01   0.14704E+01
   0.23455E+04   0.65793E-05   0.60052E-01   0.60036E-01   0.15099E+01
   0.23455E+04   0.70548E-05   0.60411E-01   0.60395E-01   0.15523E+01
   0.23455E+04   0.75646E-05   0.60771E-01   0.60755E-01   0.15981E+01
   0.23455E+04   0.81113E-05   0.61131E-01   0.61115E-01   0.16472E+01
   0.23455E+04   0.86975E-05   0.61487E-01   0.61471E-01   0.17002E+01
   0.23455E+04   0.93260E-05   0.61971E-01   0.61955E-01   0.17548E+01
   0.23455E+04   0.10000E-04   0.62455E-01   0.62439E-01   0.18134E+01
   0.23455E+04   0.10723E-04   0.62942E-01   0.62926E-01   0.18761E+01
   0.23455E+04   0.11498E-04   0.63429E-01   0.63413E-01   0.19435E+01
   0.23455E+04   0.12328E-04   0.63918E-01   0.63902E-01   0.20157E+01
   0.23455E+04   0.13219E-04   0.64408E-01   0.64392E-01   0.20932E+01
   0.23455E+04   0.14175E-04   0.64940E-01   0.64924E-01   0.21748E+01
   0.23455E+04   0.15199E-04   0.65614E-01   0.65599E-01   0.22567E+01
   0.23455E+04   0.16298E-04   0.66292E-01   0.66277E-01   0.23440E+01
   0.23455E+04   0.17475E-04   0.66974E-01   0.66958E-01   0.24371E+01
   0.23455E+04   0.18738E-04   0.67658E-01   0.67643E-01   0.25364E+01
   0.23455E+04   0.20092E-04   0.68347E-01   0.68331E-01   0.26423E+01
   0.23455E+04   0.21544E-04   0.69038E-01   0.69023E-01   0.27552E+01
   0.23455E+04   0.23101E-04   0.69824E-01   0.69809E-01   0.28658E+01
   0.23455E+04   0.24771E-04   0.70710E-01   0.70694E-01   0.29725E+01
   0.23455E+04   0.26561E-04   0.71602E-01   0.71586E-01   0.30852E+01
   0.23455E+04   0.28480E-04   0.72500E-01   0.72484E-01   0.32044E+01
   0.23455E+04   0.30539E-04   0.73404E-01   0.73389E-01   0.33303E+01
   0.23455E+04   0.32745E-04   0.74315E-01   0.74300E-01   0.34634E+01
   0.23455E+04   0.35112E-04   0.75233E-01   0.75217E-01   0.36041E+01
   0.23455E+04   0.37649E-04   0.76373E-01   0.76358E-01   0.37220E+01
   0.23455E+04   0.40370E-04   0.77595E-01   0.77580E-01   0.38357E+01
   0.23455E+04   0.43288E-04   0.78831E-01   0.78816E-01   0.39549E+01
   0.23455E+04   0.46416E-04   0.80080E-01   0.80065E-01   0.40800E+01
   0.23455E+04   0.49770E-04   0.81343E-01   0.81328E-01   0.42114E+01
   0.23455E+04   0.53367E-04   0.82619E-01   0.82604E-01   0.43494E+01
   0.23455E+04   0.57224E-04   0.83923E-01   0.83908E-01   0.44902E+01
   0.23455E+04   0.61359E-04   0.85402E-01   0.85387E-01   0.45878E+01
   0.23455E+04   0.65793E-04   0.86898E-01   0.86883E-01   0.46914E+01
   0.23455E+04   0.70548E-04   0.88410E-01   0.88395E-01   0.48015E+01
   0.23455E+04   0.75646E-04   0.89938E-01   0.89923E-01   0.49185E+01
   0.23455E+04   0.81113E-04   0.91483E-01   0.91468E-01   0.50428E+01
   0.23455E+04   0.86975E-04   0.93045E-01   0.93030E-01   0.51750E+01
   0.23455E+04   0.93260E-04   0.94768E-01   0.94753E-01   0.53009E+01
   0.23455E+04   0.10000E-03   0.96797E-01   0.96782E-01   0.54073E+01
   0.23455E+04   0.10723E-03   0.98855E-01   0.98841E-01   0.55223E+01
   0.23455E+04   0.11498E-03   0.10094E+00   0.10093E+00   0.56466E+01
   0.23455E+04   0.12328E-03   0.10306E+00   0.10305E+00   0.57806E+01
   0.23455E+04   0.13219E-03   0.10522E+00   0.10520E+00   0.59250E+01
   0.23455E+04   0.14175E-03   0.10740E+00   0.10738E+00   0.60803E+01
   0.23455E+04   0.15199E-03   0.10979E+00   0.10978E+00   0.62196E+01
   0.23455E+04   0.16298E-03   0.11234E+00   0.11233E+00   0.63522E+01
   0.23455E+04   0.17475E-03   0.11493E+00   0.11491E+00   0.64965E+01
   0.23455E+04   0.18738E-03   0.11756E+00   0.11754E+00   0.66529E+01
   0.23455E+04   0.20092E-03   0.12022E+00   0.12021E+00   0.68221E+01
   0.23455E+04   0.21544E-03   0.12293E+00   0.12291E+00   0.70048E+01
   0.23455E+04   0.23101E-03   0.12567E+00   0.12566E+00   0.72015E+01
   0.23455E+04   0.24771E-03   0.12889E+00   0.12887E+00   0.73424E+01
   0.23455E+04   0.26561E-03   0.13222E+00   0.13220E+00   0.74846E+01
   0.23455E+04   0.28480E-03   0.13561E+00   0.13560E+00   0.76389E+01
   0.23455E+04   0.30539E-03   0.13907E+00   0.13905E+00   0.78056E+01
   0.23455E+04   0.32745E-03   0.14258E+00   0.14256E+00   0.79851E+01
   0.23455E+04   0.35112E-03   0.14615E+00   0.14614E+00   0.81779E+01
   0.23455E+04   0.37649E-03   0.14987E+00   0.14985E+00   0.83682E+01
   0.23455E+04   0.40370E-03   0.15413E+00   0.15411E+00   0.84780E+01
   0.23455E+04   0.43288E-03   0.15848E+00   0.15846E+00   0.85986E+01
   0.23455E+04   0.46416E-03   0.16291E+00   0.16289E+00   0.87302E+01
   0.23455E+04   0.49770E-03   0.16743E+00   0.16742E+00   0.88728E+01
   0.23455E+04   0.53367E-03   0.17204E+00   0.17203E+00   0.90269E+01
   0.23455E+04   0.57224E-03   0.17675E+00   0.17673E+00   0.91927E+01
   0.23455E+04   0.61359E-03   0.18180E+00   0.18179E+00   0.93211E+01
   0.23455E+04   0.65793E-03   0.18734E+00   0.18733E+00   0.93901E+01
   0.23455E+04   0.70548E-03   0.19301E+00   0.19300E+00   0.94688E+01
   0.23455E+04   0.75646E-03   0.19880E+00   0.19879E+00   0.95575E+01
   0.23455E+04   0.81113E-03   0.20473E+00   0.20471E+00   0.96563E+01
   0.23455E+04   0.86975E-03   0.21078E+00   0.21076E+00   0.97654E+01
   0.23455E+04   0.93260E-03   0.21696E+00   0.21694E+00   0.98850E+01
   0.23455E+04   0.10000E-02   0.22101E+00   0.22099E+00   0.99205E+01
   0.23848E+04   0.10000E-05   0.55193E-01   0.55176E-01   0.99841E+00
   0.23848E+04   0.10723E-05   0.55401E-01   0.55384E-01   0.10045E+01
   0.23848E+04   0.11498E-05   0.55609E-01   0.55592E-01   0.10112E+01
   0.23848E+04   0.12328E-05   0.55817E-01   0.55800E-01   0.10183E+01
   0.23848E+04   0.13219E-05   0.56025E-01   0.56008E-01   0.10260E+01
   0.23848E+04   0.14175E-05   0.56257E-01   0.56240E-01   0.10341E+01
   0.23848E+04   0.15199E-05   0.56492E-01   0.56475E-01   0.10429E+01
   0.23848E+04   0.16298E-05   0.56727E-01   0.56710E-01   0.10524E+01
   0.23848E+04   0.17475E-05   0.56961E-01   0.56944E-01   0.10627E+01
   0.23848E+04   0.18738E-05   0.57196E-01   0.57179E-01   0.10738E+01
   0.23848E+04   0.20092E-05   0.57430E-01   0.57414E-01   0.10857E+01
   0.23848E+04   0.21544E-05   0.57672E-01   0.57655E-01   0.10987E+01
   0.23848E+04   0.23101E-05   0.57944E-01   0.57927E-01   0.11124E+01
   0.23848E+04   0.24771E-05   0.58216E-01   0.58200E-01   0.11272E+01
   0.23848E+04   0.26561E-05   0.58489E-01   0.58472E-01   0.11433E+01
   0.23848E+04   0.28480E-05   0.58761E-01   0.58745E-01   0.11606E+01
   0.23848E+04   0.30539E-05   0.59034E-01   0.59017E-01   0.11793E+01
   0.23848E+04   0.32745E-05   0.59306E-01   0.59290E-01   0.11995E+01
   0.23848E+04   0.35112E-05   0.59601E-01   0.59585E-01   0.12212E+01
   0.23848E+04   0.37649E-05   0.59925E-01   0.59908E-01   0.12443E+01
   0.23848E+04   0.40370E-05   0.60248E-01   0.60232E-01   0.12693E+01
   0.23848E+04   0.43288E-05   0.60572E-01   0.60556E-01   0.12962E+01
   0.23848E+04   0.46416E-05   0.60895E-01   0.60879E-01   0.13253E+01
   0.23848E+04   0.49770E-05   0.61219E-01   0.61203E-01   0.13567E+01
   0.23848E+04   0.53367E-05   0.61542E-01   0.61526E-01   0.13906E+01
   0.23848E+04   0.57224E-05   0.61910E-01   0.61894E-01   0.14265E+01
   0.23848E+04   0.61359E-05   0.62296E-01   0.62280E-01   0.14649E+01
   0.23848E+04   0.65793E-05   0.62683E-01   0.62668E-01   0.15062E+01
   0.23848E+04   0.70548E-05   0.63071E-01   0.63055E-01   0.15508E+01
   0.23848E+04   0.75646E-05   0.63459E-01   0.63443E-01   0.15987E+01
   0.23848E+04   0.81113E-05   0.63847E-01   0.63831E-01   0.16504E+01
   0.23848E+04   0.86975E-05   0.64231E-01   0.64215E-01   0.17062E+01
   0.23848E+04   0.93260E-05   0.64749E-01   0.64733E-01   0.17637E+01
   0.23848E+04   0.10000E-04   0.65268E-01   0.65252E-01   0.18253E+01
   0.23848E+04   0.10723E-04   0.65789E-01   0.65773E-01   0.18916E+01
   0.23848E+04   0.11498E-04   0.66311E-01   0.66296E-01   0.19627E+01
   0.23848E+04   0.12328E-04   0.66835E-01   0.66820E-01   0.20390E+01
   0.23848E+04   0.13219E-04   0.67360E-01   0.67345E-01   0.21210E+01
   0.23848E+04   0.14175E-04   0.67929E-01   0.67914E-01   0.22074E+01
   0.23848E+04   0.15199E-04   0.68642E-01   0.68627E-01   0.22943E+01
   0.23848E+04   0.16298E-04   0.69359E-01   0.69343E-01   0.23869E+01
   0.23848E+04   0.17475E-04   0.70079E-01   0.70064E-01   0.24859E+01
   0.23848E+04   0.18738E-04   0.70803E-01   0.70788E-01   0.25914E+01
   0.23848E+04   0.20092E-04   0.71531E-01   0.71516E-01   0.27041E+01
   0.23848E+04   0.21544E-04   0.72262E-01   0.72247E-01   0.28244E+01
   0.23848E+04   0.23101E-04   0.73096E-01   0.73080E-01   0.29425E+01
   0.23848E+04   0.24771E-04   0.74036E-01   0.74021E-01   0.30567E+01
   0.23848E+04   0.26561E-04   0.74983E-01   0.74968E-01   0.31774E+01
   0.23848E+04   0.28480E-04   0.75938E-01   0.75923E-01   0.33051E+01
   0.23848E+04   0.30539E-04   0.76899E-01   0.76884E-01   0.34402E+01
   0.23848E+04   0.32745E-04   0.77868E-01   0.77853E-01   0.35832E+01
   0.23848E+04   0.35112E-04   0.78843E-01   0.78828E-01   0.37344E+01
   0.23848E+04   0.37649E-04   0.80050E-01   0.80035E-01   0.38621E+01
   0.23848E+04   0.40370E-04   0.81343E-01   0.81328E-01   0.39857E+01
   0.23848E+04   0.43288E-04   0.82650E-01   0.82636E-01   0.41154E+01
   0.23848E+04   0.46416E-04   0.83972E-01   0.83958E-01   0.42517E+01
   0.23848E+04   0.49770E-04   0.85309E-01   0.85294E-01   0.43948E+01
   0.23848E+04   0.53367E-04   0.86660E-01   0.86646E-01   0.45453E+01
   0.23848E+04   0.57224E-04   0.88044E-01   0.88029E-01   0.46993E+01
   0.23848E+04   0.61359E-04   0.89647E-01   0.89632E-01   0.48097E+01
   0.23848E+04   0.65793E-04   0.91269E-01   0.91255E-01   0.49269E+01
   0.23848E+04   0.70548E-04   0.92912E-01   0.92898E-01   0.50512E+01
   0.23848E+04   0.75646E-04   0.94575E-01   0.94561E-01   0.51831E+01
   0.23848E+04   0.81113E-04   0.96258E-01   0.96244E-01   0.53231E+01
   0.23848E+04   0.86975E-04   0.97962E-01   0.97948E-01   0.54718E+01
   0.23848E+04   0.93260E-04   0.99817E-01   0.99803E-01   0.56134E+01
   0.23848E+04   0.10000E-03   0.10195E+00   0.10194E+00   0.57329E+01
   0.23848E+04   0.10723E-03   0.10412E+00   0.10410E+00   0.58619E+01
   0.23848E+04   0.11498E-03   0.10632E+00   0.10630E+00   0.60011E+01
   0.23848E+04   0.12328E-03   0.10855E+00   0.10853E+00   0.61510E+01
   0.23848E+04   0.13219E-03   0.11081E+00   0.11080E+00   0.63123E+01
   0.23848E+04   0.14175E-03   0.11311E+00   0.11309E+00   0.64857E+01
   0.23848E+04   0.15199E-03   0.11567E+00   0.11565E+00   0.66418E+01
   0.23848E+04   0.16298E-03   0.11842E+00   0.11840E+00   0.67906E+01
   0.23848E+04   0.17475E-03   0.12121E+00   0.12120E+00   0.69522E+01
   0.23848E+04   0.18738E-03   0.12405E+00   0.12404E+00   0.71270E+01
   0.23848E+04   0.20092E-03   0.12693E+00   0.12692E+00   0.73158E+01
   0.23848E+04   0.21544E-03   0.12986E+00   0.12985E+00   0.75193E+01
   0.23848E+04   0.23101E-03   0.13284E+00   0.13282E+00   0.77382E+01
   0.23848E+04   0.24771E-03   0.13632E+00   0.13631E+00   0.78959E+01
   0.23848E+04   0.26561E-03   0.13994E+00   0.13992E+00   0.80551E+01
   0.23848E+04   0.28480E-03   0.14362E+00   0.14361E+00   0.82272E+01
   0.23848E+04   0.30539E-03   0.14738E+00   0.14736E+00   0.84129E+01
   0.23848E+04   0.32745E-03   0.15120E+00   0.15119E+00   0.86124E+01
   0.23848E+04   0.35112E-03   0.15509E+00   0.15508E+00   0.88264E+01
   0.23848E+04   0.37649E-03   0.15913E+00   0.15912E+00   0.90376E+01
   0.23848E+04   0.40370E-03   0.16371E+00   0.16370E+00   0.91606E+01
   0.23848E+04   0.43288E-03   0.16839E+00   0.16838E+00   0.92952E+01
   0.23848E+04   0.46416E-03   0.17316E+00   0.17315E+00   0.94417E+01
   0.23848E+04   0.49770E-03   0.17803E+00   0.17802E+00   0.96002E+01
   0.23848E+04   0.53367E-03   0.18300E+00   0.18299E+00   0.97710E+01
   0.23848E+04   0.57224E-03   0.18807E+00   0.18805E+00   0.99545E+01
   0.23848E+04   0.61359E-03   0.19351E+00   0.19350E+00   0.10097E+02
   0.23848E+04   0.65793E-03   0.19947E+00   0.19946E+00   0.10175E+02
   0.23848E+04   0.70548E-03   0.20557E+00   0.20556E+00   0.10263E+02
   0.23848E+04   0.75646E-03   0.21181E+00   0.21180E+00   0.10362E+02
   0.23848E+04   0.81113E-03   0.21819E+00   0.21817E+00   0.10472E+02
   0.23848E+04   0.86975E-03   0.22471E+00   0.22469E+00   0.10593E+02
   0.23848E+04   0.93260E-03   0.23136E+00   0.23135E+00   0.10725E+02
   0.23848E+04   0.10000E-02   0.23604E+00   0.23602E+00   0.10764E+02
   0.24242E+04   0.10000E-05   0.57373E-01   0.57357E-01   0.97553E+00
   0.24242E+04   0.10723E-05   0.57605E-01   0.57588E-01   0.98178E+00
   0.24242E+04   0.11498E-05   0.57836E-01   0.57819E-01   0.98852E+00
   0.24242E+04   0.12328E-05   0.58067E-01   0.58050E-01   0.99579E+00
   0.24242E+04   0.13219E-05   0.58298E-01   0.58282E-01   0.10036E+01
   0.24242E+04   0.14175E-05   0.58554E-01   0.58537E-01   0.10119E+01
   0.24242E+04   0.15199E-05   0.58812E-01   0.58795E-01   0.10209E+01
   0.24242E+04   0.16298E-05   0.59070E-01   0.59054E-01   0.10306E+01
   0.24242E+04   0.17475E-05   0.59328E-01   0.59312E-01   0.10410E+01
   0.24242E+04   0.18738E-05   0.59587E-01   0.59570E-01   0.10523E+01
   0.24242E+04   0.20092E-05   0.59845E-01   0.59829E-01   0.10645E+01
   0.24242E+04   0.21544E-05   0.60110E-01   0.60094E-01   0.10777E+01
   0.24242E+04   0.23101E-05   0.60407E-01   0.60391E-01   0.10918E+01
   0.24242E+04   0.24771E-05   0.60704E-01   0.60688E-01   0.11069E+01
   0.24242E+04   0.26561E-05   0.61002E-01   0.60986E-01   0.11234E+01
   0.24242E+04   0.28480E-05   0.61299E-01   0.61283E-01   0.11411E+01
   0.24242E+04   0.30539E-05   0.61597E-01   0.61581E-01   0.11603E+01
   0.24242E+04   0.32745E-05   0.61894E-01   0.61878E-01   0.11811E+01
   0.24242E+04   0.35112E-05   0.62215E-01   0.62199E-01   0.12033E+01
   0.24242E+04   0.37649E-05   0.62564E-01   0.62548E-01   0.12271E+01
   0.24242E+04   0.40370E-05   0.62914E-01   0.62898E-01   0.12528E+01
   0.24242E+04   0.43288E-05   0.63264E-01   0.63248E-01   0.12806E+01
   0.24242E+04   0.46416E-05   0.63613E-01   0.63598E-01   0.13106E+01
   0.24242E+04   0.49770E-05   0.63963E-01   0.63948E-01   0.13430E+01
   0.24242E+04   0.53367E-05   0.64313E-01   0.64298E-01   0.13781E+01
   0.24242E+04   0.57224E-05   0.64710E-01   0.64694E-01   0.14153E+01
   0.24242E+04   0.61359E-05   0.65127E-01   0.65111E-01   0.14551E+01
   0.24242E+04   0.65793E-05   0.65544E-01   0.65528E-01   0.14980E+01
   0.24242E+04   0.70548E-05   0.65962E-01   0.65946E-01   0.15443E+01
   0.24242E+04   0.75646E-05   0.66380E-01   0.66365E-01   0.15943E+01
   0.24242E+04   0.81113E-05   0.66799E-01   0.66783E-01   0.16482E+01
   0.24242E+04   0.86975E-05   0.67213E-01   0.67198E-01   0.17064E+01
   0.24242E+04   0.93260E-05   0.67767E-01   0.67752E-01   0.17664E+01
   0.24242E+04   0.10000E-04   0.68323E-01   0.68307E-01   0.18309E+01
   0.24242E+04   0.10723E-04   0.68880E-01   0.68865E-01   0.19002E+01
   0.24242E+04   0.11498E-04   0.69439E-01   0.69424E-01   0.19747E+01
   0.24242E+04   0.12328E-04   0.69999E-01   0.69984E-01   0.20548E+01
   0.24242E+04   0.13219E-04   0.70562E-01   0.70546E-01   0.21409E+01
   0.24242E+04   0.14175E-04   0.71168E-01   0.71153E-01   0.22318E+01
   0.24242E+04   0.15199E-04   0.71923E-01   0.71908E-01   0.23233E+01
   0.24242E+04   0.16298E-04   0.72681E-01   0.72666E-01   0.24210E+01
   0.24242E+04   0.17475E-04   0.73443E-01   0.73428E-01   0.25254E+01
   0.24242E+04   0.18738E-04   0.74210E-01   0.74195E-01   0.26370E+01
   0.24242E+04   0.20092E-04   0.74980E-01   0.74965E-01   0.27562E+01
   0.24242E+04   0.21544E-04   0.75754E-01   0.75740E-01   0.28836E+01
   0.24242E+04   0.23101E-04   0.76638E-01   0.76623E-01   0.30089E+01
   0.24242E+04   0.24771E-04   0.77637E-01   0.77622E-01   0.31305E+01
   0.24242E+04   0.26561E-04   0.78643E-01   0.78629E-01   0.32591E+01
   0.24242E+04   0.28480E-04   0.79657E-01   0.79643E-01   0.33953E+01
   0.24242E+04   0.30539E-04   0.80679E-01   0.80665E-01   0.35395E+01
   0.24242E+04   0.32745E-04   0.81709E-01   0.81694E-01   0.36922E+01
   0.24242E+04   0.35112E-04   0.82746E-01   0.82731E-01   0.38539E+01
   0.24242E+04   0.37649E-04   0.84010E-01   0.83995E-01   0.39914E+01
   0.24242E+04   0.40370E-04   0.85358E-01   0.85344E-01   0.41249E+01
   0.24242E+04   0.43288E-04   0.86721E-01   0.86707E-01   0.42652E+01
   0.24242E+04   0.46416E-04   0.88100E-01   0.88086E-01   0.44126E+01
   0.24242E+04   0.49770E-04   0.89494E-01   0.89479E-01   0.45676E+01
   0.24242E+04   0.53367E-04   0.90902E-01   0.90888E-01   0.47307E+01
   0.24242E+04   0.57224E-04   0.92345E-01   0.92331E-01   0.48978E+01
   0.24242E+04   0.61359E-04   0.94025E-01   0.94011E-01   0.50198E+01
   0.24242E+04   0.65793E-04   0.95726E-01   0.95712E-01   0.51492E+01
   0.24242E+04   0.70548E-04   0.97448E-01   0.97434E-01   0.52865E+01
   0.24242E+04   0.75646E-04   0.99191E-01   0.99177E-01   0.54322E+01
   0.24242E+04   0.81113E-04   0.10096E+00   0.10094E+00   0.55868E+01
   0.24242E+04   0.86975E-04   0.10274E+00   0.10273E+00   0.57510E+01
   0.24242E+04   0.93260E-04   0.10469E+00   0.10467E+00   0.59081E+01
   0.24242E+04   0.10000E-03   0.10693E+00   0.10691E+00   0.60421E+01
   0.24242E+04   0.10723E-03   0.10920E+00   0.10919E+00   0.61866E+01
   0.24242E+04   0.11498E-03   0.11151E+00   0.11150E+00   0.63421E+01
   0.24242E+04   0.12328E-03   0.11385E+00   0.11384E+00   0.65095E+01
   0.24242E+04   0.13219E-03   0.11623E+00   0.11622E+00   0.66893E+01
   0.24242E+04   0.14175E-03   0.11864E+00   0.11863E+00   0.68824E+01
   0.24242E+04   0.15199E-03   0.12133E+00   0.12131E+00   0.70567E+01
   0.24242E+04   0.16298E-03   0.12422E+00   0.12421E+00   0.72230E+01
   0.24242E+04   0.17475E-03   0.12716E+00   0.12714E+00   0.74031E+01
   0.24242E+04   0.18738E-03   0.13014E+00   0.13013E+00   0.75977E+01
   0.24242E+04   0.20092E-03   0.13318E+00   0.13316E+00   0.78074E+01
   0.24242E+04   0.21544E-03   0.13626E+00   0.13624E+00   0.80331E+01
   0.24242E+04   0.23101E-03   0.13939E+00   0.13937E+00   0.82755E+01
   0.24242E+04   0.24771E-03   0.14305E+00   0.14304E+00   0.84511E+01
   0.24242E+04   0.26561E-03   0.14686E+00   0.14685E+00   0.86281E+01
   0.24242E+04   0.28480E-03   0.15074E+00   0.15073E+00   0.88191E+01
   0.24242E+04   0.30539E-03   0.15469E+00   0.15468E+00   0.90247E+01
   0.24242E+04   0.32745E-03   0.15872E+00   0.15870E+00   0.92454E+01
   0.24242E+04   0.35112E-03   0.16282E+00   0.16280E+00   0.94816E+01
   0.24242E+04   0.37649E-03   0.16707E+00   0.16706E+00   0.97147E+01
   0.24242E+04   0.40370E-03   0.17186E+00   0.17185E+00   0.98517E+01
   0.24242E+04   0.43288E-03   0.17675E+00   0.17674E+00   0.10001E+02
   0.24242E+04   0.46416E-03   0.18174E+00   0.18173E+00   0.10163E+02
   0.24242E+04   0.49770E-03   0.18683E+00   0.18682E+00   0.10339E+02
   0.24242E+04   0.53367E-03   0.19202E+00   0.19201E+00   0.10527E+02
   0.24242E+04   0.57224E-03   0.19732E+00   0.19730E+00   0.10729E+02
   0.24242E+04   0.61359E-03   0.20302E+00   0.20301E+00   0.10887E+02
   0.24242E+04   0.65793E-03   0.20930E+00   0.20929E+00   0.10975E+02
   0.24242E+04   0.70548E-03   0.21572E+00   0.21571E+00   0.11075E+02
   0.24242E+04   0.75646E-03   0.22229E+00   0.22228E+00   0.11186E+02
   0.24242E+04   0.81113E-03   0.22901E+00   0.22899E+00   0.11308E+02
   0.24242E+04   0.86975E-03   0.23587E+00   0.23585E+00   0.11443E+02
   0.24242E+04   0.93260E-03   0.24288E+00   0.24287E+00   0.11590E+02
   0.24242E+04   0.10000E-02   0.24843E+00   0.24841E+00   0.11636E+02
   0.24636E+04   0.10000E-05   0.59609E-01   0.59592E-01   0.95478E+00
   0.24636E+04   0.10723E-05   0.59864E-01   0.59847E-01   0.96115E+00
   0.24636E+04   0.11498E-05   0.60119E-01   0.60103E-01   0.96801E+00
   0.24636E+04   0.12328E-05   0.60375E-01   0.60358E-01   0.97541E+00
   0.24636E+04   0.13219E-05   0.60631E-01   0.60614E-01   0.98340E+00
   0.24636E+04   0.14175E-05   0.60910E-01   0.60894E-01   0.99185E+00
   0.24636E+04   0.15199E-05   0.61193E-01   0.61177E-01   0.10010E+01
   0.24636E+04   0.16298E-05   0.61475E-01   0.61459E-01   0.10108E+01
   0.24636E+04   0.17475E-05   0.61758E-01   0.61742E-01   0.10214E+01
   0.24636E+04   0.18738E-05   0.62041E-01   0.62025E-01   0.10330E+01
   0.24636E+04   0.20092E-05   0.62324E-01   0.62308E-01   0.10454E+01
   0.24636E+04   0.21544E-05   0.62614E-01   0.62598E-01   0.10589E+01
   0.24636E+04   0.23101E-05   0.62937E-01   0.62921E-01   0.10732E+01
   0.24636E+04   0.24771E-05   0.63260E-01   0.63244E-01   0.10887E+01
   0.24636E+04   0.26561E-05   0.63583E-01   0.63568E-01   0.11055E+01
   0.24636E+04   0.28480E-05   0.63907E-01   0.63891E-01   0.11237E+01
   0.24636E+04   0.30539E-05   0.64230E-01   0.64215E-01   0.11433E+01
   0.24636E+04   0.32745E-05   0.64554E-01   0.64539E-01   0.11646E+01
   0.24636E+04   0.35112E-05   0.64901E-01   0.64885E-01   0.11875E+01
   0.24636E+04   0.37649E-05   0.65278E-01   0.65262E-01   0.12119E+01
   0.24636E+04   0.40370E-05   0.65655E-01   0.65639E-01   0.12383E+01
   0.24636E+04   0.43288E-05   0.66032E-01   0.66016E-01   0.12669E+01
   0.24636E+04   0.46416E-05   0.66409E-01   0.66394E-01   0.12978E+01
   0.24636E+04   0.49770E-05   0.66786E-01   0.66771E-01   0.13313E+01
   0.24636E+04   0.53367E-05   0.67164E-01   0.67149E-01   0.13675E+01
   0.24636E+04   0.57224E-05   0.67591E-01   0.67575E-01   0.14059E+01
   0.24636E+04   0.61359E-05   0.68039E-01   0.68024E-01   0.14471E+01
   0.24636E+04   0.65793E-05   0.68488E-01   0.68473E-01   0.14916E+01
   0.24636E+04   0.70548E-05   0.68937E-01   0.68922E-01   0.15397E+01
   0.24636E+04   0.75646E-05   0.69387E-01   0.69372E-01   0.15916E+01
   0.24636E+04   0.81113E-05   0.69838E-01   0.69823E-01   0.16476E+01
   0.24636E+04   0.86975E-05   0.70284E-01   0.70269E-01   0.17082E+01
   0.24636E+04   0.93260E-05   0.70876E-01   0.70861E-01   0.17708E+01
   0.24636E+04   0.10000E-04   0.71469E-01   0.71454E-01   0.18380E+01
   0.24636E+04   0.10723E-04   0.72064E-01   0.72049E-01   0.19104E+01
   0.24636E+04   0.11498E-04   0.72661E-01   0.72646E-01   0.19884E+01
   0.24636E+04   0.12328E-04   0.73260E-01   0.73245E-01   0.20722E+01
   0.24636E+04   0.13219E-04   0.73860E-01   0.73846E-01   0.21625E+01
   0.24636E+04   0.14175E-04   0.74507E-01   0.74492E-01   0.22578E+01
   0.24636E+04   0.15199E-04   0.75304E-01   0.75290E-01   0.23539E+01
   0.24636E+04   0.16298E-04   0.76106E-01   0.76092E-01   0.24567E+01
   0.24636E+04   0.17475E-04   0.76912E-01   0.76898E-01   0.25666E+01
   0.24636E+04   0.18738E-04   0.77722E-01   0.77708E-01   0.26842E+01
   0.24636E+04   0.20092E-04   0.78537E-01   0.78523E-01   0.28100E+01
   0.24636E+04   0.21544E-04   0.79356E-01   0.79342E-01   0.29446E+01
   0.24636E+04   0.23101E-04   0.80292E-01   0.80278E-01   0.30773E+01
   0.24636E+04   0.24771E-04   0.81352E-01   0.81338E-01   0.32062E+01
   0.24636E+04   0.26561E-04   0.82420E-01   0.82406E-01   0.33429E+01
   0.24636E+04   0.28480E-04   0.83497E-01   0.83483E-01   0.34877E+01
   0.24636E+04   0.30539E-04   0.84582E-01   0.84568E-01   0.36412E+01
   0.24636E+04   0.32745E-04   0.85675E-01   0.85661E-01   0.38039E+01
   0.24636E+04   0.35112E-04   0.86777E-01   0.86763E-01   0.39764E+01
   0.24636E+04   0.37649E-04   0.88100E-01   0.88086E-01   0.41239E+01
   0.24636E+04   0.40370E-04   0.89506E-01   0.89492E-01   0.42676E+01
   0.24636E+04   0.43288E-04   0.90927E-01   0.90913E-01   0.44187E+01
   0.24636E+04   0.46416E-04   0.92364E-01   0.92350E-01   0.45777E+01
   0.24636E+04   0.49770E-04   0.93817E-01   0.93803E-01   0.47450E+01
   0.24636E+04   0.53367E-04   0.95285E-01   0.95271E-01   0.49211E+01
   0.24636E+04   0.57224E-04   0.96789E-01   0.96775E-01   0.51020E+01
   0.24636E+04   0.61359E-04   0.98550E-01   0.98536E-01   0.52361E+01
   0.24636E+04   0.65793E-04   0.10033E+00   0.10032E+00   0.53784E+01
   0.24636E+04   0.70548E-04   0.10214E+00   0.10212E+00   0.55293E+01
   0.24636E+04   0.75646E-04   0.10396E+00   0.10395E+00   0.56895E+01
   0.24636E+04   0.81113E-04   0.10581E+00   0.10580E+00   0.58595E+01
   0.24636E+04   0.86975E-04   0.10768E+00   0.10767E+00   0.60401E+01
   0.24636E+04   0.93260E-04   0.10972E+00   0.10971E+00   0.62136E+01
   0.24636E+04   0.10000E-03   0.11207E+00   0.11206E+00   0.63630E+01
   0.24636E+04   0.10723E-03   0.11446E+00   0.11445E+00   0.65238E+01
   0.24636E+04   0.11498E-03   0.11688E+00   0.11687E+00   0.66968E+01
   0.24636E+04   0.12328E-03   0.11934E+00   0.11933E+00   0.68826E+01
   0.24636E+04   0.13219E-03   0.12183E+00   0.12182E+00   0.70821E+01
   0.24636E+04   0.14175E-03   0.12436E+00   0.12435E+00   0.72961E+01
   0.24636E+04   0.15199E-03   0.12719E+00   0.12717E+00   0.74897E+01
   0.24636E+04   0.16298E-03   0.13022E+00   0.13021E+00   0.76746E+01
   0.24636E+04   0.17475E-03   0.13331E+00   0.13330E+00   0.78744E+01
   0.24636E+04   0.18738E-03   0.13645E+00   0.13643E+00   0.80898E+01
   0.24636E+04   0.20092E-03   0.13964E+00   0.13962E+00   0.83217E+01
   0.24636E+04   0.21544E-03   0.14287E+00   0.14286E+00   0.85708E+01
   0.24636E+04   0.23101E-03   0.14616E+00   0.14615E+00   0.88381E+01
   0.24636E+04   0.24771E-03   0.15002E+00   0.15000E+00   0.90326E+01
   0.24636E+04   0.26561E-03   0.15403E+00   0.15401E+00   0.92285E+01
   0.24636E+04   0.28480E-03   0.15811E+00   0.15809E+00   0.94395E+01
   0.24636E+04   0.30539E-03   0.16227E+00   0.16225E+00   0.96662E+01
   0.24636E+04   0.32745E-03   0.16650E+00   0.16649E+00   0.99091E+01
   0.24636E+04   0.35112E-03   0.17082E+00   0.17080E+00   0.10169E+02
   0.24636E+04   0.37649E-03   0.17529E+00   0.17528E+00   0.10425E+02
   0.24636E+04   0.40370E-03   0.18030E+00   0.18028E+00   0.10577E+02
   0.24636E+04   0.43288E-03   0.18541E+00   0.18539E+00   0.10742E+02
   0.24636E+04   0.46416E-03   0.19062E+00   0.19061E+00   0.10921E+02
   0.24636E+04   0.49770E-03   0.19594E+00   0.19592E+00   0.11114E+02
   0.24636E+04   0.53367E-03   0.20136E+00   0.20135E+00   0.11321E+02
   0.24636E+04   0.57224E-03   0.20689E+00   0.20687E+00   0.11543E+02
   0.24636E+04   0.61359E-03   0.21286E+00   0.21285E+00   0.11717E+02
   0.24636E+04   0.65793E-03   0.21947E+00   0.21945E+00   0.11816E+02
   0.24636E+04   0.70548E-03   0.22622E+00   0.22621E+00   0.11927E+02
   0.24636E+04   0.75646E-03   0.23313E+00   0.23312E+00   0.12051E+02
   0.24636E+04   0.81113E-03   0.24020E+00   0.24018E+00   0.12187E+02
   0.24636E+04   0.86975E-03   0.24742E+00   0.24740E+00   0.12336E+02
   0.24636E+04   0.93260E-03   0.25479E+00   0.25478E+00   0.12498E+02
   0.24636E+04   0.10000E-02   0.26128E+00   0.26126E+00   0.12553E+02
   0.25030E+04   0.10000E-05   0.61898E-01   0.61882E-01   0.93603E+00
   0.25030E+04   0.10723E-05   0.62178E-01   0.62162E-01   0.94251E+00
   0.25030E+04   0.11498E-05   0.62459E-01   0.62443E-01   0.94950E+00
   0.25030E+04   0.12328E-05   0.62740E-01   0.62724E-01   0.95703E+00
   0.25030E+04   0.13219E-05   0.63021E-01   0.63005E-01   0.96516E+00
   0.25030E+04   0.14175E-05   0.63326E-01   0.63310E-01   0.97376E+00
   0.25030E+04   0.15199E-05   0.63634E-01   0.63618E-01   0.98302E+00
   0.25030E+04   0.16298E-05   0.63942E-01   0.63926E-01   0.99303E+00
   0.25030E+04   0.17475E-05   0.64250E-01   0.64234E-01   0.10039E+01
   0.25030E+04   0.18738E-05   0.64559E-01   0.64543E-01   0.10156E+01
   0.25030E+04   0.20092E-05   0.64868E-01   0.64852E-01   0.10283E+01
   0.25030E+04   0.21544E-05   0.65184E-01   0.65168E-01   0.10420E+01
   0.25030E+04   0.23101E-05   0.65533E-01   0.65518E-01   0.10566E+01
   0.25030E+04   0.24771E-05   0.65883E-01   0.65868E-01   0.10724E+01
   0.25030E+04   0.26561E-05   0.66233E-01   0.66218E-01   0.10896E+01
   0.25030E+04   0.28480E-05   0.66584E-01   0.66568E-01   0.11082E+01
   0.25030E+04   0.30539E-05   0.66934E-01   0.66919E-01   0.11283E+01
   0.25030E+04   0.32745E-05   0.67285E-01   0.67270E-01   0.11501E+01
   0.25030E+04   0.35112E-05   0.67660E-01   0.67645E-01   0.11736E+01
   0.25030E+04   0.37649E-05   0.68065E-01   0.68049E-01   0.11986E+01
   0.25030E+04   0.40370E-05   0.68470E-01   0.68455E-01   0.12257E+01
   0.25030E+04   0.43288E-05   0.68875E-01   0.68860E-01   0.12551E+01
   0.25030E+04   0.46416E-05   0.69281E-01   0.69266E-01   0.12869E+01
   0.25030E+04   0.49770E-05   0.69687E-01   0.69672E-01   0.13213E+01
   0.25030E+04   0.53367E-05   0.70093E-01   0.70078E-01   0.13587E+01
   0.25030E+04   0.57224E-05   0.70552E-01   0.70537E-01   0.13984E+01
   0.25030E+04   0.61359E-05   0.71032E-01   0.71018E-01   0.14410E+01
   0.25030E+04   0.65793E-05   0.71514E-01   0.71499E-01   0.14870E+01
   0.25030E+04   0.70548E-05   0.71996E-01   0.71982E-01   0.15368E+01
   0.25030E+04   0.75646E-05   0.72480E-01   0.72465E-01   0.15906E+01
   0.25030E+04   0.81113E-05   0.72964E-01   0.72949E-01   0.16487E+01
   0.25030E+04   0.86975E-05   0.73443E-01   0.73428E-01   0.17117E+01
   0.25030E+04   0.93260E-05   0.74073E-01   0.74059E-01   0.17768E+01
   0.25030E+04   0.10000E-04   0.74706E-01   0.74691E-01   0.18468E+01
   0.25030E+04   0.10723E-04   0.75340E-01   0.75326E-01   0.19223E+01
   0.25030E+04   0.11498E-04   0.75977E-01   0.75962E-01   0.20036E+01
   0.25030E+04   0.12328E-04   0.76616E-01   0.76601E-01   0.20911E+01
   0.25030E+04   0.13219E-04   0.77257E-01   0.77242E-01   0.21855E+01
   0.25030E+04   0.14175E-04   0.77944E-01   0.77930E-01   0.22854E+01
   0.25030E+04   0.15199E-04   0.78787E-01   0.78772E-01   0.23861E+01
   0.25030E+04   0.16298E-04   0.79634E-01   0.79619E-01   0.24939E+01
   0.25030E+04   0.17475E-04   0.80485E-01   0.80471E-01   0.26094E+01
   0.25030E+04   0.18738E-04   0.81341E-01   0.81327E-01   0.27331E+01
   0.25030E+04   0.20092E-04   0.82202E-01   0.82188E-01   0.28655E+01
   0.25030E+04   0.21544E-04   0.83067E-01   0.83053E-01   0.30072E+01
   0.25030E+04   0.23101E-04   0.84058E-01   0.84044E-01   0.31473E+01
   0.25030E+04   0.24771E-04   0.85182E-01   0.85168E-01   0.32839E+01
   0.25030E+04   0.26561E-04   0.86314E-01   0.86300E-01   0.34287E+01
   0.25030E+04   0.28480E-04   0.87456E-01   0.87442E-01   0.35823E+01
   0.25030E+04   0.30539E-04   0.88607E-01   0.88593E-01   0.37452E+01
   0.25030E+04   0.32745E-04   0.89766E-01   0.89753E-01   0.39181E+01
   0.25030E+04   0.35112E-04   0.90935E-01   0.90921E-01   0.41015E+01
   0.25030E+04   0.37649E-04   0.92320E-01   0.92306E-01   0.42594E+01
   0.25030E+04   0.40370E-04   0.93785E-01   0.93772E-01   0.44136E+01
   0.25030E+04   0.43288E-04   0.95267E-01   0.95253E-01   0.45759E+01
   0.25030E+04   0.46416E-04   0.96764E-01   0.96751E-01   0.47468E+01
   0.25030E+04   0.49770E-04   0.98278E-01   0.98264E-01   0.49268E+01
   0.25030E+04   0.53367E-04   0.99808E-01   0.99794E-01   0.51164E+01
   0.25030E+04   0.57224E-04   0.10138E+00   0.10136E+00   0.53114E+01
   0.25030E+04   0.61359E-04   0.10322E+00   0.10321E+00   0.54583E+01
   0.25030E+04   0.65793E-04   0.10509E+00   0.10507E+00   0.56141E+01
   0.25030E+04   0.70548E-04   0.10698E+00   0.10696E+00   0.57793E+01
   0.25030E+04   0.75646E-04   0.10889E+00   0.10887E+00   0.59547E+01
   0.25030E+04   0.81113E-04   0.11082E+00   0.11081E+00   0.61409E+01
   0.25030E+04   0.86975E-04   0.11278E+00   0.11277E+00   0.63386E+01
   0.25030E+04   0.93260E-04   0.11492E+00   0.11490E+00   0.65293E+01
   0.25030E+04   0.10000E-03   0.11738E+00   0.11737E+00   0.66950E+01
   0.25030E+04   0.10723E-03   0.11989E+00   0.11987E+00   0.68732E+01
   0.25030E+04   0.11498E-03   0.12243E+00   0.12242E+00   0.70645E+01
   0.25030E+04   0.12328E-03   0.12501E+00   0.12499E+00   0.72699E+01
   0.25030E+04   0.13219E-03   0.12762E+00   0.12761E+00   0.74902E+01
   0.25030E+04   0.14175E-03   0.13027E+00   0.13026E+00   0.77263E+01
   0.25030E+04   0.15199E-03   0.13324E+00   0.13322E+00   0.79403E+01
   0.25030E+04   0.16298E-03   0.13643E+00   0.13641E+00   0.81447E+01
   0.25030E+04   0.17475E-03   0.13967E+00   0.13966E+00   0.83653E+01
   0.25030E+04   0.18738E-03   0.14296E+00   0.14295E+00   0.86027E+01
   0.25030E+04   0.20092E-03   0.14631E+00   0.14630E+00   0.88579E+01
   0.25030E+04   0.21544E-03   0.14971E+00   0.14970E+00   0.91317E+01
   0.25030E+04   0.23101E-03   0.15317E+00   0.15315E+00   0.94252E+01
   0.25030E+04   0.24771E-03   0.15722E+00   0.15721E+00   0.96397E+01
   0.25030E+04   0.26561E-03   0.16143E+00   0.16142E+00   0.98555E+01
   0.25030E+04   0.28480E-03   0.16573E+00   0.16571E+00   0.10088E+02
   0.25030E+04   0.30539E-03   0.17010E+00   0.17009E+00   0.10336E+02
   0.25030E+04   0.32745E-03   0.17456E+00   0.17454E+00   0.10603E+02
   0.25030E+04   0.35112E-03   0.17909E+00   0.17908E+00   0.10887E+02
   0.25030E+04   0.37649E-03   0.18379E+00   0.18378E+00   0.11168E+02
   0.25030E+04   0.40370E-03   0.18902E+00   0.18901E+00   0.11335E+02
   0.25030E+04   0.43288E-03   0.19436E+00   0.19435E+00   0.11517E+02
   0.25030E+04   0.46416E-03   0.19980E+00   0.19979E+00   0.11713E+02
   0.25030E+04   0.49770E-03   0.20535E+00   0.20534E+00   0.11925E+02
   0.25030E+04   0.53367E-03   0.21101E+00   0.21100E+00   0.12151E+02
   0.25030E+04   0.57224E-03   0.21678E+00   0.21677E+00   0.12394E+02
   0.25030E+04   0.61359E-03   0.22304E+00   0.22302E+00   0.12585E+02
   0.25030E+04   0.65793E-03   0.22998E+00   0.22996E+00   0.12696E+02
   0.25030E+04   0.70548E-03   0.23708E+00   0.23706E+00   0.12820E+02
   0.25030E+04   0.75646E-03   0.24434E+00   0.24433E+00   0.12957E+02
   0.25030E+04   0.81113E-03   0.25176E+00   0.25175E+00   0.13108E+02
   0.25030E+04   0.86975E-03   0.25935E+00   0.25934E+00   0.13272E+02
   0.25030E+04   0.93260E-03   0.26711E+00   0.26709E+00   0.13451E+02
   0.25030E+04   0.10000E-02   0.27459E+00   0.27458E+00   0.13514E+02
   0.25424E+04   0.10000E-05   0.64241E-01   0.64225E-01   0.91916E+00
   0.25424E+04   0.10723E-05   0.64547E-01   0.64531E-01   0.92576E+00
   0.25424E+04   0.11498E-05   0.64853E-01   0.64838E-01   0.93287E+00
   0.25424E+04   0.12328E-05   0.65160E-01   0.65145E-01   0.94053E+00
   0.25424E+04   0.13219E-05   0.65468E-01   0.65452E-01   0.94880E+00
   0.25424E+04   0.14175E-05   0.65799E-01   0.65784E-01   0.95754E+00
   0.25424E+04   0.15199E-05   0.66134E-01   0.66118E-01   0.96696E+00
   0.25424E+04   0.16298E-05   0.66468E-01   0.66452E-01   0.97714E+00
   0.25424E+04   0.17475E-05   0.66803E-01   0.66787E-01   0.98816E+00
   0.25424E+04   0.18738E-05   0.67138E-01   0.67123E-01   0.10001E+01
   0.25424E+04   0.20092E-05   0.67474E-01   0.67459E-01   0.10130E+01
   0.25424E+04   0.21544E-05   0.67817E-01   0.67802E-01   0.10270E+01
   0.25424E+04   0.23101E-05   0.68194E-01   0.68179E-01   0.10419E+01
   0.25424E+04   0.24771E-05   0.68572E-01   0.68557E-01   0.10580E+01
   0.25424E+04   0.26561E-05   0.68950E-01   0.68935E-01   0.10756E+01
   0.25424E+04   0.28480E-05   0.69329E-01   0.69314E-01   0.10945E+01
   0.25424E+04   0.30539E-05   0.69708E-01   0.69692E-01   0.11151E+01
   0.25424E+04   0.32745E-05   0.70087E-01   0.70072E-01   0.11375E+01
   0.25424E+04   0.35112E-05   0.70490E-01   0.70475E-01   0.11614E+01
   0.25424E+04   0.37649E-05   0.70924E-01   0.70909E-01   0.11871E+01
   0.25424E+04   0.40370E-05   0.71359E-01   0.71344E-01   0.12149E+01
   0.25424E+04   0.43288E-05   0.71794E-01   0.71779E-01   0.12451E+01
   0.25424E+04   0.46416E-05   0.72229E-01   0.72214E-01   0.12778E+01
   0.25424E+04   0.49770E-05   0.72665E-01   0.72650E-01   0.13132E+01
   0.25424E+04   0.53367E-05   0.73101E-01   0.73086E-01   0.13516E+01
   0.25424E+04   0.57224E-05   0.73592E-01   0.73577E-01   0.13925E+01
   0.25424E+04   0.61359E-05   0.74106E-01   0.74092E-01   0.14365E+01
   0.25424E+04   0.65793E-05   0.74622E-01   0.74607E-01   0.14841E+01
   0.25424E+04   0.70548E-05   0.75139E-01   0.75124E-01   0.15355E+01
   0.25424E+04   0.75646E-05   0.75656E-01   0.75642E-01   0.15912E+01
   0.25424E+04   0.81113E-05   0.76175E-01   0.76160E-01   0.16515E+01
   0.25424E+04   0.86975E-05   0.76689E-01   0.76674E-01   0.17168E+01
   0.25424E+04   0.93260E-05   0.77360E-01   0.77345E-01   0.17843E+01
   0.25424E+04   0.10000E-04   0.78033E-01   0.78018E-01   0.18571E+01
   0.25424E+04   0.10723E-04   0.78708E-01   0.78694E-01   0.19356E+01
   0.25424E+04   0.11498E-04   0.79386E-01   0.79372E-01   0.20203E+01
   0.25424E+04   0.12328E-04   0.80067E-01   0.80052E-01   0.21116E+01
   0.25424E+04   0.13219E-04   0.80749E-01   0.80735E-01   0.22101E+01
   0.25424E+04   0.14175E-04   0.81480E-01   0.81466E-01   0.23143E+01
   0.25424E+04   0.15199E-04   0.82369E-01   0.82355E-01   0.24197E+01
   0.25424E+04   0.16298E-04   0.83263E-01   0.83249E-01   0.25327E+01
   0.25424E+04   0.17475E-04   0.84162E-01   0.84148E-01   0.26537E+01
   0.25424E+04   0.18738E-04   0.85065E-01   0.85051E-01   0.27834E+01
   0.25424E+04   0.20092E-04   0.85974E-01   0.85960E-01   0.29224E+01
   0.25424E+04   0.21544E-04   0.86887E-01   0.86874E-01   0.30715E+01
   0.25424E+04   0.23101E-04   0.87935E-01   0.87922E-01   0.32191E+01
   0.25424E+04   0.24771E-04   0.89125E-01   0.89111E-01   0.33633E+01
   0.25424E+04   0.26561E-04   0.90325E-01   0.90311E-01   0.35163E+01
   0.25424E+04   0.28480E-04   0.91534E-01   0.91520E-01   0.36788E+01
   0.25424E+04   0.30539E-04   0.92753E-01   0.92740E-01   0.38514E+01
   0.25424E+04   0.32745E-04   0.93982E-01   0.93969E-01   0.40346E+01
   0.25424E+04   0.35112E-04   0.95221E-01   0.95208E-01   0.42291E+01
   0.25424E+04   0.37649E-04   0.96669E-01   0.96655E-01   0.43976E+01
   0.25424E+04   0.40370E-04   0.98196E-01   0.98183E-01   0.45626E+01
   0.25424E+04   0.43288E-04   0.99740E-01   0.99727E-01   0.47365E+01
   0.25424E+04   0.46416E-04   0.10130E+00   0.10129E+00   0.49196E+01
   0.25424E+04   0.49770E-04   0.10288E+00   0.10286E+00   0.51127E+01
   0.25424E+04   0.53367E-04   0.10447E+00   0.10446E+00   0.53162E+01
   0.25424E+04   0.57224E-04   0.10610E+00   0.10609E+00   0.55259E+01
   0.25424E+04   0.61359E-04   0.10803E+00   0.10802E+00   0.56861E+01
   0.25424E+04   0.65793E-04   0.10999E+00   0.10997E+00   0.58559E+01
   0.25424E+04   0.70548E-04   0.11196E+00   0.11195E+00   0.60362E+01
   0.25424E+04   0.75646E-04   0.11397E+00   0.11395E+00   0.62274E+01
   0.25424E+04   0.81113E-04   0.11599E+00   0.11598E+00   0.64305E+01
   0.25424E+04   0.86975E-04   0.11804E+00   0.11803E+00   0.66462E+01
   0.25424E+04   0.93260E-04   0.12028E+00   0.12026E+00   0.68550E+01
   0.25424E+04   0.10000E-03   0.12286E+00   0.12285E+00   0.70378E+01
   0.25424E+04   0.10723E-03   0.12549E+00   0.12547E+00   0.72342E+01
   0.25424E+04   0.11498E-03   0.12815E+00   0.12814E+00   0.74449E+01
   0.25424E+04   0.12328E-03   0.13085E+00   0.13084E+00   0.76708E+01
   0.25424E+04   0.13219E-03   0.13359E+00   0.13358E+00   0.79129E+01
   0.25424E+04   0.14175E-03   0.13637E+00   0.13636E+00   0.81723E+01
   0.25424E+04   0.15199E-03   0.13948E+00   0.13946E+00   0.84078E+01
   0.25424E+04   0.16298E-03   0.14283E+00   0.14281E+00   0.86329E+01
   0.25424E+04   0.17475E-03   0.14623E+00   0.14622E+00   0.88753E+01
   0.25424E+04   0.18738E-03   0.14969E+00   0.14968E+00   0.91358E+01
   0.25424E+04   0.20092E-03   0.15321E+00   0.15319E+00   0.94155E+01
   0.25424E+04   0.21544E-03   0.15678E+00   0.15676E+00   0.97152E+01
   0.25424E+04   0.23101E-03   0.16040E+00   0.16039E+00   0.10036E+02
   0.25424E+04   0.24771E-03   0.16466E+00   0.16465E+00   0.10272E+02
   0.25424E+04   0.26561E-03   0.16909E+00   0.16907E+00   0.10508E+02
   0.25424E+04   0.28480E-03   0.17360E+00   0.17358E+00   0.10763E+02
   0.25424E+04   0.30539E-03   0.17819E+00   0.17818E+00   0.11035E+02
   0.25424E+04   0.32745E-03   0.18288E+00   0.18286E+00   0.11326E+02
   0.25424E+04   0.35112E-03   0.18764E+00   0.18763E+00   0.11636E+02
   0.25424E+04   0.37649E-03   0.19257E+00   0.19256E+00   0.11942E+02
   0.25424E+04   0.40370E-03   0.19804E+00   0.19802E+00   0.12126E+02
   0.25424E+04   0.43288E-03   0.20361E+00   0.20359E+00   0.12325E+02
   0.25424E+04   0.46416E-03   0.20929E+00   0.20927E+00   0.12540E+02
   0.25424E+04   0.49770E-03   0.21508E+00   0.21507E+00   0.12770E+02
   0.25424E+04   0.53367E-03   0.22098E+00   0.22097E+00   0.13017E+02
   0.25424E+04   0.57224E-03   0.22700E+00   0.22698E+00   0.13281E+02
   0.25424E+04   0.61359E-03   0.23354E+00   0.23353E+00   0.13491E+02
   0.25424E+04   0.65793E-03   0.24083E+00   0.24082E+00   0.13614E+02
   0.25424E+04   0.70548E-03   0.24828E+00   0.24827E+00   0.13752E+02
   0.25424E+04   0.75646E-03   0.25591E+00   0.25589E+00   0.13903E+02
   0.25424E+04   0.81113E-03   0.26370E+00   0.26369E+00   0.14069E+02
   0.25424E+04   0.86975E-03   0.27167E+00   0.27166E+00   0.14249E+02
   0.25424E+04   0.93260E-03   0.27981E+00   0.27980E+00   0.14445E+02
   0.25424E+04   0.10000E-02   0.28837E+00   0.28836E+00   0.14519E+02
   0.25818E+04   0.10000E-05   0.66635E-01   0.66619E-01   0.90405E+00
   0.25818E+04   0.10723E-05   0.66968E-01   0.66952E-01   0.91077E+00
   0.25818E+04   0.11498E-05   0.67302E-01   0.67286E-01   0.91800E+00
   0.25818E+04   0.12328E-05   0.67636E-01   0.67621E-01   0.92579E+00
   0.25818E+04   0.13219E-05   0.67971E-01   0.67956E-01   0.93420E+00
   0.25818E+04   0.14175E-05   0.68330E-01   0.68314E-01   0.94309E+00
   0.25818E+04   0.15199E-05   0.68691E-01   0.68676E-01   0.95266E+00
   0.25818E+04   0.16298E-05   0.69053E-01   0.69038E-01   0.96302E+00
   0.25818E+04   0.17475E-05   0.69416E-01   0.69400E-01   0.97423E+00
   0.25818E+04   0.18738E-05   0.69779E-01   0.69764E-01   0.98637E+00
   0.25818E+04   0.20092E-05   0.70142E-01   0.70127E-01   0.99951E+00
   0.25818E+04   0.21544E-05   0.70514E-01   0.70498E-01   0.10137E+01
   0.25818E+04   0.23101E-05   0.70920E-01   0.70905E-01   0.10289E+01
   0.25818E+04   0.24771E-05   0.71326E-01   0.71311E-01   0.10454E+01
   0.25818E+04   0.26561E-05   0.71733E-01   0.71718E-01   0.10633E+01
   0.25818E+04   0.28480E-05   0.72141E-01   0.72126E-01   0.10827E+01
   0.25818E+04   0.30539E-05   0.72549E-01   0.72534E-01   0.11037E+01
   0.25818E+04   0.32745E-05   0.72958E-01   0.72943E-01   0.11265E+01
   0.25818E+04   0.35112E-05   0.73391E-01   0.73376E-01   0.11511E+01
   0.25818E+04   0.37649E-05   0.73855E-01   0.73840E-01   0.11774E+01
   0.25818E+04   0.40370E-05   0.74320E-01   0.74305E-01   0.12059E+01
   0.25818E+04   0.43288E-05   0.74785E-01   0.74771E-01   0.12368E+01
   0.25818E+04   0.46416E-05   0.75252E-01   0.75237E-01   0.12704E+01
   0.25818E+04   0.49770E-05   0.75718E-01   0.75703E-01   0.13068E+01
   0.25818E+04   0.53367E-05   0.76185E-01   0.76171E-01   0.13463E+01
   0.25818E+04   0.57224E-05   0.76710E-01   0.76695E-01   0.13884E+01
   0.25818E+04   0.61359E-05   0.77260E-01   0.77245E-01   0.14337E+01
   0.25818E+04   0.65793E-05   0.77811E-01   0.77796E-01   0.14828E+01
   0.25818E+04   0.70548E-05   0.78363E-01   0.78349E-01   0.15359E+01
   0.25818E+04   0.75646E-05   0.78916E-01   0.78902E-01   0.15934E+01
   0.25818E+04   0.81113E-05   0.79471E-01   0.79456E-01   0.16558E+01
   0.25818E+04   0.86975E-05   0.80021E-01   0.80006E-01   0.17235E+01
   0.25818E+04   0.93260E-05   0.80733E-01   0.80719E-01   0.17935E+01
   0.25818E+04   0.10000E-04   0.81449E-01   0.81435E-01   0.18690E+01
   0.25818E+04   0.10723E-04   0.82167E-01   0.82153E-01   0.19505E+01
   0.25818E+04   0.11498E-04   0.82888E-01   0.82874E-01   0.20385E+01
   0.25818E+04   0.12328E-04   0.83612E-01   0.83598E-01   0.21335E+01
   0.25818E+04   0.13219E-04   0.84338E-01   0.84324E-01   0.22360E+01
   0.25818E+04   0.14175E-04   0.85113E-01   0.85100E-01   0.23448E+01
   0.25818E+04   0.15199E-04   0.86051E-01   0.86037E-01   0.24548E+01
   0.25818E+04   0.16298E-04   0.86993E-01   0.86979E-01   0.25728E+01
   0.25818E+04   0.17475E-04   0.87941E-01   0.87927E-01   0.26994E+01
   0.25818E+04   0.18738E-04   0.88894E-01   0.88880E-01   0.28352E+01
   0.25818E+04   0.20092E-04   0.89852E-01   0.89838E-01   0.29809E+01
   0.25818E+04   0.21544E-04   0.90815E-01   0.90802E-01   0.31372E+01
   0.25818E+04   0.23101E-04   0.91923E-01   0.91909E-01   0.32924E+01
   0.25818E+04   0.24771E-04   0.93181E-01   0.93168E-01   0.34443E+01
   0.25818E+04   0.26561E-04   0.94450E-01   0.94437E-01   0.36058E+01
   0.25818E+04   0.28480E-04   0.95730E-01   0.95717E-01   0.37773E+01
   0.25818E+04   0.30539E-04   0.97021E-01   0.97007E-01   0.39595E+01
   0.25818E+04   0.32745E-04   0.98322E-01   0.98308E-01   0.41532E+01
   0.25818E+04   0.35112E-04   0.99633E-01   0.99620E-01   0.43591E+01
   0.25818E+04   0.37649E-04   0.10115E+00   0.10113E+00   0.45384E+01
   0.25818E+04   0.40370E-04   0.10274E+00   0.10272E+00   0.47145E+01
   0.25818E+04   0.43288E-04   0.10435E+00   0.10433E+00   0.49002E+01
   0.25818E+04   0.46416E-04   0.10597E+00   0.10596E+00   0.50959E+01
   0.25818E+04   0.49770E-04   0.10761E+00   0.10760E+00   0.53024E+01
   0.25818E+04   0.53367E-04   0.10927E+00   0.10926E+00   0.55203E+01
   0.25818E+04   0.57224E-04   0.11097E+00   0.11096E+00   0.57451E+01
   0.25818E+04   0.61359E-04   0.11299E+00   0.11298E+00   0.59191E+01
   0.25818E+04   0.65793E-04   0.11504E+00   0.11502E+00   0.61036E+01
   0.25818E+04   0.70548E-04   0.11710E+00   0.11709E+00   0.62994E+01
   0.25818E+04   0.75646E-04   0.11920E+00   0.11918E+00   0.65073E+01
   0.25818E+04   0.81113E-04   0.12132E+00   0.12130E+00   0.67280E+01
   0.25818E+04   0.86975E-04   0.12346E+00   0.12345E+00   0.69624E+01
   0.25818E+04   0.93260E-04   0.12580E+00   0.12579E+00   0.71900E+01
   0.25818E+04   0.10000E-03   0.12851E+00   0.12850E+00   0.73909E+01
   0.25818E+04   0.10723E-03   0.13126E+00   0.13124E+00   0.76064E+01
   0.25818E+04   0.11498E-03   0.13405E+00   0.13403E+00   0.78374E+01
   0.25818E+04   0.12328E-03   0.13688E+00   0.13686E+00   0.80849E+01
   0.25818E+04   0.13219E-03   0.13974E+00   0.13973E+00   0.83499E+01
   0.25818E+04   0.14175E-03   0.14265E+00   0.14264E+00   0.86337E+01
   0.25818E+04   0.15199E-03   0.14591E+00   0.14590E+00   0.88917E+01
   0.25818E+04   0.16298E-03   0.14943E+00   0.14941E+00   0.91384E+01
   0.25818E+04   0.17475E-03   0.15300E+00   0.15298E+00   0.94036E+01
   0.25818E+04   0.18738E-03   0.15663E+00   0.15661E+00   0.96884E+01
   0.25818E+04   0.20092E-03   0.16031E+00   0.16030E+00   0.99937E+01
   0.25818E+04   0.21544E-03   0.16406E+00   0.16405E+00   0.10321E+02
   0.25818E+04   0.23101E-03   0.16786E+00   0.16785E+00   0.10670E+02
   0.25818E+04   0.24771E-03   0.17233E+00   0.17232E+00   0.10928E+02
   0.25818E+04   0.26561E-03   0.17698E+00   0.17697E+00   0.11186E+02
   0.25818E+04   0.28480E-03   0.18172E+00   0.18170E+00   0.11463E+02
   0.25818E+04   0.30539E-03   0.18654E+00   0.18653E+00   0.11760E+02
   0.25818E+04   0.32745E-03   0.19146E+00   0.19145E+00   0.12076E+02
   0.25818E+04   0.35112E-03   0.19647E+00   0.19645E+00   0.12414E+02
   0.25818E+04   0.37649E-03   0.20164E+00   0.20163E+00   0.12746E+02
   0.25818E+04   0.40370E-03   0.20734E+00   0.20732E+00   0.12947E+02
   0.25818E+04   0.43288E-03   0.21315E+00   0.21314E+00   0.13164E+02
   0.25818E+04   0.46416E-03   0.21907E+00   0.21906E+00   0.13398E+02
   0.25818E+04   0.49770E-03   0.22511E+00   0.22510E+00   0.13649E+02
   0.25818E+04   0.53367E-03   0.23127E+00   0.23125E+00   0.13917E+02
   0.25818E+04   0.57224E-03   0.23753E+00   0.23752E+00   0.14204E+02
   0.25818E+04   0.61359E-03   0.24437E+00   0.24436E+00   0.14432E+02
   0.25818E+04   0.65793E-03   0.25202E+00   0.25200E+00   0.14569E+02
   0.25818E+04   0.70548E-03   0.25984E+00   0.25982E+00   0.14721E+02
   0.25818E+04   0.75646E-03   0.26783E+00   0.26782E+00   0.14887E+02
   0.25818E+04   0.81113E-03   0.27601E+00   0.27600E+00   0.15069E+02
   0.25818E+04   0.86975E-03   0.28437E+00   0.28436E+00   0.15267E+02
   0.25818E+04   0.93260E-03   0.29291E+00   0.29290E+00   0.15480E+02
   0.25818E+04   0.10000E-02   0.30262E+00   0.30260E+00   0.15565E+02
   0.26212E+04   0.10000E-05   0.69815E-01   0.69800E-01   0.88200E+00
   0.26212E+04   0.10723E-05   0.70197E-01   0.70182E-01   0.88890E+00
   0.26212E+04   0.11498E-05   0.70581E-01   0.70565E-01   0.89631E+00
   0.26212E+04   0.12328E-05   0.70965E-01   0.70950E-01   0.90428E+00
   0.26212E+04   0.13219E-05   0.71350E-01   0.71335E-01   0.91286E+00
   0.26212E+04   0.14175E-05   0.71752E-01   0.71737E-01   0.92187E+00
   0.26212E+04   0.15199E-05   0.72156E-01   0.72141E-01   0.93156E+00
   0.26212E+04   0.16298E-05   0.72560E-01   0.72546E-01   0.94202E+00
   0.26212E+04   0.17475E-05   0.72966E-01   0.72951E-01   0.95333E+00
   0.26212E+04   0.18738E-05   0.73372E-01   0.73358E-01   0.96557E+00
   0.26212E+04   0.20092E-05   0.73780E-01   0.73765E-01   0.97882E+00
   0.26212E+04   0.21544E-05   0.74194E-01   0.74179E-01   0.99312E+00
   0.26212E+04   0.23101E-05   0.74639E-01   0.74625E-01   0.10084E+01
   0.26212E+04   0.24771E-05   0.75085E-01   0.75070E-01   0.10249E+01
   0.26212E+04   0.26561E-05   0.75532E-01   0.75517E-01   0.10429E+01
   0.26212E+04   0.28480E-05   0.75979E-01   0.75965E-01   0.10623E+01
   0.26212E+04   0.30539E-05   0.76427E-01   0.76413E-01   0.10834E+01
   0.26212E+04   0.32745E-05   0.76876E-01   0.76862E-01   0.11063E+01
   0.26212E+04   0.35112E-05   0.77349E-01   0.77334E-01   0.11310E+01
   0.26212E+04   0.37649E-05   0.77852E-01   0.77837E-01   0.11573E+01
   0.26212E+04   0.40370E-05   0.78355E-01   0.78341E-01   0.11860E+01
   0.26212E+04   0.43288E-05   0.78860E-01   0.78846E-01   0.12170E+01
   0.26212E+04   0.46416E-05   0.79365E-01   0.79351E-01   0.12507E+01
   0.26212E+04   0.49770E-05   0.79871E-01   0.79857E-01   0.12873E+01
   0.26212E+04   0.53367E-05   0.80378E-01   0.80364E-01   0.13271E+01
   0.26212E+04   0.57224E-05   0.80943E-01   0.80929E-01   0.13695E+01
   0.26212E+04   0.61359E-05   0.81534E-01   0.81520E-01   0.14152E+01
   0.26212E+04   0.65793E-05   0.82126E-01   0.82112E-01   0.14647E+01
   0.26212E+04   0.70548E-05   0.82719E-01   0.82705E-01   0.15183E+01
   0.26212E+04   0.75646E-05   0.83314E-01   0.83300E-01   0.15764E+01
   0.26212E+04   0.81113E-05   0.83910E-01   0.83896E-01   0.16395E+01
   0.26212E+04   0.86975E-05   0.84501E-01   0.84487E-01   0.17080E+01
   0.26212E+04   0.93260E-05   0.85262E-01   0.85248E-01   0.17790E+01
   0.26212E+04   0.10000E-04   0.86025E-01   0.86012E-01   0.18557E+01
   0.26212E+04   0.10723E-04   0.86792E-01   0.86778E-01   0.19386E+01
   0.26212E+04   0.11498E-04   0.87562E-01   0.87548E-01   0.20282E+01
   0.26212E+04   0.12328E-04   0.88334E-01   0.88321E-01   0.21249E+01
   0.26212E+04   0.13219E-04   0.89110E-01   0.89096E-01   0.22295E+01
   0.26212E+04   0.14175E-04   0.89936E-01   0.89922E-01   0.23406E+01
   0.26212E+04   0.15199E-04   0.90927E-01   0.90914E-01   0.24533E+01
   0.26212E+04   0.16298E-04   0.91924E-01   0.91911E-01   0.25743E+01
   0.26212E+04   0.17475E-04   0.92927E-01   0.92914E-01   0.27042E+01
   0.26212E+04   0.18738E-04   0.93935E-01   0.93922E-01   0.28438E+01
   0.26212E+04   0.20092E-04   0.94949E-01   0.94936E-01   0.29937E+01
   0.26212E+04   0.21544E-04   0.95969E-01   0.95956E-01   0.31547E+01
   0.26212E+04   0.23101E-04   0.97139E-01   0.97125E-01   0.33151E+01
   0.26212E+04   0.24771E-04   0.98466E-01   0.98453E-01   0.34729E+01
   0.26212E+04   0.26561E-04   0.99804E-01   0.99791E-01   0.36408E+01
   0.26212E+04   0.28480E-04   0.10115E+00   0.10114E+00   0.38194E+01
   0.26212E+04   0.30539E-04   0.10252E+00   0.10250E+00   0.40093E+01
   0.26212E+04   0.32745E-04   0.10389E+00   0.10387E+00   0.42115E+01
   0.26212E+04   0.35112E-04   0.10527E+00   0.10526E+00   0.44265E+01
   0.26212E+04   0.37649E-04   0.10686E+00   0.10685E+00   0.46155E+01
   0.26212E+04   0.40370E-04   0.10854E+00   0.10853E+00   0.48020E+01
   0.26212E+04   0.43288E-04   0.11023E+00   0.11022E+00   0.49987E+01
   0.26212E+04   0.46416E-04   0.11194E+00   0.11193E+00   0.52064E+01
   0.26212E+04   0.49770E-04   0.11367E+00   0.11366E+00   0.54257E+01
   0.26212E+04   0.53367E-04   0.11541E+00   0.11540E+00   0.56573E+01
   0.26212E+04   0.57224E-04   0.11720E+00   0.11719E+00   0.58967E+01
   0.26212E+04   0.61359E-04   0.11933E+00   0.11932E+00   0.60854E+01
   0.26212E+04   0.65793E-04   0.12148E+00   0.12147E+00   0.62855E+01
   0.26212E+04   0.70548E-04   0.12366E+00   0.12364E+00   0.64979E+01
   0.26212E+04   0.75646E-04   0.12586E+00   0.12584E+00   0.67232E+01
   0.26212E+04   0.81113E-04   0.12809E+00   0.12807E+00   0.69626E+01
   0.26212E+04   0.86975E-04   0.13034E+00   0.13033E+00   0.72168E+01
   0.26212E+04   0.93260E-04   0.13280E+00   0.13279E+00   0.74648E+01
   0.26212E+04   0.10000E-03   0.13566E+00   0.13565E+00   0.76857E+01
   0.26212E+04   0.10723E-03   0.13856E+00   0.13854E+00   0.79224E+01
   0.26212E+04   0.11498E-03   0.14149E+00   0.14148E+00   0.81759E+01
   0.26212E+04   0.12328E-03   0.14447E+00   0.14446E+00   0.84472E+01
   0.26212E+04   0.13219E-03   0.14750E+00   0.14748E+00   0.87375E+01
   0.26212E+04   0.14175E-03   0.15056E+00   0.15055E+00   0.90479E+01
   0.26212E+04   0.15199E-03   0.15399E+00   0.15398E+00   0.93307E+01
   0.26212E+04   0.16298E-03   0.15769E+00   0.15768E+00   0.96011E+01
   0.26212E+04   0.17475E-03   0.16145E+00   0.16144E+00   0.98912E+01
   0.26212E+04   0.18738E-03   0.16527E+00   0.16525E+00   0.10202E+02
   0.26212E+04   0.20092E-03   0.16915E+00   0.16913E+00   0.10535E+02
   0.26212E+04   0.21544E-03   0.17309E+00   0.17308E+00   0.10891E+02
   0.26212E+04   0.23101E-03   0.17709E+00   0.17708E+00   0.11271E+02
   0.26212E+04   0.24771E-03   0.18179E+00   0.18177E+00   0.11553E+02
   0.26212E+04   0.26561E-03   0.18666E+00   0.18665E+00   0.11837E+02
   0.26212E+04   0.28480E-03   0.19163E+00   0.19162E+00   0.12140E+02
   0.26212E+04   0.30539E-03   0.19669E+00   0.19668E+00   0.12464E+02
   0.26212E+04   0.32745E-03   0.20185E+00   0.20184E+00   0.12809E+02
   0.26212E+04   0.35112E-03   0.20710E+00   0.20709E+00   0.13176E+02
   0.26212E+04   0.37649E-03   0.21252E+00   0.21251E+00   0.13538E+02
   0.26212E+04   0.40370E-03   0.21850E+00   0.21849E+00   0.13759E+02
   0.26212E+04   0.43288E-03   0.22459E+00   0.22457E+00   0.13997E+02
   0.26212E+04   0.46416E-03   0.23079E+00   0.23078E+00   0.14253E+02
   0.26212E+04   0.49770E-03   0.23712E+00   0.23711E+00   0.14527E+02
   0.26212E+04   0.53367E-03   0.24356E+00   0.24355E+00   0.14819E+02
   0.26212E+04   0.57224E-03   0.25012E+00   0.25011E+00   0.15131E+02
   0.26212E+04   0.61359E-03   0.25729E+00   0.25727E+00   0.15380E+02
   0.26212E+04   0.65793E-03   0.26530E+00   0.26529E+00   0.15528E+02
   0.26212E+04   0.70548E-03   0.27350E+00   0.27348E+00   0.15693E+02
   0.26212E+04   0.75646E-03   0.28188E+00   0.28186E+00   0.15873E+02
   0.26212E+04   0.81113E-03   0.29044E+00   0.29043E+00   0.16069E+02
   0.26212E+04   0.86975E-03   0.29920E+00   0.29918E+00   0.16283E+02
   0.26212E+04   0.93260E-03   0.30814E+00   0.30813E+00   0.16513E+02
   0.26212E+04   0.10000E-02   0.31845E+00   0.31843E+00   0.16606E+02
   0.26606E+04   0.10000E-05   0.73197E-01   0.73182E-01   0.86016E+00
   0.26606E+04   0.10723E-05   0.73636E-01   0.73621E-01   0.86725E+00
   0.26606E+04   0.11498E-05   0.74077E-01   0.74062E-01   0.87485E+00
   0.26606E+04   0.12328E-05   0.74519E-01   0.74504E-01   0.88300E+00
   0.26606E+04   0.13219E-05   0.74963E-01   0.74948E-01   0.89175E+00
   0.26606E+04   0.14175E-05   0.75413E-01   0.75398E-01   0.90087E+00
   0.26606E+04   0.15199E-05   0.75865E-01   0.75850E-01   0.91065E+00
   0.26606E+04   0.16298E-05   0.76318E-01   0.76304E-01   0.92121E+00
   0.26606E+04   0.17475E-05   0.76773E-01   0.76758E-01   0.93262E+00
   0.26606E+04   0.18738E-05   0.77229E-01   0.77214E-01   0.94494E+00
   0.26606E+04   0.20092E-05   0.77685E-01   0.77671E-01   0.95827E+00
   0.26606E+04   0.21544E-05   0.78149E-01   0.78134E-01   0.97264E+00
   0.26606E+04   0.23101E-05   0.78637E-01   0.78623E-01   0.98792E+00
   0.26606E+04   0.24771E-05   0.79126E-01   0.79112E-01   0.10045E+01
   0.26606E+04   0.26561E-05   0.79617E-01   0.79602E-01   0.10224E+01
   0.26606E+04   0.28480E-05   0.80108E-01   0.80094E-01   0.10419E+01
   0.26606E+04   0.30539E-05   0.80601E-01   0.80587E-01   0.10630E+01
   0.26606E+04   0.32745E-05   0.81095E-01   0.81081E-01   0.10859E+01
   0.26606E+04   0.35112E-05   0.81611E-01   0.81597E-01   0.11105E+01
   0.26606E+04   0.37649E-05   0.82156E-01   0.82142E-01   0.11370E+01
   0.26606E+04   0.40370E-05   0.82702E-01   0.82688E-01   0.11656E+01
   0.26606E+04   0.43288E-05   0.83249E-01   0.83235E-01   0.11967E+01
   0.26606E+04   0.46416E-05   0.83797E-01   0.83783E-01   0.12305E+01
   0.26606E+04   0.49770E-05   0.84347E-01   0.84333E-01   0.12671E+01
   0.26606E+04   0.53367E-05   0.84897E-01   0.84884E-01   0.13070E+01
   0.26606E+04   0.57224E-05   0.85506E-01   0.85492E-01   0.13495E+01
   0.26606E+04   0.61359E-05   0.86140E-01   0.86126E-01   0.13953E+01
   0.26606E+04   0.65793E-05   0.86775E-01   0.86762E-01   0.14450E+01
   0.26606E+04   0.70548E-05   0.87412E-01   0.87399E-01   0.14989E+01
   0.26606E+04   0.75646E-05   0.88051E-01   0.88038E-01   0.15574E+01
   0.26606E+04   0.81113E-05   0.88692E-01   0.88678E-01   0.16209E+01
   0.26606E+04   0.86975E-05   0.89328E-01   0.89315E-01   0.16898E+01
   0.26606E+04   0.93260E-05   0.90139E-01   0.90126E-01   0.17616E+01
   0.26606E+04   0.10000E-04   0.90954E-01   0.90941E-01   0.18392E+01
   0.26606E+04   0.10723E-04   0.91772E-01   0.91759E-01   0.19230E+01
   0.26606E+04   0.11498E-04   0.92593E-01   0.92580E-01   0.20137E+01
   0.26606E+04   0.12328E-04   0.93418E-01   0.93405E-01   0.21119E+01
   0.26606E+04   0.13219E-04   0.94246E-01   0.94233E-01   0.22180E+01
   0.26606E+04   0.14175E-04   0.95126E-01   0.95113E-01   0.23309E+01
   0.26606E+04   0.15199E-04   0.96175E-01   0.96161E-01   0.24458E+01
   0.26606E+04   0.16298E-04   0.97229E-01   0.97216E-01   0.25693E+01
   0.26606E+04   0.17475E-04   0.98290E-01   0.98277E-01   0.27021E+01
   0.26606E+04   0.18738E-04   0.99357E-01   0.99344E-01   0.28449E+01
   0.26606E+04   0.20092E-04   0.10043E+00   0.10042E+00   0.29984E+01
   0.26606E+04   0.21544E-04   0.10151E+00   0.10150E+00   0.31635E+01
   0.26606E+04   0.23101E-04   0.10274E+00   0.10273E+00   0.33286E+01
   0.26606E+04   0.24771E-04   0.10414E+00   0.10413E+00   0.34918E+01
   0.26606E+04   0.26561E-04   0.10555E+00   0.10554E+00   0.36657E+01
   0.26606E+04   0.28480E-04   0.10697E+00   0.10696E+00   0.38508E+01
   0.26606E+04   0.30539E-04   0.10841E+00   0.10839E+00   0.40480E+01
   0.26606E+04   0.32745E-04   0.10985E+00   0.10984E+00   0.42580E+01
   0.26606E+04   0.35112E-04   0.11131E+00   0.11130E+00   0.44818E+01
   0.26606E+04   0.37649E-04   0.11299E+00   0.11298E+00   0.46802E+01
   0.26606E+04   0.40370E-04   0.11475E+00   0.11474E+00   0.48769E+01
   0.26606E+04   0.43288E-04   0.11654E+00   0.11653E+00   0.50846E+01
   0.26606E+04   0.46416E-04   0.11834E+00   0.11833E+00   0.53041E+01
   0.26606E+04   0.49770E-04   0.12016E+00   0.12015E+00   0.55361E+01
   0.26606E+04   0.53367E-04   0.12200E+00   0.12199E+00   0.57815E+01
   0.26606E+04   0.57224E-04   0.12388E+00   0.12387E+00   0.60356E+01
   0.26606E+04   0.61359E-04   0.12612E+00   0.12611E+00   0.62393E+01
   0.26606E+04   0.65793E-04   0.12839E+00   0.12837E+00   0.64554E+01
   0.26606E+04   0.70548E-04   0.13068E+00   0.13067E+00   0.66848E+01
   0.26606E+04   0.75646E-04   0.13300E+00   0.13298E+00   0.69282E+01
   0.26606E+04   0.81113E-04   0.13534E+00   0.13533E+00   0.71868E+01
   0.26606E+04   0.86975E-04   0.13771E+00   0.13770E+00   0.74614E+01
   0.26606E+04   0.93260E-04   0.14031E+00   0.14030E+00   0.77305E+01
   0.26606E+04   0.10000E-03   0.14332E+00   0.14331E+00   0.79726E+01
   0.26606E+04   0.10723E-03   0.14637E+00   0.14636E+00   0.82315E+01
   0.26606E+04   0.11498E-03   0.14947E+00   0.14946E+00   0.85086E+01
   0.26606E+04   0.12328E-03   0.15261E+00   0.15260E+00   0.88048E+01
   0.26606E+04   0.13219E-03   0.15580E+00   0.15579E+00   0.91215E+01
   0.26606E+04   0.14175E-03   0.15903E+00   0.15902E+00   0.94600E+01
   0.26606E+04   0.15199E-03   0.16264E+00   0.16263E+00   0.97687E+01
   0.26606E+04   0.16298E-03   0.16654E+00   0.16652E+00   0.10064E+02
   0.26606E+04   0.17475E-03   0.17049E+00   0.17048E+00   0.10380E+02
   0.26606E+04   0.18738E-03   0.17451E+00   0.17450E+00   0.10718E+02
   0.26606E+04   0.20092E-03   0.17860E+00   0.17858E+00   0.11080E+02
   0.26606E+04   0.21544E-03   0.18274E+00   0.18273E+00   0.11466E+02
   0.26606E+04   0.23101E-03   0.18695E+00   0.18694E+00   0.11878E+02
   0.26606E+04   0.24771E-03   0.19188E+00   0.19187E+00   0.12186E+02
   0.26606E+04   0.26561E-03   0.19700E+00   0.19698E+00   0.12496E+02
   0.26606E+04   0.28480E-03   0.20221E+00   0.20220E+00   0.12827E+02
   0.26606E+04   0.30539E-03   0.20752E+00   0.20750E+00   0.13179E+02
   0.26606E+04   0.32745E-03   0.21292E+00   0.21291E+00   0.13554E+02
   0.26606E+04   0.35112E-03   0.21842E+00   0.21841E+00   0.13953E+02
   0.26606E+04   0.37649E-03   0.22410E+00   0.22409E+00   0.14346E+02
   0.26606E+04   0.40370E-03   0.23037E+00   0.23036E+00   0.14589E+02
   0.26606E+04   0.43288E-03   0.23675E+00   0.23674E+00   0.14849E+02
   0.26606E+04   0.46416E-03   0.24326E+00   0.24325E+00   0.15128E+02
   0.26606E+04   0.49770E-03   0.24989E+00   0.24987E+00   0.15427E+02
   0.26606E+04   0.53367E-03   0.25664E+00   0.25662E+00   0.15745E+02
   0.26606E+04   0.57224E-03   0.26351E+00   0.26349E+00   0.16083E+02
   0.26606E+04   0.61359E-03   0.27101E+00   0.27100E+00   0.16352E+02
   0.26606E+04   0.65793E-03   0.27941E+00   0.27939E+00   0.16513E+02
   0.26606E+04   0.70548E-03   0.28799E+00   0.28798E+00   0.16689E+02
   0.26606E+04   0.75646E-03   0.29677E+00   0.29675E+00   0.16883E+02
   0.26606E+04   0.81113E-03   0.30573E+00   0.30572E+00   0.17094E+02
   0.26606E+04   0.86975E-03   0.31490E+00   0.31488E+00   0.17323E+02
   0.26606E+04   0.93260E-03   0.32425E+00   0.32424E+00   0.17570E+02
   0.26606E+04   0.10000E-02   0.33504E+00   0.33503E+00   0.17670E+02
   0.27000E+04   0.10000E-05   0.76613E-01   0.76599E-01   0.84033E+00
   0.27000E+04   0.10723E-05   0.77112E-01   0.77098E-01   0.84759E+00
   0.27000E+04   0.11498E-05   0.77614E-01   0.77599E-01   0.85536E+00
   0.27000E+04   0.12328E-05   0.78117E-01   0.78103E-01   0.86368E+00
   0.27000E+04   0.13219E-05   0.78622E-01   0.78608E-01   0.87260E+00
   0.27000E+04   0.14175E-05   0.79124E-01   0.79110E-01   0.88183E+00
   0.27000E+04   0.15199E-05   0.79627E-01   0.79613E-01   0.89172E+00
   0.27000E+04   0.16298E-05   0.80131E-01   0.80117E-01   0.90238E+00
   0.27000E+04   0.17475E-05   0.80638E-01   0.80624E-01   0.91388E+00
   0.27000E+04   0.18738E-05   0.81145E-01   0.81131E-01   0.92629E+00
   0.27000E+04   0.20092E-05   0.81655E-01   0.81641E-01   0.93972E+00
   0.27000E+04   0.21544E-05   0.82170E-01   0.82156E-01   0.95417E+00
   0.27000E+04   0.23101E-05   0.82703E-01   0.82690E-01   0.96949E+00
   0.27000E+04   0.24771E-05   0.83238E-01   0.83225E-01   0.98608E+00
   0.27000E+04   0.26561E-05   0.83775E-01   0.83761E-01   0.10041E+01
   0.27000E+04   0.28480E-05   0.84313E-01   0.84299E-01   0.10235E+01
   0.27000E+04   0.30539E-05   0.84852E-01   0.84839E-01   0.10447E+01
   0.27000E+04   0.32745E-05   0.85394E-01   0.85380E-01   0.10676E+01
   0.27000E+04   0.35112E-05   0.85956E-01   0.85942E-01   0.10923E+01
   0.27000E+04   0.37649E-05   0.86545E-01   0.86531E-01   0.11188E+01
   0.27000E+04   0.40370E-05   0.87135E-01   0.87122E-01   0.11475E+01
   0.27000E+04   0.43288E-05   0.87727E-01   0.87713E-01   0.11786E+01
   0.27000E+04   0.46416E-05   0.88320E-01   0.88307E-01   0.12125E+01
   0.27000E+04   0.49770E-05   0.88915E-01   0.88902E-01   0.12492E+01
   0.27000E+04   0.53367E-05   0.89512E-01   0.89498E-01   0.12892E+01
   0.27000E+04   0.57224E-05   0.90165E-01   0.90152E-01   0.13319E+01
   0.27000E+04   0.61359E-05   0.90845E-01   0.90831E-01   0.13779E+01
   0.27000E+04   0.65793E-05   0.91526E-01   0.91513E-01   0.14279E+01
   0.27000E+04   0.70548E-05   0.92209E-01   0.92196E-01   0.14821E+01
   0.27000E+04   0.75646E-05   0.92894E-01   0.92881E-01   0.15409E+01
   0.27000E+04   0.81113E-05   0.93581E-01   0.93568E-01   0.16048E+01
   0.27000E+04   0.86975E-05   0.94264E-01   0.94251E-01   0.16743E+01
   0.27000E+04   0.93260E-05   0.95128E-01   0.95115E-01   0.17468E+01
   0.27000E+04   0.10000E-04   0.95996E-01   0.95983E-01   0.18252E+01
   0.27000E+04   0.10723E-04   0.96867E-01   0.96854E-01   0.19101E+01
   0.27000E+04   0.11498E-04   0.97743E-01   0.97730E-01   0.20020E+01
   0.27000E+04   0.12328E-04   0.98622E-01   0.98609E-01   0.21014E+01
   0.27000E+04   0.13219E-04   0.99504E-01   0.99492E-01   0.22091E+01
   0.27000E+04   0.14175E-04   0.10044E+00   0.10043E+00   0.23238E+01
   0.27000E+04   0.15199E-04   0.10155E+00   0.10154E+00   0.24409E+01
   0.27000E+04   0.16298E-04   0.10266E+00   0.10265E+00   0.25669E+01
   0.27000E+04   0.17475E-04   0.10378E+00   0.10377E+00   0.27026E+01
   0.27000E+04   0.18738E-04   0.10491E+00   0.10490E+00   0.28485E+01
   0.27000E+04   0.20092E-04   0.10605E+00   0.10603E+00   0.30056E+01
   0.27000E+04   0.21544E-04   0.10719E+00   0.10718E+00   0.31747E+01
   0.27000E+04   0.23101E-04   0.10849E+00   0.10848E+00   0.33445E+01
   0.27000E+04   0.24771E-04   0.10996E+00   0.10995E+00   0.35131E+01
   0.27000E+04   0.26561E-04   0.11145E+00   0.11143E+00   0.36928E+01
   0.27000E+04   0.28480E-04   0.11294E+00   0.11293E+00   0.38844E+01
   0.27000E+04   0.30539E-04   0.11445E+00   0.11444E+00   0.40888E+01
   0.27000E+04   0.32745E-04   0.11597E+00   0.11596E+00   0.43067E+01
   0.27000E+04   0.35112E-04   0.11751E+00   0.11749E+00   0.45391E+01
   0.27000E+04   0.37649E-04   0.11928E+00   0.11926E+00   0.47470E+01
   0.27000E+04   0.40370E-04   0.12113E+00   0.12112E+00   0.49539E+01
   0.27000E+04   0.43288E-04   0.12301E+00   0.12300E+00   0.51727E+01
   0.27000E+04   0.46416E-04   0.12491E+00   0.12490E+00   0.54042E+01
   0.27000E+04   0.49770E-04   0.12682E+00   0.12681E+00   0.56491E+01
   0.27000E+04   0.53367E-04   0.12876E+00   0.12875E+00   0.59083E+01
   0.27000E+04   0.57224E-04   0.13074E+00   0.13073E+00   0.61773E+01
   0.27000E+04   0.61359E-04   0.13310E+00   0.13309E+00   0.63964E+01
   0.27000E+04   0.65793E-04   0.13548E+00   0.13547E+00   0.66288E+01
   0.27000E+04   0.70548E-04   0.13789E+00   0.13788E+00   0.68755E+01
   0.27000E+04   0.75646E-04   0.14033E+00   0.14032E+00   0.71375E+01
   0.27000E+04   0.81113E-04   0.14280E+00   0.14279E+00   0.74157E+01
   0.27000E+04   0.86975E-04   0.14529E+00   0.14528E+00   0.77113E+01
   0.27000E+04   0.93260E-04   0.14802E+00   0.14801E+00   0.80021E+01
   0.27000E+04   0.10000E-03   0.15120E+00   0.15118E+00   0.82659E+01
   0.27000E+04   0.10723E-03   0.15441E+00   0.15440E+00   0.85478E+01
   0.27000E+04   0.11498E-03   0.15768E+00   0.15767E+00   0.88492E+01
   0.27000E+04   0.12328E-03   0.16099E+00   0.16098E+00   0.91713E+01
   0.27000E+04   0.13219E-03   0.16434E+00   0.16433E+00   0.95153E+01
   0.27000E+04   0.14175E-03   0.16774E+00   0.16773E+00   0.98827E+01
   0.27000E+04   0.15199E-03   0.17155E+00   0.17153E+00   0.10218E+02
   0.27000E+04   0.16298E-03   0.17564E+00   0.17563E+00   0.10539E+02
   0.27000E+04   0.17475E-03   0.17981E+00   0.17979E+00   0.10882E+02
   0.27000E+04   0.18738E-03   0.18403E+00   0.18402E+00   0.11248E+02
   0.27000E+04   0.20092E-03   0.18833E+00   0.18832E+00   0.11639E+02
   0.27000E+04   0.21544E-03   0.19269E+00   0.19268E+00   0.12057E+02
   0.27000E+04   0.23101E-03   0.19712E+00   0.19710E+00   0.12501E+02
   0.27000E+04   0.24771E-03   0.20228E+00   0.20227E+00   0.12837E+02
   0.27000E+04   0.26561E-03   0.20765E+00   0.20763E+00   0.13174E+02
   0.27000E+04   0.28480E-03   0.21311E+00   0.21310E+00   0.13533E+02
   0.27000E+04   0.30539E-03   0.21867E+00   0.21866E+00   0.13916E+02
   0.27000E+04   0.32745E-03   0.22433E+00   0.22432E+00   0.14322E+02
   0.27000E+04   0.35112E-03   0.23009E+00   0.23008E+00   0.14753E+02
   0.27000E+04   0.37649E-03   0.23604E+00   0.23602E+00   0.15179E+02
   0.27000E+04   0.40370E-03   0.24260E+00   0.24259E+00   0.15443E+02
   0.27000E+04   0.43288E-03   0.24929E+00   0.24928E+00   0.15727E+02
   0.27000E+04   0.46416E-03   0.25611E+00   0.25609E+00   0.16031E+02
   0.27000E+04   0.49770E-03   0.26305E+00   0.26304E+00   0.16354E+02
   0.27000E+04   0.53367E-03   0.27011E+00   0.27010E+00   0.16698E+02
   0.27000E+04   0.57224E-03   0.27731E+00   0.27729E+00   0.17064E+02
   0.27000E+04   0.61359E-03   0.28516E+00   0.28515E+00   0.17355E+02
   0.27000E+04   0.65793E-03   0.29395E+00   0.29394E+00   0.17527E+02
   0.27000E+04   0.70548E-03   0.30294E+00   0.30293E+00   0.17717E+02
   0.27000E+04   0.75646E-03   0.31212E+00   0.31211E+00   0.17924E+02
   0.27000E+04   0.81113E-03   0.32150E+00   0.32149E+00   0.18150E+02
   0.27000E+04   0.86975E-03   0.33109E+00   0.33107E+00   0.18394E+02
   0.27000E+04   0.93260E-03   0.34087E+00   0.34086E+00   0.18658E+02
   0.27000E+04   0.10000E-02   0.35216E+00   0.35215E+00   0.18765E+02
   0.27394E+04   0.10000E-05   0.80058E-01   0.80044E-01   0.82234E+00
   0.27394E+04   0.10723E-05   0.80620E-01   0.80606E-01   0.82976E+00
   0.27394E+04   0.11498E-05   0.81186E-01   0.81171E-01   0.83769E+00
   0.27394E+04   0.12328E-05   0.81753E-01   0.81739E-01   0.84618E+00
   0.27394E+04   0.13219E-05   0.82324E-01   0.82310E-01   0.85527E+00
   0.27394E+04   0.14175E-05   0.82880E-01   0.82866E-01   0.86460E+00
   0.27394E+04   0.15199E-05   0.83436E-01   0.83422E-01   0.87460E+00
   0.27394E+04   0.16298E-05   0.83995E-01   0.83981E-01   0.88536E+00
   0.27394E+04   0.17475E-05   0.84555E-01   0.84541E-01   0.89697E+00
   0.27394E+04   0.18738E-05   0.85118E-01   0.85104E-01   0.90949E+00
   0.27394E+04   0.20092E-05   0.85683E-01   0.85669E-01   0.92301E+00
   0.27394E+04   0.21544E-05   0.86252E-01   0.86239E-01   0.93756E+00
   0.27394E+04   0.23101E-05   0.86833E-01   0.86820E-01   0.95294E+00
   0.27394E+04   0.24771E-05   0.87416E-01   0.87403E-01   0.96959E+00
   0.27394E+04   0.26561E-05   0.88001E-01   0.87988E-01   0.98762E+00
   0.27394E+04   0.28480E-05   0.88588E-01   0.88575E-01   0.10072E+01
   0.27394E+04   0.30539E-05   0.89177E-01   0.89163E-01   0.10284E+01
   0.27394E+04   0.32745E-05   0.89767E-01   0.89754E-01   0.10514E+01
   0.27394E+04   0.35112E-05   0.90378E-01   0.90364E-01   0.10762E+01
   0.27394E+04   0.37649E-05   0.91013E-01   0.91000E-01   0.11027E+01
   0.27394E+04   0.40370E-05   0.91650E-01   0.91636E-01   0.11315E+01
   0.27394E+04   0.43288E-05   0.92289E-01   0.92275E-01   0.11627E+01
   0.27394E+04   0.46416E-05   0.92929E-01   0.92916E-01   0.11967E+01
   0.27394E+04   0.49770E-05   0.93572E-01   0.93558E-01   0.12336E+01
   0.27394E+04   0.53367E-05   0.94216E-01   0.94203E-01   0.12737E+01
   0.27394E+04   0.57224E-05   0.94917E-01   0.94904E-01   0.13166E+01
   0.27394E+04   0.61359E-05   0.95644E-01   0.95630E-01   0.13629E+01
   0.27394E+04   0.65793E-05   0.96372E-01   0.96359E-01   0.14131E+01
   0.27394E+04   0.70548E-05   0.97103E-01   0.97090E-01   0.14676E+01
   0.27394E+04   0.75646E-05   0.97837E-01   0.97824E-01   0.15268E+01
   0.27394E+04   0.81113E-05   0.98573E-01   0.98560E-01   0.15912E+01
   0.27394E+04   0.86975E-05   0.99304E-01   0.99292E-01   0.16612E+01
   0.27394E+04   0.93260E-05   0.10022E+00   0.10021E+00   0.17345E+01
   0.27394E+04   0.10000E-04   0.10115E+00   0.10113E+00   0.18138E+01
   0.27394E+04   0.10723E-04   0.10207E+00   0.10206E+00   0.18997E+01
   0.27394E+04   0.11498E-04   0.10300E+00   0.10299E+00   0.19927E+01
   0.27394E+04   0.12328E-04   0.10394E+00   0.10393E+00   0.20935E+01
   0.27394E+04   0.13219E-04   0.10488E+00   0.10487E+00   0.22028E+01
   0.27394E+04   0.14175E-04   0.10587E+00   0.10586E+00   0.23194E+01
   0.27394E+04   0.15199E-04   0.10704E+00   0.10703E+00   0.24386E+01
   0.27394E+04   0.16298E-04   0.10822E+00   0.10821E+00   0.25671E+01
   0.27394E+04   0.17475E-04   0.10940E+00   0.10939E+00   0.27055E+01
   0.27394E+04   0.18738E-04   0.11060E+00   0.11058E+00   0.28546E+01
   0.27394E+04   0.20092E-04   0.11179E+00   0.11178E+00   0.30152E+01
   0.27394E+04   0.21544E-04   0.11300E+00   0.11299E+00   0.31883E+01
   0.27394E+04   0.23101E-04   0.11437E+00   0.11436E+00   0.33627E+01
   0.27394E+04   0.24771E-04   0.11592E+00   0.11591E+00   0.35366E+01
   0.27394E+04   0.26561E-04   0.11748E+00   0.11747E+00   0.37222E+01
   0.27394E+04   0.28480E-04   0.11905E+00   0.11904E+00   0.39203E+01
   0.27394E+04   0.30539E-04   0.12064E+00   0.12063E+00   0.41318E+01
   0.27394E+04   0.32745E-04   0.12224E+00   0.12223E+00   0.43576E+01
   0.27394E+04   0.35112E-04   0.12386E+00   0.12384E+00   0.45986E+01
   0.27394E+04   0.37649E-04   0.12572E+00   0.12570E+00   0.48161E+01
   0.27394E+04   0.40370E-04   0.12767E+00   0.12766E+00   0.50333E+01
   0.27394E+04   0.43288E-04   0.12965E+00   0.12964E+00   0.52632E+01
   0.27394E+04   0.46416E-04   0.13164E+00   0.13163E+00   0.55067E+01
   0.27394E+04   0.49770E-04   0.13366E+00   0.13365E+00   0.57645E+01
   0.27394E+04   0.53367E-04   0.13569E+00   0.13568E+00   0.60378E+01
   0.27394E+04   0.57224E-04   0.13778E+00   0.13777E+00   0.63219E+01
   0.27394E+04   0.61359E-04   0.14026E+00   0.14025E+00   0.65566E+01
   0.27394E+04   0.65793E-04   0.14276E+00   0.14275E+00   0.68057E+01
   0.27394E+04   0.70548E-04   0.14530E+00   0.14529E+00   0.70701E+01
   0.27394E+04   0.75646E-04   0.14786E+00   0.14785E+00   0.73509E+01
   0.27394E+04   0.81113E-04   0.15045E+00   0.15044E+00   0.76492E+01
   0.27394E+04   0.86975E-04   0.15307E+00   0.15306E+00   0.79663E+01
   0.27394E+04   0.93260E-04   0.15594E+00   0.15593E+00   0.82793E+01
   0.27394E+04   0.10000E-03   0.15928E+00   0.15927E+00   0.85654E+01
   0.27394E+04   0.10723E-03   0.16267E+00   0.16266E+00   0.88711E+01
   0.27394E+04   0.11498E-03   0.16611E+00   0.16609E+00   0.91975E+01
   0.27394E+04   0.12328E-03   0.16959E+00   0.16958E+00   0.95461E+01
   0.27394E+04   0.13219E-03   0.17312E+00   0.17311E+00   0.99184E+01
   0.27394E+04   0.14175E-03   0.17670E+00   0.17668E+00   0.10316E+02
   0.27394E+04   0.15199E-03   0.18070E+00   0.18068E+00   0.10679E+02
   0.27394E+04   0.16298E-03   0.18500E+00   0.18499E+00   0.11026E+02
   0.27394E+04   0.17475E-03   0.18938E+00   0.18937E+00   0.11396E+02
   0.27394E+04   0.18738E-03   0.19383E+00   0.19381E+00   0.11791E+02
   0.27394E+04   0.20092E-03   0.19834E+00   0.19833E+00   0.12213E+02
   0.27394E+04   0.21544E-03   0.20292E+00   0.20291E+00   0.12662E+02
   0.27394E+04   0.23101E-03   0.20757E+00   0.20756E+00   0.13141E+02
   0.27394E+04   0.24771E-03   0.21299E+00   0.21297E+00   0.13505E+02
   0.27394E+04   0.26561E-03   0.21860E+00   0.21859E+00   0.13870E+02
   0.27394E+04   0.28480E-03   0.22432E+00   0.22431E+00   0.14259E+02
   0.27394E+04   0.30539E-03   0.23014E+00   0.23013E+00   0.14672E+02
   0.27394E+04   0.32745E-03   0.23607E+00   0.23606E+00   0.15111E+02
   0.27394E+04   0.35112E-03   0.24209E+00   0.24208E+00   0.15576E+02
   0.27394E+04   0.37649E-03   0.24832E+00   0.24831E+00   0.16034E+02
   0.27394E+04   0.40370E-03   0.25520E+00   0.25518E+00   0.16322E+02
   0.27394E+04   0.43288E-03   0.26220E+00   0.26219E+00   0.16630E+02
   0.27394E+04   0.46416E-03   0.26933E+00   0.26932E+00   0.16958E+02
   0.27394E+04   0.49770E-03   0.27660E+00   0.27659E+00   0.17308E+02
   0.27394E+04   0.53367E-03   0.28399E+00   0.28398E+00   0.17679E+02
   0.27394E+04   0.57224E-03   0.29151E+00   0.29150E+00   0.18073E+02
   0.27394E+04   0.61359E-03   0.29973E+00   0.29972E+00   0.18386E+02
   0.27394E+04   0.65793E-03   0.30893E+00   0.30892E+00   0.18570E+02
   0.27394E+04   0.70548E-03   0.31833E+00   0.31832E+00   0.18773E+02
   0.27394E+04   0.75646E-03   0.32794E+00   0.32792E+00   0.18994E+02
   0.27394E+04   0.81113E-03   0.33775E+00   0.33773E+00   0.19234E+02
   0.27394E+04   0.86975E-03   0.34776E+00   0.34775E+00   0.19495E+02
   0.27394E+04   0.93260E-03   0.35799E+00   0.35798E+00   0.19776E+02
   0.27394E+04   0.10000E-02   0.36980E+00   0.36978E+00   0.19891E+02
   0.27788E+04   0.10000E-05   0.83526E-01   0.83512E-01   0.80603E+00
   0.27788E+04   0.10723E-05   0.84155E-01   0.84141E-01   0.81361E+00
   0.27788E+04   0.11498E-05   0.84788E-01   0.84774E-01   0.82170E+00
   0.27788E+04   0.12328E-05   0.85424E-01   0.85410E-01   0.83035E+00
   0.27788E+04   0.13219E-05   0.86063E-01   0.86049E-01   0.83960E+00
   0.27788E+04   0.14175E-05   0.86676E-01   0.86662E-01   0.84905E+00
   0.27788E+04   0.15199E-05   0.87288E-01   0.87274E-01   0.85915E+00
   0.27788E+04   0.16298E-05   0.87903E-01   0.87889E-01   0.87003E+00
   0.27788E+04   0.17475E-05   0.88521E-01   0.88507E-01   0.88174E+00
   0.27788E+04   0.18738E-05   0.89141E-01   0.89127E-01   0.89438E+00
   0.27788E+04   0.20092E-05   0.89764E-01   0.89751E-01   0.90802E+00
   0.27788E+04   0.21544E-05   0.90391E-01   0.90377E-01   0.92268E+00
   0.27788E+04   0.23101E-05   0.91021E-01   0.91008E-01   0.93813E+00
   0.27788E+04   0.24771E-05   0.91655E-01   0.91641E-01   0.95485E+00
   0.27788E+04   0.26561E-05   0.92290E-01   0.92277E-01   0.97296E+00
   0.27788E+04   0.28480E-05   0.92928E-01   0.92915E-01   0.99260E+00
   0.27788E+04   0.30539E-05   0.93568E-01   0.93555E-01   0.10139E+01
   0.27788E+04   0.32745E-05   0.94211E-01   0.94198E-01   0.10370E+01
   0.27788E+04   0.35112E-05   0.94872E-01   0.94859E-01   0.10619E+01
   0.27788E+04   0.37649E-05   0.95555E-01   0.95542E-01   0.10885E+01
   0.27788E+04   0.40370E-05   0.96240E-01   0.96227E-01   0.11174E+01
   0.27788E+04   0.43288E-05   0.96928E-01   0.96915E-01   0.11488E+01
   0.27788E+04   0.46416E-05   0.97618E-01   0.97605E-01   0.11829E+01
   0.27788E+04   0.49770E-05   0.98310E-01   0.98297E-01   0.12200E+01
   0.27788E+04   0.53367E-05   0.99005E-01   0.98992E-01   0.12603E+01
   0.27788E+04   0.57224E-05   0.99755E-01   0.99742E-01   0.13035E+01
   0.27788E+04   0.61359E-05   0.10053E+00   0.10052E+00   0.13500E+01
   0.27788E+04   0.65793E-05   0.10131E+00   0.10130E+00   0.14005E+01
   0.27788E+04   0.70548E-05   0.10209E+00   0.10208E+00   0.14554E+01
   0.27788E+04   0.75646E-05   0.10287E+00   0.10286E+00   0.15151E+01
   0.27788E+04   0.81113E-05   0.10366E+00   0.10365E+00   0.15799E+01
   0.27788E+04   0.86975E-05   0.10444E+00   0.10443E+00   0.16506E+01
   0.27788E+04   0.93260E-05   0.10542E+00   0.10541E+00   0.17246E+01
   0.27788E+04   0.10000E-04   0.10640E+00   0.10639E+00   0.18048E+01
   0.27788E+04   0.10723E-04   0.10738E+00   0.10737E+00   0.18917E+01
   0.27788E+04   0.11498E-04   0.10837E+00   0.10836E+00   0.19860E+01
   0.27788E+04   0.12328E-04   0.10937E+00   0.10935E+00   0.20882E+01
   0.27788E+04   0.13219E-04   0.11037E+00   0.11035E+00   0.21990E+01
   0.27788E+04   0.14175E-04   0.11142E+00   0.11141E+00   0.23174E+01
   0.27788E+04   0.15199E-04   0.11266E+00   0.11264E+00   0.24388E+01
   0.27788E+04   0.16298E-04   0.11390E+00   0.11388E+00   0.25698E+01
   0.27788E+04   0.17475E-04   0.11515E+00   0.11513E+00   0.27109E+01
   0.27788E+04   0.18738E-04   0.11640E+00   0.11639E+00   0.28631E+01
   0.27788E+04   0.20092E-04   0.11767E+00   0.11765E+00   0.30273E+01
   0.27788E+04   0.21544E-04   0.11894E+00   0.11893E+00   0.32043E+01
   0.27788E+04   0.23101E-04   0.12038E+00   0.12037E+00   0.33834E+01
   0.27788E+04   0.24771E-04   0.12201E+00   0.12200E+00   0.35626E+01
   0.27788E+04   0.26561E-04   0.12365E+00   0.12364E+00   0.37540E+01
   0.27788E+04   0.28480E-04   0.12530E+00   0.12529E+00   0.39585E+01
   0.27788E+04   0.30539E-04   0.12697E+00   0.12696E+00   0.41771E+01
   0.27788E+04   0.32745E-04   0.12866E+00   0.12864E+00   0.44107E+01
   0.27788E+04   0.35112E-04   0.13035E+00   0.13034E+00   0.46604E+01
   0.27788E+04   0.37649E-04   0.13231E+00   0.13230E+00   0.48873E+01
   0.27788E+04   0.40370E-04   0.13436E+00   0.13435E+00   0.51149E+01
   0.27788E+04   0.43288E-04   0.13644E+00   0.13643E+00   0.53560E+01
   0.27788E+04   0.46416E-04   0.13854E+00   0.13853E+00   0.56116E+01
   0.27788E+04   0.49770E-04   0.14066E+00   0.14064E+00   0.58826E+01
   0.27788E+04   0.53367E-04   0.14280E+00   0.14278E+00   0.61700E+01
   0.27788E+04   0.57224E-04   0.14499E+00   0.14498E+00   0.64693E+01
   0.27788E+04   0.61359E-04   0.14759E+00   0.14758E+00   0.67199E+01
   0.27788E+04   0.65793E-04   0.15022E+00   0.15021E+00   0.69859E+01
   0.27788E+04   0.70548E-04   0.15288E+00   0.15287E+00   0.72683E+01
   0.27788E+04   0.75646E-04   0.15557E+00   0.15556E+00   0.75684E+01
   0.27788E+04   0.81113E-04   0.15829E+00   0.15828E+00   0.78872E+01
   0.27788E+04   0.86975E-04   0.16104E+00   0.16103E+00   0.82261E+01
   0.27788E+04   0.93260E-04   0.16406E+00   0.16405E+00   0.85619E+01
   0.27788E+04   0.10000E-03   0.16757E+00   0.16756E+00   0.88710E+01
   0.27788E+04   0.10723E-03   0.17114E+00   0.17113E+00   0.92009E+01
   0.27788E+04   0.11498E-03   0.17475E+00   0.17474E+00   0.95531E+01
   0.27788E+04   0.12328E-03   0.17841E+00   0.17840E+00   0.99291E+01
   0.27788E+04   0.13219E-03   0.18212E+00   0.18211E+00   0.10330E+02
   0.27788E+04   0.14175E-03   0.18588E+00   0.18587E+00   0.10758E+02
   0.27788E+04   0.15199E-03   0.19009E+00   0.19008E+00   0.11150E+02
   0.27788E+04   0.16298E-03   0.19461E+00   0.19460E+00   0.11524E+02
   0.27788E+04   0.17475E-03   0.19921E+00   0.19920E+00   0.11922E+02
   0.27788E+04   0.18738E-03   0.20388E+00   0.20387E+00   0.12348E+02
   0.27788E+04   0.20092E-03   0.20862E+00   0.20861E+00   0.12800E+02
   0.27788E+04   0.21544E-03   0.21343E+00   0.21342E+00   0.13283E+02
   0.27788E+04   0.23101E-03   0.21831E+00   0.21830E+00   0.13796E+02
   0.27788E+04   0.24771E-03   0.22398E+00   0.22397E+00   0.14189E+02
   0.27788E+04   0.26561E-03   0.22986E+00   0.22985E+00   0.14583E+02
   0.27788E+04   0.28480E-03   0.23585E+00   0.23584E+00   0.15002E+02
   0.27788E+04   0.30539E-03   0.24194E+00   0.24193E+00   0.15447E+02
   0.27788E+04   0.32745E-03   0.24813E+00   0.24812E+00   0.15919E+02
   0.27788E+04   0.35112E-03   0.25444E+00   0.25442E+00   0.16419E+02
   0.27788E+04   0.37649E-03   0.26094E+00   0.26093E+00   0.16912E+02
   0.27788E+04   0.40370E-03   0.26814E+00   0.26813E+00   0.17224E+02
   0.27788E+04   0.43288E-03   0.27547E+00   0.27546E+00   0.17556E+02
   0.27788E+04   0.46416E-03   0.28293E+00   0.28292E+00   0.17910E+02
   0.27788E+04   0.49770E-03   0.29053E+00   0.29052E+00   0.18286E+02
   0.27788E+04   0.53367E-03   0.29826E+00   0.29825E+00   0.18686E+02
   0.27788E+04   0.57224E-03   0.30613E+00   0.30611E+00   0.19109E+02
   0.27788E+04   0.61359E-03   0.31472E+00   0.31471E+00   0.19444E+02
   0.27788E+04   0.65793E-03   0.32434E+00   0.32432E+00   0.19641E+02
   0.27788E+04   0.70548E-03   0.33417E+00   0.33415E+00   0.19856E+02
   0.27788E+04   0.75646E-03   0.34420E+00   0.34419E+00   0.20091E+02
   0.27788E+04   0.81113E-03   0.35446E+00   0.35444E+00   0.20347E+02
   0.27788E+04   0.86975E-03   0.36492E+00   0.36491E+00   0.20623E+02
   0.27788E+04   0.93260E-03   0.37560E+00   0.37559E+00   0.20922E+02
   0.27788E+04   0.10000E-02   0.38794E+00   0.38793E+00   0.21045E+02
   0.28182E+04   0.10000E-05   0.87014E-01   0.87001E-01   0.79129E+00
   0.28182E+04   0.10723E-05   0.87713E-01   0.87699E-01   0.79902E+00
   0.28182E+04   0.11498E-05   0.88416E-01   0.88402E-01   0.80726E+00
   0.28182E+04   0.12328E-05   0.89123E-01   0.89109E-01   0.81605E+00
   0.28182E+04   0.13219E-05   0.89834E-01   0.89820E-01   0.82546E+00
   0.28182E+04   0.14175E-05   0.90506E-01   0.90492E-01   0.83503E+00
   0.28182E+04   0.15199E-05   0.91177E-01   0.91163E-01   0.84525E+00
   0.28182E+04   0.16298E-05   0.91851E-01   0.91837E-01   0.85624E+00
   0.28182E+04   0.17475E-05   0.92528E-01   0.92515E-01   0.86808E+00
   0.28182E+04   0.18738E-05   0.93209E-01   0.93196E-01   0.88083E+00
   0.28182E+04   0.20092E-05   0.93893E-01   0.93880E-01   0.89460E+00
   0.28182E+04   0.21544E-05   0.94580E-01   0.94566E-01   0.90939E+00
   0.28182E+04   0.23101E-05   0.95262E-01   0.95249E-01   0.92493E+00
   0.28182E+04   0.24771E-05   0.95948E-01   0.95935E-01   0.94175E+00
   0.28182E+04   0.26561E-05   0.96637E-01   0.96623E-01   0.95997E+00
   0.28182E+04   0.28480E-05   0.97328E-01   0.97315E-01   0.97971E+00
   0.28182E+04   0.30539E-05   0.98022E-01   0.98009E-01   0.10011E+01
   0.28182E+04   0.32745E-05   0.98719E-01   0.98706E-01   0.10244E+01
   0.28182E+04   0.35112E-05   0.99432E-01   0.99419E-01   0.10494E+01
   0.28182E+04   0.37649E-05   0.10017E+00   0.10015E+00   0.10761E+01
   0.28182E+04   0.40370E-05   0.10090E+00   0.10089E+00   0.11052E+01
   0.28182E+04   0.43288E-05   0.10164E+00   0.10163E+00   0.11367E+01
   0.28182E+04   0.46416E-05   0.10238E+00   0.10237E+00   0.11710E+01
   0.28182E+04   0.49770E-05   0.10313E+00   0.10311E+00   0.12083E+01
   0.28182E+04   0.53367E-05   0.10387E+00   0.10386E+00   0.12489E+01
   0.28182E+04   0.57224E-05   0.10467E+00   0.10466E+00   0.12923E+01
   0.28182E+04   0.61359E-05   0.10550E+00   0.10549E+00   0.13392E+01
   0.28182E+04   0.65793E-05   0.10633E+00   0.10632E+00   0.13901E+01
   0.28182E+04   0.70548E-05   0.10716E+00   0.10715E+00   0.14454E+01
   0.28182E+04   0.75646E-05   0.10800E+00   0.10799E+00   0.15055E+01
   0.28182E+04   0.81113E-05   0.10884E+00   0.10883E+00   0.15709E+01
   0.28182E+04   0.86975E-05   0.10967E+00   0.10966E+00   0.16422E+01
   0.28182E+04   0.93260E-05   0.11071E+00   0.11070E+00   0.17170E+01
   0.28182E+04   0.10000E-04   0.11175E+00   0.11174E+00   0.17982E+01
   0.28182E+04   0.10723E-04   0.11279E+00   0.11278E+00   0.18862E+01
   0.28182E+04   0.11498E-04   0.11384E+00   0.11383E+00   0.19816E+01
   0.28182E+04   0.12328E-04   0.11490E+00   0.11489E+00   0.20852E+01
   0.28182E+04   0.13219E-04   0.11596E+00   0.11595E+00   0.21976E+01
   0.28182E+04   0.14175E-04   0.11708E+00   0.11706E+00   0.23178E+01
   0.28182E+04   0.15199E-04   0.11838E+00   0.11836E+00   0.24415E+01
   0.28182E+04   0.16298E-04   0.11968E+00   0.11967E+00   0.25749E+01
   0.28182E+04   0.17475E-04   0.12100E+00   0.12099E+00   0.27188E+01
   0.28182E+04   0.18738E-04   0.12232E+00   0.12231E+00   0.28742E+01
   0.28182E+04   0.20092E-04   0.12366E+00   0.12365E+00   0.30418E+01
   0.28182E+04   0.21544E-04   0.12500E+00   0.12499E+00   0.32228E+01
   0.28182E+04   0.23101E-04   0.12652E+00   0.12651E+00   0.34065E+01
   0.28182E+04   0.24771E-04   0.12823E+00   0.12821E+00   0.35909E+01
   0.28182E+04   0.26561E-04   0.12995E+00   0.12994E+00   0.37881E+01
   0.28182E+04   0.28480E-04   0.13169E+00   0.13168E+00   0.39991E+01
   0.28182E+04   0.30539E-04   0.13344E+00   0.13343E+00   0.42247E+01
   0.28182E+04   0.32745E-04   0.13521E+00   0.13519E+00   0.44661E+01
   0.28182E+04   0.35112E-04   0.13699E+00   0.13698E+00   0.47244E+01
   0.28182E+04   0.37649E-04   0.13904E+00   0.13903E+00   0.49609E+01
   0.28182E+04   0.40370E-04   0.14120E+00   0.14119E+00   0.51988E+01
   0.28182E+04   0.43288E-04   0.14338E+00   0.14337E+00   0.54512E+01
   0.28182E+04   0.46416E-04   0.14559E+00   0.14557E+00   0.57190E+01
   0.28182E+04   0.49770E-04   0.14781E+00   0.14780E+00   0.60032E+01
   0.28182E+04   0.53367E-04   0.15006E+00   0.15005E+00   0.63048E+01
   0.28182E+04   0.57224E-04   0.15236E+00   0.15235E+00   0.66195E+01
   0.28182E+04   0.61359E-04   0.15509E+00   0.15508E+00   0.68862E+01
   0.28182E+04   0.65793E-04   0.15785E+00   0.15784E+00   0.71694E+01
   0.28182E+04   0.70548E-04   0.16064E+00   0.16063E+00   0.74702E+01
   0.28182E+04   0.75646E-04   0.16346E+00   0.16345E+00   0.77898E+01
   0.28182E+04   0.81113E-04   0.16632E+00   0.16631E+00   0.81295E+01
   0.28182E+04   0.86975E-04   0.16920E+00   0.16919E+00   0.84907E+01
   0.28182E+04   0.93260E-04   0.17237E+00   0.17236E+00   0.88497E+01
   0.28182E+04   0.10000E-03   0.17606E+00   0.17605E+00   0.91822E+01
   0.28182E+04   0.10723E-03   0.17981E+00   0.17980E+00   0.95371E+01
   0.28182E+04   0.11498E-03   0.18360E+00   0.18359E+00   0.99157E+01
   0.28182E+04   0.12328E-03   0.18745E+00   0.18744E+00   0.10320E+02
   0.28182E+04   0.13219E-03   0.19135E+00   0.19134E+00   0.10751E+02
   0.28182E+04   0.14175E-03   0.19530E+00   0.19529E+00   0.11211E+02
   0.28182E+04   0.15199E-03   0.19971E+00   0.19970E+00   0.11631E+02
   0.28182E+04   0.16298E-03   0.20447E+00   0.20445E+00   0.12032E+02
   0.28182E+04   0.17475E-03   0.20929E+00   0.20928E+00   0.12460E+02
   0.28182E+04   0.18738E-03   0.21419E+00   0.21418E+00   0.12916E+02
   0.28182E+04   0.20092E-03   0.21916E+00   0.21915E+00   0.13401E+02
   0.28182E+04   0.21544E-03   0.22421E+00   0.22420E+00   0.13916E+02
   0.28182E+04   0.23101E-03   0.22933E+00   0.22932E+00   0.14465E+02
   0.28182E+04   0.24771E-03   0.23526E+00   0.23525E+00   0.14887E+02
   0.28182E+04   0.26561E-03   0.24142E+00   0.24140E+00   0.15312E+02
   0.28182E+04   0.28480E-03   0.24767E+00   0.24766E+00   0.15762E+02
   0.28182E+04   0.30539E-03   0.25404E+00   0.25403E+00   0.16240E+02
   0.28182E+04   0.32745E-03   0.26052E+00   0.26050E+00   0.16746E+02
   0.28182E+04   0.35112E-03   0.26710E+00   0.26709E+00   0.17282E+02
   0.28182E+04   0.37649E-03   0.27390E+00   0.27389E+00   0.17811E+02
   0.28182E+04   0.40370E-03   0.28143E+00   0.28142E+00   0.18146E+02
   0.28182E+04   0.43288E-03   0.28909E+00   0.28908E+00   0.18504E+02
   0.28182E+04   0.46416E-03   0.29690E+00   0.29689E+00   0.18884E+02
   0.28182E+04   0.49770E-03   0.30484E+00   0.30483E+00   0.19288E+02
   0.28182E+04   0.53367E-03   0.31292E+00   0.31290E+00   0.19716E+02
   0.28182E+04   0.57224E-03   0.32113E+00   0.32112E+00   0.20170E+02
   0.28182E+04   0.61359E-03   0.33011E+00   0.33010E+00   0.20528E+02
   0.28182E+04   0.65793E-03   0.34016E+00   0.34015E+00   0.20736E+02
   0.28182E+04   0.70548E-03   0.35043E+00   0.35042E+00   0.20965E+02
   0.28182E+04   0.75646E-03   0.36092E+00   0.36091E+00   0.21214E+02
   0.28182E+04   0.81113E-03   0.37163E+00   0.37161E+00   0.21485E+02
   0.28182E+04   0.86975E-03   0.38255E+00   0.38254E+00   0.21778E+02
   0.28182E+04   0.93260E-03   0.39371E+00   0.39369E+00   0.22094E+02
   0.28182E+04   0.10000E-02   0.40659E+00   0.40658E+00   0.22225E+02
   0.28576E+04   0.10000E-05   0.90412E-01   0.90399E-01   0.77246E+00
   0.28576E+04   0.10723E-05   0.91213E-01   0.91199E-01   0.78044E+00
   0.28576E+04   0.11498E-05   0.92019E-01   0.92005E-01   0.78893E+00
   0.28576E+04   0.12328E-05   0.92830E-01   0.92817E-01   0.79799E+00
   0.28576E+04   0.13219E-05   0.93648E-01   0.93634E-01   0.80767E+00
   0.28576E+04   0.14175E-05   0.94405E-01   0.94392E-01   0.81741E+00
   0.28576E+04   0.15199E-05   0.95161E-01   0.95147E-01   0.82781E+00
   0.28576E+04   0.16298E-05   0.95921E-01   0.95907E-01   0.83897E+00
   0.28576E+04   0.17475E-05   0.96685E-01   0.96671E-01   0.85098E+00
   0.28576E+04   0.18738E-05   0.97453E-01   0.97440E-01   0.86391E+00
   0.28576E+04   0.20092E-05   0.98226E-01   0.98213E-01   0.87786E+00
   0.28576E+04   0.21544E-05   0.98999E-01   0.98986E-01   0.89281E+00
   0.28576E+04   0.23101E-05   0.99755E-01   0.99742E-01   0.90845E+00
   0.28576E+04   0.24771E-05   0.10051E+00   0.10050E+00   0.92537E+00
   0.28576E+04   0.26561E-05   0.10128E+00   0.10126E+00   0.94369E+00
   0.28576E+04   0.28480E-05   0.10204E+00   0.10203E+00   0.96353E+00
   0.28576E+04   0.30539E-05   0.10281E+00   0.10280E+00   0.98505E+00
   0.28576E+04   0.32745E-05   0.10359E+00   0.10357E+00   0.10084E+01
   0.28576E+04   0.35112E-05   0.10437E+00   0.10436E+00   0.10335E+01
   0.28576E+04   0.37649E-05   0.10517E+00   0.10516E+00   0.10603E+01
   0.28576E+04   0.40370E-05   0.10597E+00   0.10596E+00   0.10894E+01
   0.28576E+04   0.43288E-05   0.10678E+00   0.10677E+00   0.11210E+01
   0.28576E+04   0.46416E-05   0.10759E+00   0.10758E+00   0.11554E+01
   0.28576E+04   0.49770E-05   0.10840E+00   0.10839E+00   0.11928E+01
   0.28576E+04   0.53367E-05   0.10922E+00   0.10921E+00   0.12335E+01
   0.28576E+04   0.57224E-05   0.11009E+00   0.11008E+00   0.12770E+01
   0.28576E+04   0.61359E-05   0.11098E+00   0.11097E+00   0.13240E+01
   0.28576E+04   0.65793E-05   0.11187E+00   0.11186E+00   0.13750E+01
   0.28576E+04   0.70548E-05   0.11277E+00   0.11276E+00   0.14305E+01
   0.28576E+04   0.75646E-05   0.11367E+00   0.11366E+00   0.14908E+01
   0.28576E+04   0.81113E-05   0.11458E+00   0.11457E+00   0.15565E+01
   0.28576E+04   0.86975E-05   0.11548E+00   0.11547E+00   0.16280E+01
   0.28576E+04   0.93260E-05   0.11659E+00   0.11657E+00   0.17032E+01
   0.28576E+04   0.10000E-04   0.11770E+00   0.11768E+00   0.17848E+01
   0.28576E+04   0.10723E-04   0.11881E+00   0.11880E+00   0.18734E+01
   0.28576E+04   0.11498E-04   0.11993E+00   0.11992E+00   0.19695E+01
   0.28576E+04   0.12328E-04   0.12106E+00   0.12105E+00   0.20739E+01
   0.28576E+04   0.13219E-04   0.12219E+00   0.12218E+00   0.21872E+01
   0.28576E+04   0.14175E-04   0.12339E+00   0.12337E+00   0.23086E+01
   0.28576E+04   0.15199E-04   0.12476E+00   0.12475E+00   0.24336E+01
   0.28576E+04   0.16298E-04   0.12615E+00   0.12613E+00   0.25687E+01
   0.28576E+04   0.17475E-04   0.12754E+00   0.12753E+00   0.27146E+01
   0.28576E+04   0.18738E-04   0.12894E+00   0.12893E+00   0.28721E+01
   0.28576E+04   0.20092E-04   0.13035E+00   0.13034E+00   0.30422E+01
   0.28576E+04   0.21544E-04   0.13177E+00   0.13176E+00   0.32261E+01
   0.28576E+04   0.23101E-04   0.13338E+00   0.13336E+00   0.34132E+01
   0.28576E+04   0.24771E-04   0.13518E+00   0.13517E+00   0.36019E+01
   0.28576E+04   0.26561E-04   0.13700E+00   0.13698E+00   0.38038E+01
   0.28576E+04   0.28480E-04   0.13883E+00   0.13882E+00   0.40200E+01
   0.28576E+04   0.30539E-04   0.14068E+00   0.14066E+00   0.42515E+01
   0.28576E+04   0.32745E-04   0.14254E+00   0.14253E+00   0.44994E+01
   0.28576E+04   0.35112E-04   0.14442E+00   0.14441E+00   0.47648E+01
   0.28576E+04   0.37649E-04   0.14659E+00   0.14657E+00   0.50098E+01
   0.28576E+04   0.40370E-04   0.14886E+00   0.14885E+00   0.52572E+01
   0.28576E+04   0.43288E-04   0.15116E+00   0.15115E+00   0.55199E+01
   0.28576E+04   0.46416E-04   0.15348E+00   0.15347E+00   0.57988E+01
   0.28576E+04   0.49770E-04   0.15583E+00   0.15582E+00   0.60952E+01
   0.28576E+04   0.53367E-04   0.15820E+00   0.15819E+00   0.64100E+01
   0.28576E+04   0.57224E-04   0.16062E+00   0.16061E+00   0.67391E+01
   0.28576E+04   0.61359E-04   0.16350E+00   0.16349E+00   0.70214E+01
   0.28576E+04   0.65793E-04   0.16641E+00   0.16640E+00   0.73213E+01
   0.28576E+04   0.70548E-04   0.16935E+00   0.16934E+00   0.76399E+01
   0.28576E+04   0.75646E-04   0.17232E+00   0.17231E+00   0.79786E+01
   0.28576E+04   0.81113E-04   0.17533E+00   0.17532E+00   0.83388E+01
   0.28576E+04   0.86975E-04   0.17836E+00   0.17835E+00   0.87219E+01
   0.28576E+04   0.93260E-04   0.18170E+00   0.18169E+00   0.91038E+01
   0.28576E+04   0.10000E-03   0.18560E+00   0.18559E+00   0.94598E+01
   0.28576E+04   0.10723E-03   0.18955E+00   0.18953E+00   0.98395E+01
   0.28576E+04   0.11498E-03   0.19355E+00   0.19354E+00   0.10245E+02
   0.28576E+04   0.12328E-03   0.19760E+00   0.19759E+00   0.10677E+02
   0.28576E+04   0.13219E-03   0.20171E+00   0.20170E+00   0.11137E+02
   0.28576E+04   0.14175E-03   0.20588E+00   0.20587E+00   0.11629E+02
   0.28576E+04   0.15199E-03   0.21053E+00   0.21051E+00   0.12079E+02
   0.28576E+04   0.16298E-03   0.21553E+00   0.21552E+00   0.12509E+02
   0.28576E+04   0.17475E-03   0.22061E+00   0.22060E+00   0.12968E+02
   0.28576E+04   0.18738E-03   0.22576E+00   0.22575E+00   0.13455E+02
   0.28576E+04   0.20092E-03   0.23100E+00   0.23099E+00   0.13974E+02
   0.28576E+04   0.21544E-03   0.23631E+00   0.23629E+00   0.14525E+02
   0.28576E+04   0.23101E-03   0.24169E+00   0.24168E+00   0.15111E+02
   0.28576E+04   0.24771E-03   0.24792E+00   0.24791E+00   0.15564E+02
   0.28576E+04   0.26561E-03   0.25437E+00   0.25436E+00   0.16019E+02
   0.28576E+04   0.28480E-03   0.26093E+00   0.26092E+00   0.16502E+02
   0.28576E+04   0.30539E-03   0.26760E+00   0.26759E+00   0.17013E+02
   0.28576E+04   0.32745E-03   0.27438E+00   0.27437E+00   0.17554E+02
   0.28576E+04   0.35112E-03   0.28128E+00   0.28126E+00   0.18127E+02
   0.28576E+04   0.37649E-03   0.28840E+00   0.28838E+00   0.18692E+02
   0.28576E+04   0.40370E-03   0.29629E+00   0.29628E+00   0.19053E+02
   0.28576E+04   0.43288E-03   0.30432E+00   0.30431E+00   0.19437E+02
   0.28576E+04   0.46416E-03   0.31250E+00   0.31248E+00   0.19845E+02
   0.28576E+04   0.49770E-03   0.32081E+00   0.32080E+00   0.20278E+02
   0.28576E+04   0.53367E-03   0.32927E+00   0.32926E+00   0.20736E+02
   0.28576E+04   0.57224E-03   0.33787E+00   0.33786E+00   0.21221E+02
   0.28576E+04   0.61359E-03   0.34727E+00   0.34726E+00   0.21604E+02
   0.28576E+04   0.65793E-03   0.35780E+00   0.35779E+00   0.21826E+02
   0.28576E+04   0.70548E-03   0.36855E+00   0.36853E+00   0.22069E+02
   0.28576E+04   0.75646E-03   0.37952E+00   0.37951E+00   0.22335E+02
   0.28576E+04   0.81113E-03   0.39072E+00   0.39071E+00   0.22622E+02
   0.28576E+04   0.86975E-03   0.40216E+00   0.40214E+00   0.22933E+02
   0.28576E+04   0.93260E-03   0.41382E+00   0.41380E+00   0.23268E+02
   0.28576E+04   0.10000E-02   0.42729E+00   0.42728E+00   0.23408E+02
   0.28970E+04   0.10000E-05   0.93484E-01   0.93470E-01   0.74540E+00
   0.28970E+04   0.10723E-05   0.94449E-01   0.94435E-01   0.75380E+00
   0.28970E+04   0.11498E-05   0.95423E-01   0.95409E-01   0.76272E+00
   0.28970E+04   0.12328E-05   0.96406E-01   0.96392E-01   0.77221E+00
   0.28970E+04   0.13219E-05   0.97397E-01   0.97384E-01   0.78230E+00
   0.28970E+04   0.14175E-05   0.98293E-01   0.98279E-01   0.79232E+00
   0.28970E+04   0.15199E-05   0.99185E-01   0.99171E-01   0.80296E+00
   0.28970E+04   0.16298E-05   0.10008E+00   0.10007E+00   0.81437E+00
   0.28970E+04   0.17475E-05   0.10099E+00   0.10097E+00   0.82662E+00
   0.28970E+04   0.18738E-05   0.10190E+00   0.10189E+00   0.83979E+00
   0.28970E+04   0.20092E-05   0.10282E+00   0.10280E+00   0.85397E+00
   0.28970E+04   0.21544E-05   0.10373E+00   0.10372E+00   0.86913E+00
   0.28970E+04   0.23101E-05   0.10460E+00   0.10459E+00   0.88485E+00
   0.28970E+04   0.24771E-05   0.10547E+00   0.10546E+00   0.90184E+00
   0.28970E+04   0.26561E-05   0.10635E+00   0.10634E+00   0.92021E+00
   0.28970E+04   0.28480E-05   0.10724E+00   0.10722E+00   0.94011E+00
   0.28970E+04   0.30539E-05   0.10813E+00   0.10811E+00   0.96167E+00
   0.28970E+04   0.32745E-05   0.10902E+00   0.10901E+00   0.98505E+00
   0.28970E+04   0.35112E-05   0.10992E+00   0.10991E+00   0.10101E+01
   0.28970E+04   0.37649E-05   0.11082E+00   0.11081E+00   0.10368E+01
   0.28970E+04   0.40370E-05   0.11172E+00   0.11171E+00   0.10658E+01
   0.28970E+04   0.43288E-05   0.11263E+00   0.11262E+00   0.10972E+01
   0.28970E+04   0.46416E-05   0.11354E+00   0.11353E+00   0.11314E+01
   0.28970E+04   0.49770E-05   0.11446E+00   0.11445E+00   0.11687E+01
   0.28970E+04   0.53367E-05   0.11538E+00   0.11537E+00   0.12092E+01
   0.28970E+04   0.57224E-05   0.11634E+00   0.11633E+00   0.12524E+01
   0.28970E+04   0.61359E-05   0.11733E+00   0.11731E+00   0.12990E+01
   0.28970E+04   0.65793E-05   0.11831E+00   0.11830E+00   0.13497E+01
   0.28970E+04   0.70548E-05   0.11930E+00   0.11929E+00   0.14048E+01
   0.28970E+04   0.75646E-05   0.12030E+00   0.12029E+00   0.14648E+01
   0.28970E+04   0.81113E-05   0.12130E+00   0.12129E+00   0.15301E+01
   0.28970E+04   0.86975E-05   0.12230E+00   0.12229E+00   0.16013E+01
   0.28970E+04   0.93260E-05   0.12349E+00   0.12348E+00   0.16761E+01
   0.28970E+04   0.10000E-04   0.12469E+00   0.12468E+00   0.17573E+01
   0.28970E+04   0.10723E-04   0.12590E+00   0.12589E+00   0.18455E+01
   0.28970E+04   0.11498E-04   0.12712E+00   0.12710E+00   0.19412E+01
   0.28970E+04   0.12328E-04   0.12834E+00   0.12832E+00   0.20452E+01
   0.28970E+04   0.13219E-04   0.12957E+00   0.12955E+00   0.21582E+01
   0.28970E+04   0.14175E-04   0.13085E+00   0.13084E+00   0.22793E+01
   0.28970E+04   0.15199E-04   0.13232E+00   0.13231E+00   0.24044E+01
   0.28970E+04   0.16298E-04   0.13380E+00   0.13379E+00   0.25396E+01
   0.28970E+04   0.17475E-04   0.13529E+00   0.13528E+00   0.26858E+01
   0.28970E+04   0.18738E-04   0.13679E+00   0.13677E+00   0.28437E+01
   0.28970E+04   0.20092E-04   0.13829E+00   0.13828E+00   0.30145E+01
   0.28970E+04   0.21544E-04   0.13981E+00   0.13980E+00   0.31992E+01
   0.28970E+04   0.23101E-04   0.14152E+00   0.14151E+00   0.33878E+01
   0.28970E+04   0.24771E-04   0.14344E+00   0.14343E+00   0.35787E+01
   0.28970E+04   0.26561E-04   0.14537E+00   0.14536E+00   0.37832E+01
   0.28970E+04   0.28480E-04   0.14732E+00   0.14731E+00   0.40024E+01
   0.28970E+04   0.30539E-04   0.14928E+00   0.14927E+00   0.42374E+01
   0.28970E+04   0.32745E-04   0.15127E+00   0.15125E+00   0.44893E+01
   0.28970E+04   0.35112E-04   0.15327E+00   0.15325E+00   0.47594E+01
   0.28970E+04   0.37649E-04   0.15557E+00   0.15556E+00   0.50108E+01
   0.28970E+04   0.40370E-04   0.15799E+00   0.15798E+00   0.52656E+01
   0.28970E+04   0.43288E-04   0.16044E+00   0.16043E+00   0.55366E+01
   0.28970E+04   0.46416E-04   0.16291E+00   0.16290E+00   0.58246E+01
   0.28970E+04   0.49770E-04   0.16540E+00   0.16539E+00   0.61310E+01
   0.28970E+04   0.53367E-04   0.16792E+00   0.16791E+00   0.64569E+01
   0.28970E+04   0.57224E-04   0.17050E+00   0.17049E+00   0.67983E+01
   0.28970E+04   0.61359E-04   0.17355E+00   0.17354E+00   0.70948E+01
   0.28970E+04   0.65793E-04   0.17664E+00   0.17663E+00   0.74101E+01
   0.28970E+04   0.70548E-04   0.17977E+00   0.17975E+00   0.77452E+01
   0.28970E+04   0.75646E-04   0.18292E+00   0.18291E+00   0.81017E+01
   0.28970E+04   0.81113E-04   0.18611E+00   0.18610E+00   0.84809E+01
   0.28970E+04   0.86975E-04   0.18934E+00   0.18932E+00   0.88846E+01
   0.28970E+04   0.93260E-04   0.19288E+00   0.19287E+00   0.92883E+01
   0.28970E+04   0.10000E-03   0.19702E+00   0.19701E+00   0.96669E+01
   0.28970E+04   0.10723E-03   0.20122E+00   0.20120E+00   0.10071E+02
   0.28970E+04   0.11498E-03   0.20547E+00   0.20546E+00   0.10501E+02
   0.28970E+04   0.12328E-03   0.20978E+00   0.20976E+00   0.10960E+02
   0.28970E+04   0.13219E-03   0.21414E+00   0.21413E+00   0.11449E+02
   0.28970E+04   0.14175E-03   0.21856E+00   0.21855E+00   0.11971E+02
   0.28970E+04   0.15199E-03   0.22349E+00   0.22348E+00   0.12452E+02
   0.28970E+04   0.16298E-03   0.22879E+00   0.22878E+00   0.12913E+02
   0.28970E+04   0.17475E-03   0.23417E+00   0.23416E+00   0.13404E+02
   0.28970E+04   0.18738E-03   0.23963E+00   0.23962E+00   0.13926E+02
   0.28970E+04   0.20092E-03   0.24517E+00   0.24516E+00   0.14481E+02
   0.28970E+04   0.21544E-03   0.25079E+00   0.25078E+00   0.15070E+02
   0.28970E+04   0.23101E-03   0.25649E+00   0.25648E+00   0.15696E+02
   0.28970E+04   0.24771E-03   0.26306E+00   0.26304E+00   0.16181E+02
   0.28970E+04   0.26561E-03   0.26985E+00   0.26984E+00   0.16668E+02
   0.28970E+04   0.28480E-03   0.27676E+00   0.27675E+00   0.17183E+02
   0.28970E+04   0.30539E-03   0.28378E+00   0.28377E+00   0.17729E+02
   0.28970E+04   0.32745E-03   0.29092E+00   0.29091E+00   0.18306E+02
   0.28970E+04   0.35112E-03   0.29818E+00   0.29817E+00   0.18915E+02
   0.28970E+04   0.37649E-03   0.30567E+00   0.30566E+00   0.19517E+02
   0.28970E+04   0.40370E-03   0.31398E+00   0.31397E+00   0.19906E+02
   0.28970E+04   0.43288E-03   0.32244E+00   0.32243E+00   0.20318E+02
   0.28970E+04   0.46416E-03   0.33104E+00   0.33103E+00   0.20756E+02
   0.28970E+04   0.49770E-03   0.33979E+00   0.33978E+00   0.21219E+02
   0.28970E+04   0.53367E-03   0.34869E+00   0.34868E+00   0.21709E+02
   0.28970E+04   0.57224E-03   0.35774E+00   0.35772E+00   0.22227E+02
   0.28970E+04   0.61359E-03   0.36762E+00   0.36761E+00   0.22637E+02
   0.28970E+04   0.65793E-03   0.37869E+00   0.37868E+00   0.22877E+02
   0.28970E+04   0.70548E-03   0.38999E+00   0.38998E+00   0.23139E+02
   0.28970E+04   0.75646E-03   0.40152E+00   0.40151E+00   0.23424E+02
   0.28970E+04   0.81113E-03   0.41329E+00   0.41328E+00   0.23732E+02
   0.28970E+04   0.86975E-03   0.42529E+00   0.42528E+00   0.24064E+02
   0.28970E+04   0.93260E-03   0.43753E+00   0.43752E+00   0.24422E+02
   0.28970E+04   0.10000E-02   0.45169E+00   0.45167E+00   0.24573E+02
   0.29364E+04   0.10000E-05   0.96353E-01   0.96339E-01   0.72102E+00
   0.29364E+04   0.10723E-05   0.97492E-01   0.97478E-01   0.72978E+00
   0.29364E+04   0.11498E-05   0.98644E-01   0.98630E-01   0.73906E+00
   0.29364E+04   0.12328E-05   0.99807E-01   0.99794E-01   0.74891E+00
   0.29364E+04   0.13219E-05   0.10098E+00   0.10097E+00   0.75937E+00
   0.29364E+04   0.14175E-05   0.10203E+00   0.10201E+00   0.76962E+00
   0.29364E+04   0.15199E-05   0.10306E+00   0.10305E+00   0.78048E+00
   0.29364E+04   0.16298E-05   0.10411E+00   0.10409E+00   0.79210E+00
   0.29364E+04   0.17475E-05   0.10516E+00   0.10515E+00   0.80456E+00
   0.29364E+04   0.18738E-05   0.10622E+00   0.10621E+00   0.81794E+00
   0.29364E+04   0.20092E-05   0.10730E+00   0.10728E+00   0.83232E+00
   0.29364E+04   0.21544E-05   0.10836E+00   0.10835E+00   0.84766E+00
   0.29364E+04   0.23101E-05   0.10935E+00   0.10934E+00   0.86345E+00
   0.29364E+04   0.24771E-05   0.11035E+00   0.11033E+00   0.88050E+00
   0.29364E+04   0.26561E-05   0.11135E+00   0.11134E+00   0.89893E+00
   0.29364E+04   0.28480E-05   0.11236E+00   0.11235E+00   0.91888E+00
   0.29364E+04   0.30539E-05   0.11338E+00   0.11337E+00   0.94048E+00
   0.29364E+04   0.32745E-05   0.11441E+00   0.11439E+00   0.96390E+00
   0.29364E+04   0.35112E-05   0.11542E+00   0.11541E+00   0.98892E+00
   0.29364E+04   0.37649E-05   0.11643E+00   0.11641E+00   0.10155E+01
   0.29364E+04   0.40370E-05   0.11744E+00   0.11742E+00   0.10444E+01
   0.29364E+04   0.43288E-05   0.11845E+00   0.11844E+00   0.10757E+01
   0.29364E+04   0.46416E-05   0.11948E+00   0.11946E+00   0.11098E+01
   0.29364E+04   0.49770E-05   0.12050E+00   0.12049E+00   0.11469E+01
   0.29364E+04   0.53367E-05   0.12154E+00   0.12153E+00   0.11872E+01
   0.29364E+04   0.57224E-05   0.12260E+00   0.12259E+00   0.12303E+01
   0.29364E+04   0.61359E-05   0.12368E+00   0.12367E+00   0.12766E+01
   0.29364E+04   0.65793E-05   0.12477E+00   0.12475E+00   0.13270E+01
   0.29364E+04   0.70548E-05   0.12586E+00   0.12584E+00   0.13819E+01
   0.29364E+04   0.75646E-05   0.12695E+00   0.12694E+00   0.14416E+01
   0.29364E+04   0.81113E-05   0.12805E+00   0.12804E+00   0.15066E+01
   0.29364E+04   0.86975E-05   0.12916E+00   0.12914E+00   0.15775E+01
   0.29364E+04   0.93260E-05   0.13045E+00   0.13043E+00   0.16520E+01
   0.29364E+04   0.10000E-04   0.13174E+00   0.13173E+00   0.17329E+01
   0.29364E+04   0.10723E-04   0.13305E+00   0.13304E+00   0.18207E+01
   0.29364E+04   0.11498E-04   0.13436E+00   0.13435E+00   0.19162E+01
   0.29364E+04   0.12328E-04   0.13568E+00   0.13567E+00   0.20199E+01
   0.29364E+04   0.13219E-04   0.13701E+00   0.13700E+00   0.21327E+01
   0.29364E+04   0.14175E-04   0.13840E+00   0.13839E+00   0.22537E+01
   0.29364E+04   0.15199E-04   0.13997E+00   0.13995E+00   0.23789E+01
   0.29364E+04   0.16298E-04   0.14154E+00   0.14153E+00   0.25144E+01
   0.29364E+04   0.17475E-04   0.14313E+00   0.14312E+00   0.26609E+01
   0.29364E+04   0.18738E-04   0.14473E+00   0.14472E+00   0.28194E+01
   0.29364E+04   0.20092E-04   0.14635E+00   0.14633E+00   0.29909E+01
   0.29364E+04   0.21544E-04   0.14797E+00   0.14796E+00   0.31765E+01
   0.29364E+04   0.23101E-04   0.14979E+00   0.14978E+00   0.33666E+01
   0.29364E+04   0.24771E-04   0.15183E+00   0.15181E+00   0.35598E+01
   0.29364E+04   0.26561E-04   0.15388E+00   0.15387E+00   0.37670E+01
   0.29364E+04   0.28480E-04   0.15595E+00   0.15594E+00   0.39893E+01
   0.29364E+04   0.30539E-04   0.15804E+00   0.15803E+00   0.42278E+01
   0.29364E+04   0.32745E-04   0.16014E+00   0.16013E+00   0.44838E+01
   0.29364E+04   0.35112E-04   0.16227E+00   0.16226E+00   0.47584E+01
   0.29364E+04   0.37649E-04   0.16472E+00   0.16471E+00   0.50162E+01
   0.29364E+04   0.40370E-04   0.16729E+00   0.16728E+00   0.52785E+01
   0.29364E+04   0.43288E-04   0.16989E+00   0.16987E+00   0.55576E+01
   0.29364E+04   0.46416E-04   0.17251E+00   0.17250E+00   0.58547E+01
   0.29364E+04   0.49770E-04   0.17516E+00   0.17515E+00   0.61711E+01
   0.29364E+04   0.53367E-04   0.17783E+00   0.17782E+00   0.65081E+01
   0.29364E+04   0.57224E-04   0.18057E+00   0.18056E+00   0.68616E+01
   0.29364E+04   0.61359E-04   0.18381E+00   0.18380E+00   0.71725E+01
   0.29364E+04   0.65793E-04   0.18709E+00   0.18708E+00   0.75030E+01
   0.29364E+04   0.70548E-04   0.19040E+00   0.19039E+00   0.78547E+01
   0.29364E+04   0.75646E-04   0.19375E+00   0.19374E+00   0.82289E+01
   0.29364E+04   0.81113E-04   0.19713E+00   0.19712E+00   0.86273E+01
   0.29364E+04   0.86975E-04   0.20055E+00   0.20054E+00   0.90515E+01
   0.29364E+04   0.93260E-04   0.20431E+00   0.20430E+00   0.94771E+01
   0.29364E+04   0.10000E-03   0.20871E+00   0.20870E+00   0.98784E+01
   0.29364E+04   0.10723E-03   0.21316E+00   0.21315E+00   0.10306E+02
   0.29364E+04   0.11498E-03   0.21767E+00   0.21766E+00   0.10762E+02
   0.29364E+04   0.12328E-03   0.22224E+00   0.22223E+00   0.11248E+02
   0.29364E+04   0.13219E-03   0.22687E+00   0.22686E+00   0.11767E+02
   0.29364E+04   0.14175E-03   0.23156E+00   0.23155E+00   0.12319E+02
   0.29364E+04   0.15199E-03   0.23678E+00   0.23677E+00   0.12831E+02
   0.29364E+04   0.16298E-03   0.24239E+00   0.24238E+00   0.13324E+02
   0.29364E+04   0.17475E-03   0.24809E+00   0.24807E+00   0.13847E+02
   0.29364E+04   0.18738E-03   0.25386E+00   0.25385E+00   0.14404E+02
   0.29364E+04   0.20092E-03   0.25972E+00   0.25971E+00   0.14995E+02
   0.29364E+04   0.21544E-03   0.26566E+00   0.26565E+00   0.15623E+02
   0.29364E+04   0.23101E-03   0.27169E+00   0.27168E+00   0.16290E+02
   0.29364E+04   0.24771E-03   0.27861E+00   0.27860E+00   0.16808E+02
   0.29364E+04   0.26561E-03   0.28576E+00   0.28575E+00   0.17327E+02
   0.29364E+04   0.28480E-03   0.29303E+00   0.29302E+00   0.17875E+02
   0.29364E+04   0.30539E-03   0.30042E+00   0.30041E+00   0.18456E+02
   0.29364E+04   0.32745E-03   0.30793E+00   0.30792E+00   0.19069E+02
   0.29364E+04   0.35112E-03   0.31556E+00   0.31554E+00   0.19716E+02
   0.29364E+04   0.37649E-03   0.32343E+00   0.32342E+00   0.20356E+02
   0.29364E+04   0.40370E-03   0.33218E+00   0.33217E+00   0.20772E+02
   0.29364E+04   0.43288E-03   0.34108E+00   0.34107E+00   0.21213E+02
   0.29364E+04   0.46416E-03   0.35013E+00   0.35012E+00   0.21681E+02
   0.29364E+04   0.49770E-03   0.35934E+00   0.35932E+00   0.22175E+02
   0.29364E+04   0.53367E-03   0.36869E+00   0.36868E+00   0.22698E+02
   0.29364E+04   0.57224E-03   0.37820E+00   0.37819E+00   0.23249E+02
   0.29364E+04   0.61359E-03   0.38858E+00   0.38857E+00   0.23687E+02
   0.29364E+04   0.65793E-03   0.40022E+00   0.40020E+00   0.23945E+02
   0.29364E+04   0.70548E-03   0.41209E+00   0.41208E+00   0.24226E+02
   0.29364E+04   0.75646E-03   0.42420E+00   0.42419E+00   0.24530E+02
   0.29364E+04   0.81113E-03   0.43656E+00   0.43655E+00   0.24859E+02
   0.29364E+04   0.86975E-03   0.44916E+00   0.44915E+00   0.25214E+02
   0.29364E+04   0.93260E-03   0.46200E+00   0.46199E+00   0.25594E+02
   0.29364E+04   0.10000E-02   0.47686E+00   0.47684E+00   0.25755E+02
   0.29758E+04   0.10000E-05   0.99012E-01   0.98998E-01   0.69904E+00
   0.29758E+04   0.10723E-05   0.10033E+00   0.10032E+00   0.70811E+00
   0.29758E+04   0.11498E-05   0.10167E+00   0.10166E+00   0.71770E+00
   0.29758E+04   0.12328E-05   0.10302E+00   0.10301E+00   0.72786E+00
   0.29758E+04   0.13219E-05   0.10440E+00   0.10438E+00   0.73865E+00
   0.29758E+04   0.14175E-05   0.10559E+00   0.10558E+00   0.74909E+00
   0.29758E+04   0.15199E-05   0.10678E+00   0.10677E+00   0.76014E+00
   0.29758E+04   0.16298E-05   0.10798E+00   0.10797E+00   0.77195E+00
   0.29758E+04   0.17475E-05   0.10919E+00   0.10918E+00   0.78459E+00
   0.29758E+04   0.18738E-05   0.11041E+00   0.11040E+00   0.79816E+00
   0.29758E+04   0.20092E-05   0.11165E+00   0.11164E+00   0.81273E+00
   0.29758E+04   0.21544E-05   0.11287E+00   0.11286E+00   0.82823E+00
   0.29758E+04   0.23101E-05   0.11399E+00   0.11398E+00   0.84408E+00
   0.29758E+04   0.24771E-05   0.11512E+00   0.11511E+00   0.86119E+00
   0.29758E+04   0.26561E-05   0.11625E+00   0.11624E+00   0.87968E+00
   0.29758E+04   0.28480E-05   0.11740E+00   0.11739E+00   0.89967E+00
   0.29758E+04   0.30539E-05   0.11855E+00   0.11854E+00   0.92132E+00
   0.29758E+04   0.32745E-05   0.11972E+00   0.11970E+00   0.94480E+00
   0.29758E+04   0.35112E-05   0.12086E+00   0.12085E+00   0.96980E+00
   0.29758E+04   0.37649E-05   0.12198E+00   0.12197E+00   0.99632E+00
   0.29758E+04   0.40370E-05   0.12310E+00   0.12309E+00   0.10251E+01
   0.29758E+04   0.43288E-05   0.12423E+00   0.12422E+00   0.10564E+01
   0.29758E+04   0.46416E-05   0.12537E+00   0.12536E+00   0.10903E+01
   0.29758E+04   0.49770E-05   0.12652E+00   0.12651E+00   0.11273E+01
   0.29758E+04   0.53367E-05   0.12768E+00   0.12766E+00   0.11676E+01
   0.29758E+04   0.57224E-05   0.12885E+00   0.12883E+00   0.12104E+01
   0.29758E+04   0.61359E-05   0.13003E+00   0.13001E+00   0.12566E+01
   0.29758E+04   0.65793E-05   0.13122E+00   0.13120E+00   0.13068E+01
   0.29758E+04   0.70548E-05   0.13241E+00   0.13240E+00   0.13614E+01
   0.29758E+04   0.75646E-05   0.13361E+00   0.13360E+00   0.14209E+01
   0.29758E+04   0.81113E-05   0.13483E+00   0.13481E+00   0.14857E+01
   0.29758E+04   0.86975E-05   0.13604E+00   0.13602E+00   0.15565E+01
   0.29758E+04   0.93260E-05   0.13743E+00   0.13741E+00   0.16307E+01
   0.29758E+04   0.10000E-04   0.13883E+00   0.13881E+00   0.17113E+01
   0.29758E+04   0.10723E-04   0.14023E+00   0.14022E+00   0.17989E+01
   0.29758E+04   0.11498E-04   0.14165E+00   0.14164E+00   0.18942E+01
   0.29758E+04   0.12328E-04   0.14308E+00   0.14306E+00   0.19978E+01
   0.29758E+04   0.13219E-04   0.14451E+00   0.14450E+00   0.21105E+01
   0.29758E+04   0.14175E-04   0.14601E+00   0.14600E+00   0.22315E+01
   0.29758E+04   0.15199E-04   0.14768E+00   0.14767E+00   0.23570E+01
   0.29758E+04   0.16298E-04   0.14936E+00   0.14935E+00   0.24928E+01
   0.29758E+04   0.17475E-04   0.15106E+00   0.15105E+00   0.26398E+01
   0.29758E+04   0.18738E-04   0.15277E+00   0.15275E+00   0.27989E+01
   0.29758E+04   0.20092E-04   0.15448E+00   0.15447E+00   0.29712E+01
   0.29758E+04   0.21544E-04   0.15622E+00   0.15621E+00   0.31578E+01
   0.29758E+04   0.23101E-04   0.15816E+00   0.15815E+00   0.33496E+01
   0.29758E+04   0.24771E-04   0.16032E+00   0.16031E+00   0.35450E+01
   0.29758E+04   0.26561E-04   0.16250E+00   0.16249E+00   0.37549E+01
   0.29758E+04   0.28480E-04   0.16470E+00   0.16468E+00   0.39803E+01
   0.29758E+04   0.30539E-04   0.16691E+00   0.16690E+00   0.42224E+01
   0.29758E+04   0.32745E-04   0.16915E+00   0.16914E+00   0.44824E+01
   0.29758E+04   0.35112E-04   0.17141E+00   0.17140E+00   0.47618E+01
   0.29758E+04   0.37649E-04   0.17401E+00   0.17400E+00   0.50258E+01
   0.29758E+04   0.40370E-04   0.17674E+00   0.17672E+00   0.52955E+01
   0.29758E+04   0.43288E-04   0.17949E+00   0.17948E+00   0.55828E+01
   0.29758E+04   0.46416E-04   0.18227E+00   0.18226E+00   0.58890E+01
   0.29758E+04   0.49770E-04   0.18508E+00   0.18507E+00   0.62154E+01
   0.29758E+04   0.53367E-04   0.18792E+00   0.18791E+00   0.65634E+01
   0.29758E+04   0.57224E-04   0.19083E+00   0.19082E+00   0.69291E+01
   0.29758E+04   0.61359E-04   0.19426E+00   0.19425E+00   0.72541E+01
   0.29758E+04   0.65793E-04   0.19774E+00   0.19772E+00   0.75999E+01
   0.29758E+04   0.70548E-04   0.20125E+00   0.20123E+00   0.79681E+01
   0.29758E+04   0.75646E-04   0.20479E+00   0.20478E+00   0.83601E+01
   0.29758E+04   0.81113E-04   0.20838E+00   0.20836E+00   0.87776E+01
   0.29758E+04   0.86975E-04   0.21200E+00   0.21198E+00   0.92226E+01
   0.29758E+04   0.93260E-04   0.21598E+00   0.21597E+00   0.96701E+01
   0.29758E+04   0.10000E-03   0.22064E+00   0.22063E+00   0.10094E+02
   0.29758E+04   0.10723E-03   0.22536E+00   0.22535E+00   0.10546E+02
   0.29758E+04   0.11498E-03   0.23014E+00   0.23013E+00   0.11028E+02
   0.29758E+04   0.12328E-03   0.23499E+00   0.23497E+00   0.11541E+02
   0.29758E+04   0.13219E-03   0.23989E+00   0.23988E+00   0.12088E+02
   0.29758E+04   0.14175E-03   0.24486E+00   0.24485E+00   0.12672E+02
   0.29758E+04   0.15199E-03   0.25039E+00   0.25037E+00   0.13215E+02
   0.29758E+04   0.16298E-03   0.25632E+00   0.25631E+00   0.13739E+02
   0.29758E+04   0.17475E-03   0.26234E+00   0.26232E+00   0.14296E+02
   0.29758E+04   0.18738E-03   0.26844E+00   0.26843E+00   0.14888E+02
   0.29758E+04   0.20092E-03   0.27463E+00   0.27462E+00   0.15517E+02
   0.29758E+04   0.21544E-03   0.28091E+00   0.28090E+00   0.16184E+02
   0.29758E+04   0.23101E-03   0.28727E+00   0.28726E+00   0.16893E+02
   0.29758E+04   0.24771E-03   0.29456E+00   0.29455E+00   0.17443E+02
   0.29758E+04   0.26561E-03   0.30208E+00   0.30207E+00   0.17994E+02
   0.29758E+04   0.28480E-03   0.30973E+00   0.30972E+00   0.18577E+02
   0.29758E+04   0.30539E-03   0.31750E+00   0.31749E+00   0.19192E+02
   0.29758E+04   0.32745E-03   0.32539E+00   0.32538E+00   0.19842E+02
   0.29758E+04   0.35112E-03   0.33340E+00   0.33338E+00   0.20528E+02
   0.29758E+04   0.37649E-03   0.34167E+00   0.34165E+00   0.21205E+02
   0.29758E+04   0.40370E-03   0.35087E+00   0.35086E+00   0.21650E+02
   0.29758E+04   0.43288E-03   0.36023E+00   0.36022E+00   0.22121E+02
   0.29758E+04   0.46416E-03   0.36975E+00   0.36974E+00   0.22619E+02
   0.29758E+04   0.49770E-03   0.37942E+00   0.37941E+00   0.23145E+02
   0.29758E+04   0.53367E-03   0.38925E+00   0.38924E+00   0.23700E+02
   0.29758E+04   0.57224E-03   0.39924E+00   0.39923E+00   0.24286E+02
   0.29758E+04   0.61359E-03   0.41015E+00   0.41014E+00   0.24752E+02
   0.29758E+04   0.65793E-03   0.42237E+00   0.42236E+00   0.25028E+02
   0.29758E+04   0.70548E-03   0.43484E+00   0.43482E+00   0.25327E+02
   0.29758E+04   0.75646E-03   0.44755E+00   0.44754E+00   0.25652E+02
   0.29758E+04   0.81113E-03   0.46052E+00   0.46051E+00   0.26002E+02
   0.29758E+04   0.86975E-03   0.47374E+00   0.47373E+00   0.26379E+02
   0.29758E+04   0.93260E-03   0.48721E+00   0.48720E+00   0.26783E+02
   0.29758E+04   0.10000E-02   0.50279E+00   0.50278E+00   0.26955E+02
   0.30152E+04   0.10000E-05   0.10146E+00   0.10144E+00   0.67925E+00
   0.30152E+04   0.10723E-05   0.10297E+00   0.10295E+00   0.68858E+00
   0.30152E+04   0.11498E-05   0.10450E+00   0.10448E+00   0.69843E+00
   0.30152E+04   0.12328E-05   0.10605E+00   0.10604E+00   0.70887E+00
   0.30152E+04   0.13219E-05   0.10762E+00   0.10761E+00   0.71993E+00
   0.30152E+04   0.14175E-05   0.10898E+00   0.10897E+00   0.73055E+00
   0.30152E+04   0.15199E-05   0.11033E+00   0.11031E+00   0.74176E+00
   0.30152E+04   0.16298E-05   0.11169E+00   0.11168E+00   0.75374E+00
   0.30152E+04   0.17475E-05   0.11307E+00   0.11305E+00   0.76655E+00
   0.30152E+04   0.18738E-05   0.11446E+00   0.11445E+00   0.78028E+00
   0.30152E+04   0.20092E-05   0.11587E+00   0.11585E+00   0.79502E+00
   0.30152E+04   0.21544E-05   0.11726E+00   0.11725E+00   0.81068E+00
   0.30152E+04   0.23101E-05   0.11851E+00   0.11850E+00   0.82659E+00
   0.30152E+04   0.24771E-05   0.11978E+00   0.11976E+00   0.84375E+00
   0.30152E+04   0.26561E-05   0.12105E+00   0.12104E+00   0.86229E+00
   0.30152E+04   0.28480E-05   0.12234E+00   0.12232E+00   0.88234E+00
   0.30152E+04   0.30539E-05   0.12364E+00   0.12362E+00   0.90405E+00
   0.30152E+04   0.32745E-05   0.12495E+00   0.12493E+00   0.92757E+00
   0.30152E+04   0.35112E-05   0.12623E+00   0.12621E+00   0.95259E+00
   0.30152E+04   0.37649E-05   0.12746E+00   0.12745E+00   0.97904E+00
   0.30152E+04   0.40370E-05   0.12870E+00   0.12869E+00   0.10078E+01
   0.30152E+04   0.43288E-05   0.12996E+00   0.12994E+00   0.10390E+01
   0.30152E+04   0.46416E-05   0.13122E+00   0.13121E+00   0.10729E+01
   0.30152E+04   0.49770E-05   0.13249E+00   0.13248E+00   0.11098E+01
   0.30152E+04   0.53367E-05   0.13378E+00   0.13376E+00   0.11500E+01
   0.30152E+04   0.57224E-05   0.13506E+00   0.13505E+00   0.11927E+01
   0.30152E+04   0.61359E-05   0.13635E+00   0.13634E+00   0.12387E+01
   0.30152E+04   0.65793E-05   0.13765E+00   0.13763E+00   0.12887E+01
   0.30152E+04   0.70548E-05   0.13895E+00   0.13894E+00   0.13432E+01
   0.30152E+04   0.75646E-05   0.14027E+00   0.14026E+00   0.14026E+01
   0.30152E+04   0.81113E-05   0.14160E+00   0.14158E+00   0.14673E+01
   0.30152E+04   0.86975E-05   0.14292E+00   0.14291E+00   0.15379E+01
   0.30152E+04   0.93260E-05   0.14442E+00   0.14441E+00   0.16120E+01
   0.30152E+04   0.10000E-04   0.14592E+00   0.14591E+00   0.16925E+01
   0.30152E+04   0.10723E-04   0.14744E+00   0.14743E+00   0.17800E+01
   0.30152E+04   0.11498E-04   0.14897E+00   0.14896E+00   0.18752E+01
   0.30152E+04   0.12328E-04   0.15051E+00   0.15049E+00   0.19787E+01
   0.30152E+04   0.13219E-04   0.15206E+00   0.15204E+00   0.20914E+01
   0.30152E+04   0.14175E-04   0.15366E+00   0.15365E+00   0.22125E+01
   0.30152E+04   0.15199E-04   0.15544E+00   0.15543E+00   0.23383E+01
   0.30152E+04   0.16298E-04   0.15724E+00   0.15722E+00   0.24745E+01
   0.30152E+04   0.17475E-04   0.15904E+00   0.15903E+00   0.26221E+01
   0.30152E+04   0.18738E-04   0.16086E+00   0.16085E+00   0.27820E+01
   0.30152E+04   0.20092E-04   0.16270E+00   0.16269E+00   0.29552E+01
   0.30152E+04   0.21544E-04   0.16454E+00   0.16453E+00   0.31429E+01
   0.30152E+04   0.23101E-04   0.16661E+00   0.16660E+00   0.33364E+01
   0.30152E+04   0.24771E-04   0.16890E+00   0.16889E+00   0.35342E+01
   0.30152E+04   0.26561E-04   0.17121E+00   0.17120E+00   0.37467E+01
   0.30152E+04   0.28480E-04   0.17355E+00   0.17353E+00   0.39753E+01
   0.30152E+04   0.30539E-04   0.17590E+00   0.17589E+00   0.42210E+01
   0.30152E+04   0.32745E-04   0.17828E+00   0.17826E+00   0.44851E+01
   0.30152E+04   0.35112E-04   0.18067E+00   0.18066E+00   0.47692E+01
   0.30152E+04   0.37649E-04   0.18343E+00   0.18342E+00   0.50396E+01
   0.30152E+04   0.40370E-04   0.18632E+00   0.18631E+00   0.53166E+01
   0.30152E+04   0.43288E-04   0.18924E+00   0.18923E+00   0.56120E+01
   0.30152E+04   0.46416E-04   0.19219E+00   0.19218E+00   0.59272E+01
   0.30152E+04   0.49770E-04   0.19516E+00   0.19515E+00   0.62636E+01
   0.30152E+04   0.53367E-04   0.19817E+00   0.19816E+00   0.66226E+01
   0.30152E+04   0.57224E-04   0.20125E+00   0.20124E+00   0.70006E+01
   0.30152E+04   0.61359E-04   0.20489E+00   0.20488E+00   0.73396E+01
   0.30152E+04   0.65793E-04   0.20856E+00   0.20855E+00   0.77007E+01
   0.30152E+04   0.70548E-04   0.21228E+00   0.21226E+00   0.80853E+01
   0.30152E+04   0.75646E-04   0.21603E+00   0.21602E+00   0.84950E+01
   0.30152E+04   0.81113E-04   0.21982E+00   0.21981E+00   0.89318E+01
   0.30152E+04   0.86975E-04   0.22365E+00   0.22364E+00   0.93974E+01
   0.30152E+04   0.93260E-04   0.22787E+00   0.22785E+00   0.98669E+01
   0.30152E+04   0.10000E-03   0.23280E+00   0.23279E+00   0.10314E+02
   0.30152E+04   0.10723E-03   0.23780E+00   0.23779E+00   0.10790E+02
   0.30152E+04   0.11498E-03   0.24286E+00   0.24285E+00   0.11297E+02
   0.30152E+04   0.12328E-03   0.24799E+00   0.24798E+00   0.11838E+02
   0.30152E+04   0.13219E-03   0.25318E+00   0.25317E+00   0.12415E+02
   0.30152E+04   0.14175E-03   0.25844E+00   0.25843E+00   0.13029E+02
   0.30152E+04   0.15199E-03   0.26428E+00   0.26427E+00   0.13604E+02
   0.30152E+04   0.16298E-03   0.27055E+00   0.27054E+00   0.14160E+02
   0.30152E+04   0.17475E-03   0.27690E+00   0.27689E+00   0.14751E+02
   0.30152E+04   0.18738E-03   0.28335E+00   0.28334E+00   0.15379E+02
   0.30152E+04   0.20092E-03   0.28989E+00   0.28988E+00   0.16045E+02
   0.30152E+04   0.21544E-03   0.29651E+00   0.29650E+00   0.16753E+02
   0.30152E+04   0.23101E-03   0.30323E+00   0.30322E+00   0.17503E+02
   0.30152E+04   0.24771E-03   0.31089E+00   0.31088E+00   0.18087E+02
   0.30152E+04   0.26561E-03   0.31880E+00   0.31879E+00   0.18671E+02
   0.30152E+04   0.28480E-03   0.32683E+00   0.32682E+00   0.19287E+02
   0.30152E+04   0.30539E-03   0.33499E+00   0.33498E+00   0.19938E+02
   0.30152E+04   0.32745E-03   0.34327E+00   0.34326E+00   0.20625E+02
   0.30152E+04   0.35112E-03   0.35168E+00   0.35167E+00   0.21349E+02
   0.30152E+04   0.37649E-03   0.36036E+00   0.36035E+00   0.22065E+02
   0.30152E+04   0.40370E-03   0.37004E+00   0.37003E+00   0.22539E+02
   0.30152E+04   0.43288E-03   0.37988E+00   0.37986E+00   0.23039E+02
   0.30152E+04   0.46416E-03   0.38988E+00   0.38986E+00   0.23568E+02
   0.30152E+04   0.49770E-03   0.40004E+00   0.40003E+00   0.24126E+02
   0.30152E+04   0.53367E-03   0.41036E+00   0.41035E+00   0.24715E+02
   0.30152E+04   0.57224E-03   0.42084E+00   0.42083E+00   0.25335E+02
   0.30152E+04   0.61359E-03   0.43230E+00   0.43229E+00   0.25829E+02
   0.30152E+04   0.65793E-03   0.44513E+00   0.44512E+00   0.26124E+02
   0.30152E+04   0.70548E-03   0.45821E+00   0.45820E+00   0.26443E+02
   0.30152E+04   0.75646E-03   0.47155E+00   0.47154E+00   0.26788E+02
   0.30152E+04   0.81113E-03   0.48516E+00   0.48514E+00   0.27160E+02
   0.30152E+04   0.86975E-03   0.49902E+00   0.49900E+00   0.27559E+02
   0.30152E+04   0.93260E-03   0.51314E+00   0.51312E+00   0.27987E+02
   0.30152E+04   0.10000E-02   0.52947E+00   0.52946E+00   0.28170E+02
   0.30545E+04   0.10000E-05   0.10369E+00   0.10367E+00   0.66143E+00
   0.30545E+04   0.10723E-05   0.10539E+00   0.10538E+00   0.67098E+00
   0.30545E+04   0.11498E-05   0.10712E+00   0.10711E+00   0.68108E+00
   0.30545E+04   0.12328E-05   0.10888E+00   0.10887E+00   0.69175E+00
   0.30545E+04   0.13219E-05   0.11067E+00   0.11065E+00   0.70306E+00
   0.30545E+04   0.14175E-05   0.11219E+00   0.11217E+00   0.71384E+00
   0.30545E+04   0.15199E-05   0.11370E+00   0.11369E+00   0.72519E+00
   0.30545E+04   0.16298E-05   0.11523E+00   0.11522E+00   0.73731E+00
   0.30545E+04   0.17475E-05   0.11678E+00   0.11677E+00   0.75027E+00
   0.30545E+04   0.18738E-05   0.11835E+00   0.11833E+00   0.76416E+00
   0.30545E+04   0.20092E-05   0.11994E+00   0.11992E+00   0.77905E+00
   0.30545E+04   0.21544E-05   0.12150E+00   0.12149E+00   0.79485E+00
   0.30545E+04   0.23101E-05   0.12290E+00   0.12288E+00   0.81082E+00
   0.30545E+04   0.24771E-05   0.12431E+00   0.12429E+00   0.82805E+00
   0.30545E+04   0.26561E-05   0.12573E+00   0.12571E+00   0.84664E+00
   0.30545E+04   0.28480E-05   0.12716E+00   0.12715E+00   0.86675E+00
   0.30545E+04   0.30539E-05   0.12861E+00   0.12860E+00   0.88851E+00
   0.30545E+04   0.32745E-05   0.13008E+00   0.13006E+00   0.91210E+00
   0.30545E+04   0.35112E-05   0.13150E+00   0.13148E+00   0.93714E+00
   0.30545E+04   0.37649E-05   0.13286E+00   0.13284E+00   0.96356E+00
   0.30545E+04   0.40370E-05   0.13423E+00   0.13421E+00   0.99224E+00
   0.30545E+04   0.43288E-05   0.13561E+00   0.13559E+00   0.10234E+01
   0.30545E+04   0.46416E-05   0.13700E+00   0.13699E+00   0.10573E+01
   0.30545E+04   0.49770E-05   0.13841E+00   0.13839E+00   0.10942E+01
   0.30545E+04   0.53367E-05   0.13982E+00   0.13981E+00   0.11344E+01
   0.30545E+04   0.57224E-05   0.14123E+00   0.14121E+00   0.11770E+01
   0.30545E+04   0.61359E-05   0.14263E+00   0.14262E+00   0.12229E+01
   0.30545E+04   0.65793E-05   0.14404E+00   0.14403E+00   0.12728E+01
   0.30545E+04   0.70548E-05   0.14547E+00   0.14546E+00   0.13272E+01
   0.30545E+04   0.75646E-05   0.14690E+00   0.14689E+00   0.13865E+01
   0.30545E+04   0.81113E-05   0.14835E+00   0.14834E+00   0.14511E+01
   0.30545E+04   0.86975E-05   0.14980E+00   0.14979E+00   0.15217E+01
   0.30545E+04   0.93260E-05   0.15141E+00   0.15139E+00   0.15957E+01
   0.30545E+04   0.10000E-04   0.15303E+00   0.15301E+00   0.16761E+01
   0.30545E+04   0.10723E-04   0.15466E+00   0.15464E+00   0.17636E+01
   0.30545E+04   0.11498E-04   0.15630E+00   0.15629E+00   0.18588E+01
   0.30545E+04   0.12328E-04   0.15795E+00   0.15794E+00   0.19624E+01
   0.30545E+04   0.13219E-04   0.15962E+00   0.15961E+00   0.20752E+01
   0.30545E+04   0.14175E-04   0.16135E+00   0.16133E+00   0.21966E+01
   0.30545E+04   0.15199E-04   0.16324E+00   0.16323E+00   0.23227E+01
   0.30545E+04   0.16298E-04   0.16515E+00   0.16514E+00   0.24595E+01
   0.30545E+04   0.17475E-04   0.16707E+00   0.16706E+00   0.26077E+01
   0.30545E+04   0.18738E-04   0.16901E+00   0.16900E+00   0.27684E+01
   0.30545E+04   0.20092E-04   0.17097E+00   0.17095E+00   0.29426E+01
   0.30545E+04   0.21544E-04   0.17294E+00   0.17292E+00   0.31316E+01
   0.30545E+04   0.23101E-04   0.17513E+00   0.17512E+00   0.33269E+01
   0.30545E+04   0.24771E-04   0.17756E+00   0.17755E+00   0.35270E+01
   0.30545E+04   0.26561E-04   0.18001E+00   0.18000E+00   0.37423E+01
   0.30545E+04   0.28480E-04   0.18248E+00   0.18247E+00   0.39740E+01
   0.30545E+04   0.30539E-04   0.18498E+00   0.18497E+00   0.42234E+01
   0.30545E+04   0.32745E-04   0.18750E+00   0.18749E+00   0.44918E+01
   0.30545E+04   0.35112E-04   0.19004E+00   0.19003E+00   0.47806E+01
   0.30545E+04   0.37649E-04   0.19296E+00   0.19295E+00   0.50572E+01
   0.30545E+04   0.40370E-04   0.19602E+00   0.19601E+00   0.53415E+01
   0.30545E+04   0.43288E-04   0.19911E+00   0.19910E+00   0.56451E+01
   0.30545E+04   0.46416E-04   0.20223E+00   0.20222E+00   0.59693E+01
   0.30545E+04   0.49770E-04   0.20538E+00   0.20537E+00   0.63156E+01
   0.30545E+04   0.53367E-04   0.20856E+00   0.20855E+00   0.66856E+01
   0.30545E+04   0.57224E-04   0.21182E+00   0.21181E+00   0.70757E+01
   0.30545E+04   0.61359E-04   0.21567E+00   0.21566E+00   0.74288E+01
   0.30545E+04   0.65793E-04   0.21955E+00   0.21954E+00   0.78051E+01
   0.30545E+04   0.70548E-04   0.22348E+00   0.22346E+00   0.82060E+01
   0.30545E+04   0.75646E-04   0.22744E+00   0.22743E+00   0.86335E+01
   0.30545E+04   0.81113E-04   0.23145E+00   0.23144E+00   0.90895E+01
   0.30545E+04   0.86975E-04   0.23550E+00   0.23549E+00   0.95758E+01
   0.30545E+04   0.93260E-04   0.23995E+00   0.23994E+00   0.10067E+02
   0.30545E+04   0.10000E-03   0.24517E+00   0.24516E+00   0.10537E+02
   0.30545E+04   0.10723E-03   0.25046E+00   0.25045E+00   0.11037E+02
   0.30545E+04   0.11498E-03   0.25582E+00   0.25580E+00   0.11570E+02
   0.30545E+04   0.12328E-03   0.26124E+00   0.26123E+00   0.12139E+02
   0.30545E+04   0.13219E-03   0.26673E+00   0.26672E+00   0.12744E+02
   0.30545E+04   0.14175E-03   0.27229E+00   0.27228E+00   0.13390E+02
   0.30545E+04   0.15199E-03   0.27846E+00   0.27844E+00   0.13996E+02
   0.30545E+04   0.16298E-03   0.28507E+00   0.28506E+00   0.14585E+02
   0.30545E+04   0.17475E-03   0.29177E+00   0.29176E+00   0.15211E+02
   0.30545E+04   0.18738E-03   0.29857E+00   0.29856E+00   0.15874E+02
   0.30545E+04   0.20092E-03   0.30547E+00   0.30545E+00   0.16579E+02
   0.30545E+04   0.21544E-03   0.31245E+00   0.31244E+00   0.17327E+02
   0.30545E+04   0.23101E-03   0.31954E+00   0.31952E+00   0.18121E+02
   0.30545E+04   0.24771E-03   0.32759E+00   0.32757E+00   0.18737E+02
   0.30545E+04   0.26561E-03   0.33589E+00   0.33588E+00   0.19354E+02
   0.30545E+04   0.28480E-03   0.34432E+00   0.34431E+00   0.20005E+02
   0.30545E+04   0.30539E-03   0.35288E+00   0.35287E+00   0.20692E+02
   0.30545E+04   0.32745E-03   0.36157E+00   0.36156E+00   0.21416E+02
   0.30545E+04   0.35112E-03   0.37039E+00   0.37038E+00   0.22180E+02
   0.30545E+04   0.37649E-03   0.37949E+00   0.37948E+00   0.22935E+02
   0.30545E+04   0.40370E-03   0.38966E+00   0.38965E+00   0.23437E+02
   0.30545E+04   0.43288E-03   0.39999E+00   0.39998E+00   0.23967E+02
   0.30545E+04   0.46416E-03   0.41049E+00   0.41048E+00   0.24527E+02
   0.30545E+04   0.49770E-03   0.42116E+00   0.42115E+00   0.25118E+02
   0.30545E+04   0.53367E-03   0.43199E+00   0.43198E+00   0.25740E+02
   0.30545E+04   0.57224E-03   0.44300E+00   0.44298E+00   0.26396E+02
   0.30545E+04   0.61359E-03   0.45501E+00   0.45500E+00   0.26919E+02
   0.30545E+04   0.65793E-03   0.46847E+00   0.46846E+00   0.27232E+02
   0.30545E+04   0.70548E-03   0.48220E+00   0.48219E+00   0.27571E+02
   0.30545E+04   0.75646E-03   0.49619E+00   0.49618E+00   0.27937E+02
   0.30545E+04   0.81113E-03   0.51045E+00   0.51044E+00   0.28330E+02
   0.30545E+04   0.86975E-03   0.52497E+00   0.52496E+00   0.28752E+02
   0.30545E+04   0.93260E-03   0.53977E+00   0.53976E+00   0.29204E+02
   0.30545E+04   0.10000E-02   0.55688E+00   0.55687E+00   0.29398E+02
   0.30939E+04   0.10000E-05   0.10571E+00   0.10569E+00   0.64540E+00
   0.30939E+04   0.10723E-05   0.10761E+00   0.10759E+00   0.65515E+00
   0.30939E+04   0.11498E-05   0.10954E+00   0.10953E+00   0.66545E+00
   0.30939E+04   0.12328E-05   0.11151E+00   0.11150E+00   0.67635E+00
   0.30939E+04   0.13219E-05   0.11351E+00   0.11350E+00   0.68788E+00
   0.30939E+04   0.14175E-05   0.11521E+00   0.11519E+00   0.69879E+00
   0.30939E+04   0.15199E-05   0.11689E+00   0.11688E+00   0.71028E+00
   0.30939E+04   0.16298E-05   0.11860E+00   0.11858E+00   0.72253E+00
   0.30939E+04   0.17475E-05   0.12032E+00   0.12031E+00   0.73563E+00
   0.30939E+04   0.18738E-05   0.12208E+00   0.12206E+00   0.74965E+00
   0.30939E+04   0.20092E-05   0.12385E+00   0.12384E+00   0.76470E+00
   0.30939E+04   0.21544E-05   0.12560E+00   0.12559E+00   0.78064E+00
   0.30939E+04   0.23101E-05   0.12714E+00   0.12713E+00   0.79666E+00
   0.30939E+04   0.24771E-05   0.12870E+00   0.12869E+00   0.81395E+00
   0.30939E+04   0.26561E-05   0.13027E+00   0.13026E+00   0.83260E+00
   0.30939E+04   0.28480E-05   0.13186E+00   0.13185E+00   0.85277E+00
   0.30939E+04   0.30539E-05   0.13347E+00   0.13346E+00   0.87460E+00
   0.30939E+04   0.32745E-05   0.13510E+00   0.13508E+00   0.89827E+00
   0.30939E+04   0.35112E-05   0.13667E+00   0.13665E+00   0.92334E+00
   0.30939E+04   0.37649E-05   0.13816E+00   0.13814E+00   0.94974E+00
   0.30939E+04   0.40370E-05   0.13966E+00   0.13964E+00   0.97840E+00
   0.30939E+04   0.43288E-05   0.14117E+00   0.14116E+00   0.10096E+01
   0.30939E+04   0.46416E-05   0.14270E+00   0.14269E+00   0.10434E+01
   0.30939E+04   0.49770E-05   0.14425E+00   0.14423E+00   0.10803E+01
   0.30939E+04   0.53367E-05   0.14581E+00   0.14579E+00   0.11205E+01
   0.30939E+04   0.57224E-05   0.14734E+00   0.14732E+00   0.11631E+01
   0.30939E+04   0.61359E-05   0.14886E+00   0.14885E+00   0.12089E+01
   0.30939E+04   0.65793E-05   0.15039E+00   0.15038E+00   0.12588E+01
   0.30939E+04   0.70548E-05   0.15194E+00   0.15193E+00   0.13132E+01
   0.30939E+04   0.75646E-05   0.15350E+00   0.15349E+00   0.13725E+01
   0.30939E+04   0.81113E-05   0.15507E+00   0.15506E+00   0.14371E+01
   0.30939E+04   0.86975E-05   0.15665E+00   0.15664E+00   0.15078E+01
   0.30939E+04   0.93260E-05   0.15838E+00   0.15836E+00   0.15817E+01
   0.30939E+04   0.10000E-04   0.16011E+00   0.16010E+00   0.16621E+01
   0.30939E+04   0.10723E-04   0.16186E+00   0.16185E+00   0.17497E+01
   0.30939E+04   0.11498E-04   0.16363E+00   0.16361E+00   0.18450E+01
   0.30939E+04   0.12328E-04   0.16541E+00   0.16539E+00   0.19487E+01
   0.30939E+04   0.13219E-04   0.16720E+00   0.16718E+00   0.20618E+01
   0.30939E+04   0.14175E-04   0.16905E+00   0.16903E+00   0.21834E+01
   0.30939E+04   0.15199E-04   0.17106E+00   0.17105E+00   0.23101E+01
   0.30939E+04   0.16298E-04   0.17309E+00   0.17308E+00   0.24475E+01
   0.30939E+04   0.17475E-04   0.17514E+00   0.17512E+00   0.25964E+01
   0.30939E+04   0.18738E-04   0.17720E+00   0.17719E+00   0.27580E+01
   0.30939E+04   0.20092E-04   0.17928E+00   0.17927E+00   0.29334E+01
   0.30939E+04   0.21544E-04   0.18137E+00   0.18136E+00   0.31237E+01
   0.30939E+04   0.23101E-04   0.18370E+00   0.18369E+00   0.33208E+01
   0.30939E+04   0.24771E-04   0.18628E+00   0.18626E+00   0.35234E+01
   0.30939E+04   0.26561E-04   0.18887E+00   0.18886E+00   0.37415E+01
   0.30939E+04   0.28480E-04   0.19149E+00   0.19148E+00   0.39764E+01
   0.30939E+04   0.30539E-04   0.19414E+00   0.19413E+00   0.42295E+01
   0.30939E+04   0.32745E-04   0.19681E+00   0.19680E+00   0.45021E+01
   0.30939E+04   0.35112E-04   0.19950E+00   0.19949E+00   0.47957E+01
   0.30939E+04   0.37649E-04   0.20259E+00   0.20258E+00   0.50786E+01
   0.30939E+04   0.40370E-04   0.20583E+00   0.20581E+00   0.53702E+01
   0.30939E+04   0.43288E-04   0.20909E+00   0.20908E+00   0.56818E+01
   0.30939E+04   0.46416E-04   0.21239E+00   0.21238E+00   0.60150E+01
   0.30939E+04   0.49770E-04   0.21572E+00   0.21571E+00   0.63712E+01
   0.30939E+04   0.53367E-04   0.21909E+00   0.21907E+00   0.67522E+01
   0.30939E+04   0.57224E-04   0.22253E+00   0.22252E+00   0.71545E+01
   0.30939E+04   0.61359E-04   0.22659E+00   0.22658E+00   0.75216E+01
   0.30939E+04   0.65793E-04   0.23069E+00   0.23068E+00   0.79129E+01
   0.30939E+04   0.70548E-04   0.23483E+00   0.23482E+00   0.83302E+01
   0.30939E+04   0.75646E-04   0.23902E+00   0.23901E+00   0.87754E+01
   0.30939E+04   0.81113E-04   0.24325E+00   0.24324E+00   0.92505E+01
   0.30939E+04   0.86975E-04   0.24752E+00   0.24751E+00   0.97576E+01
   0.30939E+04   0.93260E-04   0.25223E+00   0.25222E+00   0.10271E+02
   0.30939E+04   0.10000E-03   0.25774E+00   0.25773E+00   0.10763E+02
   0.30939E+04   0.10723E-03   0.26333E+00   0.26331E+00   0.11288E+02
   0.30939E+04   0.11498E-03   0.26898E+00   0.26897E+00   0.11847E+02
   0.30939E+04   0.12328E-03   0.27471E+00   0.27470E+00   0.12443E+02
   0.30939E+04   0.13219E-03   0.28051E+00   0.28050E+00   0.13078E+02
   0.30939E+04   0.14175E-03   0.28638E+00   0.28637E+00   0.13755E+02
   0.30939E+04   0.15199E-03   0.29289E+00   0.29288E+00   0.14393E+02
   0.30939E+04   0.16298E-03   0.29986E+00   0.29984E+00   0.15015E+02
   0.30939E+04   0.17475E-03   0.30692E+00   0.30691E+00   0.15674E+02
   0.30939E+04   0.18738E-03   0.31409E+00   0.31408E+00   0.16375E+02
   0.30939E+04   0.20092E-03   0.32135E+00   0.32134E+00   0.17118E+02
   0.30939E+04   0.21544E-03   0.32871E+00   0.32870E+00   0.17907E+02
   0.30939E+04   0.23101E-03   0.33617E+00   0.33616E+00   0.18744E+02
   0.30939E+04   0.24771E-03   0.34462E+00   0.34461E+00   0.19394E+02
   0.30939E+04   0.26561E-03   0.35333E+00   0.35332E+00   0.20044E+02
   0.30939E+04   0.28480E-03   0.36218E+00   0.36217E+00   0.20730E+02
   0.30939E+04   0.30539E-03   0.37115E+00   0.37114E+00   0.21453E+02
   0.30939E+04   0.32745E-03   0.38026E+00   0.38025E+00   0.22215E+02
   0.30939E+04   0.35112E-03   0.38950E+00   0.38949E+00   0.23018E+02
   0.30939E+04   0.37649E-03   0.39904E+00   0.39903E+00   0.23812E+02
   0.30939E+04   0.40370E-03   0.40971E+00   0.40970E+00   0.24343E+02
   0.30939E+04   0.43288E-03   0.42056E+00   0.42055E+00   0.24904E+02
   0.30939E+04   0.46416E-03   0.43158E+00   0.43157E+00   0.25496E+02
   0.30939E+04   0.49770E-03   0.44277E+00   0.44276E+00   0.26119E+02
   0.30939E+04   0.53367E-03   0.45414E+00   0.45412E+00   0.26776E+02
   0.30939E+04   0.57224E-03   0.46567E+00   0.46566E+00   0.27467E+02
   0.30939E+04   0.61359E-03   0.47827E+00   0.47826E+00   0.28019E+02
   0.30939E+04   0.65793E-03   0.49239E+00   0.49238E+00   0.28351E+02
   0.30939E+04   0.70548E-03   0.50678E+00   0.50676E+00   0.28710E+02
   0.30939E+04   0.75646E-03   0.52144E+00   0.52143E+00   0.29096E+02
   0.30939E+04   0.81113E-03   0.53638E+00   0.53636E+00   0.29512E+02
   0.30939E+04   0.86975E-03   0.55159E+00   0.55158E+00   0.29957E+02
   0.30939E+04   0.93260E-03   0.56709E+00   0.56707E+00   0.30433E+02
   0.30939E+04   0.10000E-02   0.58500E+00   0.58499E+00   0.30637E+02
   0.31333E+04   0.10000E-05   0.10517E+00   0.10515E+00   0.61780E+00
   0.31333E+04   0.10723E-05   0.10731E+00   0.10729E+00   0.62791E+00
   0.31333E+04   0.11498E-05   0.10949E+00   0.10947E+00   0.63858E+00
   0.31333E+04   0.12328E-05   0.11171E+00   0.11170E+00   0.64984E+00
   0.31333E+04   0.13219E-05   0.11398E+00   0.11397E+00   0.66175E+00
   0.31333E+04   0.14175E-05   0.11590E+00   0.11589E+00   0.67293E+00
   0.31333E+04   0.15199E-05   0.11781E+00   0.11779E+00   0.68468E+00
   0.31333E+04   0.16298E-05   0.11975E+00   0.11973E+00   0.69719E+00
   0.31333E+04   0.17475E-05   0.12172E+00   0.12170E+00   0.71054E+00
   0.31333E+04   0.18738E-05   0.12371E+00   0.12370E+00   0.72483E+00
   0.31333E+04   0.20092E-05   0.12574E+00   0.12573E+00   0.74013E+00
   0.31333E+04   0.21544E-05   0.12775E+00   0.12773E+00   0.75630E+00
   0.31333E+04   0.23101E-05   0.12949E+00   0.12948E+00   0.77244E+00
   0.31333E+04   0.24771E-05   0.13126E+00   0.13125E+00   0.78982E+00
   0.31333E+04   0.26561E-05   0.13306E+00   0.13304E+00   0.80858E+00
   0.31333E+04   0.28480E-05   0.13487E+00   0.13486E+00   0.82884E+00
   0.31333E+04   0.30539E-05   0.13671E+00   0.13669E+00   0.85076E+00
   0.31333E+04   0.32745E-05   0.13857E+00   0.13855E+00   0.87451E+00
   0.31333E+04   0.35112E-05   0.14040E+00   0.14039E+00   0.89996E+00
   0.31333E+04   0.37649E-05   0.14219E+00   0.14218E+00   0.92714E+00
   0.31333E+04   0.40370E-05   0.14400E+00   0.14399E+00   0.95667E+00
   0.31333E+04   0.43288E-05   0.14583E+00   0.14582E+00   0.98877E+00
   0.31333E+04   0.46416E-05   0.14768E+00   0.14767E+00   0.10237E+01
   0.31333E+04   0.49770E-05   0.14955E+00   0.14954E+00   0.10618E+01
   0.31333E+04   0.53367E-05   0.15145E+00   0.15143E+00   0.11033E+01
   0.31333E+04   0.57224E-05   0.15318E+00   0.15317E+00   0.11462E+01
   0.31333E+04   0.61359E-05   0.15485E+00   0.15484E+00   0.11918E+01
   0.31333E+04   0.65793E-05   0.15654E+00   0.15653E+00   0.12416E+01
   0.31333E+04   0.70548E-05   0.15824E+00   0.15823E+00   0.12957E+01
   0.31333E+04   0.75646E-05   0.15996E+00   0.15995E+00   0.13549E+01
   0.31333E+04   0.81113E-05   0.16169E+00   0.16168E+00   0.14194E+01
   0.31333E+04   0.86975E-05   0.16344E+00   0.16342E+00   0.14899E+01
   0.31333E+04   0.93260E-05   0.16530E+00   0.16529E+00   0.15636E+01
   0.31333E+04   0.10000E-04   0.16718E+00   0.16717E+00   0.16438E+01
   0.31333E+04   0.10723E-04   0.16908E+00   0.16906E+00   0.17312E+01
   0.31333E+04   0.11498E-04   0.17099E+00   0.17098E+00   0.18263E+01
   0.31333E+04   0.12328E-04   0.17292E+00   0.17291E+00   0.19300E+01
   0.31333E+04   0.13219E-04   0.17486E+00   0.17485E+00   0.20430E+01
   0.31333E+04   0.14175E-04   0.17687E+00   0.17685E+00   0.21647E+01
   0.31333E+04   0.15199E-04   0.17902E+00   0.17901E+00   0.22915E+01
   0.31333E+04   0.16298E-04   0.18120E+00   0.18119E+00   0.24291E+01
   0.31333E+04   0.17475E-04   0.18340E+00   0.18338E+00   0.25784E+01
   0.31333E+04   0.18738E-04   0.18561E+00   0.18560E+00   0.27405E+01
   0.31333E+04   0.20092E-04   0.18784E+00   0.18783E+00   0.29165E+01
   0.31333E+04   0.21544E-04   0.19009E+00   0.19008E+00   0.31077E+01
   0.31333E+04   0.23101E-04   0.19258E+00   0.19257E+00   0.33061E+01
   0.31333E+04   0.24771E-04   0.19532E+00   0.19531E+00   0.35106E+01
   0.31333E+04   0.26561E-04   0.19809E+00   0.19808E+00   0.37309E+01
   0.31333E+04   0.28480E-04   0.20089E+00   0.20087E+00   0.39684E+01
   0.31333E+04   0.30539E-04   0.20371E+00   0.20370E+00   0.42245E+01
   0.31333E+04   0.32745E-04   0.20656E+00   0.20654E+00   0.45006E+01
   0.31333E+04   0.35112E-04   0.20943E+00   0.20942E+00   0.47983E+01
   0.31333E+04   0.37649E-04   0.21271E+00   0.21270E+00   0.50867E+01
   0.31333E+04   0.40370E-04   0.21615E+00   0.21613E+00   0.53847E+01
   0.31333E+04   0.43288E-04   0.21962E+00   0.21960E+00   0.57036E+01
   0.31333E+04   0.46416E-04   0.22312E+00   0.22311E+00   0.60448E+01
   0.31333E+04   0.49770E-04   0.22666E+00   0.22665E+00   0.64101E+01
   0.31333E+04   0.53367E-04   0.23023E+00   0.23022E+00   0.68011E+01
   0.31333E+04   0.57224E-04   0.23389E+00   0.23388E+00   0.72147E+01
   0.31333E+04   0.61359E-04   0.23820E+00   0.23818E+00   0.75949E+01
   0.31333E+04   0.65793E-04   0.24254E+00   0.24253E+00   0.80005E+01
   0.31333E+04   0.70548E-04   0.24694E+00   0.24693E+00   0.84334E+01
   0.31333E+04   0.75646E-04   0.25138E+00   0.25137E+00   0.88955E+01
   0.31333E+04   0.81113E-04   0.25586E+00   0.25585E+00   0.93890E+01
   0.31333E+04   0.86975E-04   0.26039E+00   0.26038E+00   0.99161E+01
   0.31333E+04   0.93260E-04   0.26538E+00   0.26537E+00   0.10451E+02
   0.31333E+04   0.10000E-03   0.27122E+00   0.27121E+00   0.10965E+02
   0.31333E+04   0.10723E-03   0.27714E+00   0.27713E+00   0.11513E+02
   0.31333E+04   0.11498E-03   0.28313E+00   0.28312E+00   0.12097E+02
   0.31333E+04   0.12328E-03   0.28920E+00   0.28919E+00   0.12720E+02
   0.31333E+04   0.13219E-03   0.29534E+00   0.29533E+00   0.13384E+02
   0.31333E+04   0.14175E-03   0.30156E+00   0.30155E+00   0.14093E+02
   0.31333E+04   0.15199E-03   0.30844E+00   0.30843E+00   0.14762E+02
   0.31333E+04   0.16298E-03   0.31581E+00   0.31580E+00   0.15415E+02
   0.31333E+04   0.17475E-03   0.32328E+00   0.32326E+00   0.16108E+02
   0.31333E+04   0.18738E-03   0.33085E+00   0.33084E+00   0.16844E+02
   0.31333E+04   0.20092E-03   0.33852E+00   0.33851E+00   0.17625E+02
   0.31333E+04   0.21544E-03   0.34630E+00   0.34629E+00   0.18454E+02
   0.31333E+04   0.23101E-03   0.35418E+00   0.35417E+00   0.19334E+02
   0.31333E+04   0.24771E-03   0.36307E+00   0.36306E+00   0.20018E+02
   0.31333E+04   0.26561E-03   0.37224E+00   0.37222E+00   0.20702E+02
   0.31333E+04   0.28480E-03   0.38153E+00   0.38152E+00   0.21422E+02
   0.31333E+04   0.30539E-03   0.39097E+00   0.39096E+00   0.22182E+02
   0.31333E+04   0.32745E-03   0.40054E+00   0.40053E+00   0.22982E+02
   0.31333E+04   0.35112E-03   0.41024E+00   0.41023E+00   0.23825E+02
   0.31333E+04   0.37649E-03   0.42027E+00   0.42026E+00   0.24659E+02
   0.31333E+04   0.40370E-03   0.43150E+00   0.43149E+00   0.25220E+02
   0.31333E+04   0.43288E-03   0.44292E+00   0.44290E+00   0.25811E+02
   0.31333E+04   0.46416E-03   0.45451E+00   0.45450E+00   0.26434E+02
   0.31333E+04   0.49770E-03   0.46628E+00   0.46627E+00   0.27090E+02
   0.31333E+04   0.53367E-03   0.47823E+00   0.47822E+00   0.27781E+02
   0.31333E+04   0.57224E-03   0.49036E+00   0.49035E+00   0.28508E+02
   0.31333E+04   0.61359E-03   0.50361E+00   0.50360E+00   0.29090E+02
   0.31333E+04   0.65793E-03   0.51845E+00   0.51843E+00   0.29442E+02
   0.31333E+04   0.70548E-03   0.53357E+00   0.53355E+00   0.29821E+02
   0.31333E+04   0.75646E-03   0.54897E+00   0.54896E+00   0.30229E+02
   0.31333E+04   0.81113E-03   0.56466E+00   0.56465E+00   0.30667E+02
   0.31333E+04   0.86975E-03   0.58064E+00   0.58063E+00   0.31136E+02
   0.31333E+04   0.93260E-03   0.59691E+00   0.59690E+00   0.31638E+02
   0.31333E+04   0.10000E-02   0.61571E+00   0.61570E+00   0.31854E+02
   0.31727E+04   0.10000E-05   0.96679E-01   0.96663E-01   0.55285E+00
   0.31727E+04   0.10723E-05   0.99144E-01   0.99128E-01   0.56371E+00
   0.31727E+04   0.11498E-05   0.10167E+00   0.10165E+00   0.57511E+00
   0.31727E+04   0.12328E-05   0.10425E+00   0.10424E+00   0.58712E+00
   0.31727E+04   0.13219E-05   0.10690E+00   0.10689E+00   0.59978E+00
   0.31727E+04   0.14175E-05   0.10918E+00   0.10917E+00   0.61156E+00
   0.31727E+04   0.15199E-05   0.11147E+00   0.11145E+00   0.62387E+00
   0.31727E+04   0.16298E-05   0.11380E+00   0.11378E+00   0.63694E+00
   0.31727E+04   0.17475E-05   0.11617E+00   0.11616E+00   0.65083E+00
   0.31727E+04   0.18738E-05   0.11859E+00   0.11858E+00   0.66564E+00
   0.31727E+04   0.20092E-05   0.12106E+00   0.12105E+00   0.68145E+00
   0.31727E+04   0.21544E-05   0.12351E+00   0.12350E+00   0.69807E+00
   0.31727E+04   0.23101E-05   0.12565E+00   0.12563E+00   0.71441E+00
   0.31727E+04   0.24771E-05   0.12782E+00   0.12780E+00   0.73195E+00
   0.31727E+04   0.26561E-05   0.13002E+00   0.13001E+00   0.75084E+00
   0.31727E+04   0.28480E-05   0.13227E+00   0.13225E+00   0.77120E+00
   0.31727E+04   0.30539E-05   0.13454E+00   0.13453E+00   0.79318E+00
   0.31727E+04   0.32745E-05   0.13686E+00   0.13684E+00   0.81696E+00
   0.31727E+04   0.35112E-05   0.13932E+00   0.13931E+00   0.84366E+00
   0.31727E+04   0.37649E-05   0.14197E+00   0.14196E+00   0.87392E+00
   0.31727E+04   0.40370E-05   0.14467E+00   0.14466E+00   0.90685E+00
   0.31727E+04   0.43288E-05   0.14742E+00   0.14740E+00   0.94272E+00
   0.31727E+04   0.46416E-05   0.15021E+00   0.15020E+00   0.98187E+00
   0.31727E+04   0.49770E-05   0.15305E+00   0.15304E+00   0.10247E+01
   0.31727E+04   0.53367E-05   0.15595E+00   0.15593E+00   0.10715E+01
   0.31727E+04   0.57224E-05   0.15816E+00   0.15814E+00   0.11157E+01
   0.31727E+04   0.61359E-05   0.16007E+00   0.16006E+00   0.11607E+01
   0.31727E+04   0.65793E-05   0.16201E+00   0.16199E+00   0.12097E+01
   0.31727E+04   0.70548E-05   0.16396E+00   0.16395E+00   0.12631E+01
   0.31727E+04   0.75646E-05   0.16594E+00   0.16592E+00   0.13214E+01
   0.31727E+04   0.81113E-05   0.16793E+00   0.16792E+00   0.13851E+01
   0.31727E+04   0.86975E-05   0.16995E+00   0.16993E+00   0.14547E+01
   0.31727E+04   0.93260E-05   0.17203E+00   0.17202E+00   0.15274E+01
   0.31727E+04   0.10000E-04   0.17414E+00   0.17413E+00   0.16065E+01
   0.31727E+04   0.10723E-04   0.17627E+00   0.17625E+00   0.16927E+01
   0.31727E+04   0.11498E-04   0.17842E+00   0.17840E+00   0.17867E+01
   0.31727E+04   0.12328E-04   0.18059E+00   0.18057E+00   0.18891E+01
   0.31727E+04   0.13219E-04   0.18277E+00   0.18276E+00   0.20009E+01
   0.31727E+04   0.14175E-04   0.18502E+00   0.18501E+00   0.21214E+01
   0.31727E+04   0.15199E-04   0.18740E+00   0.18738E+00   0.22469E+01
   0.31727E+04   0.16298E-04   0.18980E+00   0.18979E+00   0.23832E+01
   0.31727E+04   0.17475E-04   0.19222E+00   0.19221E+00   0.25313E+01
   0.31727E+04   0.18738E-04   0.19467E+00   0.19466E+00   0.26922E+01
   0.31727E+04   0.20092E-04   0.19714E+00   0.19713E+00   0.28672E+01
   0.31727E+04   0.21544E-04   0.19963E+00   0.19962E+00   0.30574E+01
   0.31727E+04   0.23101E-04   0.20237E+00   0.20235E+00   0.32551E+01
   0.31727E+04   0.24771E-04   0.20535E+00   0.20534E+00   0.34593E+01
   0.31727E+04   0.26561E-04   0.20837E+00   0.20836E+00   0.36796E+01
   0.31727E+04   0.28480E-04   0.21142E+00   0.21141E+00   0.39174E+01
   0.31727E+04   0.30539E-04   0.21450E+00   0.21448E+00   0.41741E+01
   0.31727E+04   0.32745E-04   0.21761E+00   0.21759E+00   0.44512E+01
   0.31727E+04   0.35112E-04   0.22075E+00   0.22074E+00   0.47504E+01
   0.31727E+04   0.37649E-04   0.22430E+00   0.22429E+00   0.50415E+01
   0.31727E+04   0.40370E-04   0.22802E+00   0.22801E+00   0.53432E+01
   0.31727E+04   0.43288E-04   0.23177E+00   0.23176E+00   0.56663E+01
   0.31727E+04   0.46416E-04   0.23556E+00   0.23555E+00   0.60127E+01
   0.31727E+04   0.49770E-04   0.23940E+00   0.23938E+00   0.63838E+01
   0.31727E+04   0.53367E-04   0.24327E+00   0.24326E+00   0.67817E+01
   0.31727E+04   0.57224E-04   0.24723E+00   0.24722E+00   0.72033E+01
   0.31727E+04   0.61359E-04   0.25187E+00   0.25186E+00   0.75940E+01
   0.31727E+04   0.65793E-04   0.25657E+00   0.25655E+00   0.80112E+01
   0.31727E+04   0.70548E-04   0.26131E+00   0.26130E+00   0.84569E+01
   0.31727E+04   0.75646E-04   0.26610E+00   0.26609E+00   0.89333E+01
   0.31727E+04   0.81113E-04   0.27095E+00   0.27094E+00   0.94426E+01
   0.31727E+04   0.86975E-04   0.27585E+00   0.27583E+00   0.99871E+01
   0.31727E+04   0.93260E-04   0.28122E+00   0.28121E+00   0.10541E+02
   0.31727E+04   0.10000E-03   0.28748E+00   0.28747E+00   0.11075E+02
   0.31727E+04   0.10723E-03   0.29382E+00   0.29381E+00   0.11644E+02
   0.31727E+04   0.11498E-03   0.30024E+00   0.30023E+00   0.12251E+02
   0.31727E+04   0.12328E-03   0.30675E+00   0.30674E+00   0.12899E+02
   0.31727E+04   0.13219E-03   0.31334E+00   0.31332E+00   0.13590E+02
   0.31727E+04   0.14175E-03   0.32000E+00   0.31999E+00   0.14328E+02
   0.31727E+04   0.15199E-03   0.32737E+00   0.32736E+00   0.15025E+02
   0.31727E+04   0.16298E-03   0.33525E+00   0.33524E+00   0.15706E+02
   0.31727E+04   0.17475E-03   0.34324E+00   0.34322E+00   0.16430E+02
   0.31727E+04   0.18738E-03   0.35133E+00   0.35132E+00   0.17197E+02
   0.31727E+04   0.20092E-03   0.35954E+00   0.35953E+00   0.18012E+02
   0.31727E+04   0.21544E-03   0.36786E+00   0.36784E+00   0.18877E+02
   0.31727E+04   0.23101E-03   0.37628E+00   0.37627E+00   0.19794E+02
   0.31727E+04   0.24771E-03   0.38574E+00   0.38573E+00   0.20512E+02
   0.31727E+04   0.26561E-03   0.39548E+00   0.39547E+00   0.21229E+02
   0.31727E+04   0.28480E-03   0.40536E+00   0.40535E+00   0.21986E+02
   0.31727E+04   0.30539E-03   0.41539E+00   0.41537E+00   0.22782E+02
   0.31727E+04   0.32745E-03   0.42555E+00   0.42554E+00   0.23621E+02
   0.31727E+04   0.35112E-03   0.43586E+00   0.43585E+00   0.24505E+02
   0.31727E+04   0.37649E-03   0.44650E+00   0.44649E+00   0.25380E+02
   0.31727E+04   0.40370E-03   0.45844E+00   0.45843E+00   0.25970E+02
   0.31727E+04   0.43288E-03   0.47057E+00   0.47056E+00   0.26591E+02
   0.31727E+04   0.46416E-03   0.48289E+00   0.48287E+00   0.27245E+02
   0.31727E+04   0.49770E-03   0.49539E+00   0.49538E+00   0.27934E+02
   0.31727E+04   0.53367E-03   0.50808E+00   0.50807E+00   0.28659E+02
   0.31727E+04   0.57224E-03   0.52096E+00   0.52095E+00   0.29421E+02
   0.31727E+04   0.61359E-03   0.53502E+00   0.53501E+00   0.30033E+02
   0.31727E+04   0.65793E-03   0.55078E+00   0.55076E+00   0.30407E+02
   0.31727E+04   0.70548E-03   0.56683E+00   0.56682E+00   0.30810E+02
   0.31727E+04   0.75646E-03   0.58318E+00   0.58317E+00   0.31243E+02
   0.31727E+04   0.81113E-03   0.59983E+00   0.59982E+00   0.31706E+02
   0.31727E+04   0.86975E-03   0.61678E+00   0.61677E+00   0.32202E+02
   0.31727E+04   0.93260E-03   0.63403E+00   0.63402E+00   0.32731E+02
   0.31727E+04   0.10000E-02   0.65392E+00   0.65391E+00   0.32962E+02
   0.32121E+04   0.10000E-05   0.88500E-01   0.88483E-01   0.49786E+00
   0.32121E+04   0.10723E-05   0.91226E-01   0.91209E-01   0.50917E+00
   0.32121E+04   0.11498E-05   0.94032E-01   0.94015E-01   0.52105E+00
   0.32121E+04   0.12328E-05   0.96919E-01   0.96903E-01   0.53354E+00
   0.32121E+04   0.13219E-05   0.99891E-01   0.99874E-01   0.54669E+00
   0.32121E+04   0.14175E-05   0.10249E+00   0.10247E+00   0.55885E+00
   0.32121E+04   0.15199E-05   0.10510E+00   0.10508E+00   0.57152E+00
   0.32121E+04   0.16298E-05   0.10777E+00   0.10776E+00   0.58494E+00
   0.32121E+04   0.17475E-05   0.11051E+00   0.11050E+00   0.59919E+00
   0.32121E+04   0.18738E-05   0.11332E+00   0.11330E+00   0.61434E+00
   0.32121E+04   0.20092E-05   0.11619E+00   0.11618E+00   0.63048E+00
   0.32121E+04   0.21544E-05   0.11905E+00   0.11903E+00   0.64738E+00
   0.32121E+04   0.23101E-05   0.12155E+00   0.12153E+00   0.66380E+00
   0.32121E+04   0.24771E-05   0.12410E+00   0.12408E+00   0.68140E+00
   0.32121E+04   0.26561E-05   0.12669E+00   0.12668E+00   0.70031E+00
   0.32121E+04   0.28480E-05   0.12934E+00   0.12933E+00   0.72066E+00
   0.32121E+04   0.30539E-05   0.13204E+00   0.13203E+00   0.74261E+00
   0.32121E+04   0.32745E-05   0.13480E+00   0.13478E+00   0.76632E+00
   0.32121E+04   0.35112E-05   0.13787E+00   0.13786E+00   0.79399E+00
   0.32121E+04   0.37649E-05   0.14137E+00   0.14135E+00   0.82679E+00
   0.32121E+04   0.40370E-05   0.14494E+00   0.14493E+00   0.86256E+00
   0.32121E+04   0.43288E-05   0.14861E+00   0.14859E+00   0.90167E+00
   0.32121E+04   0.46416E-05   0.15236E+00   0.15234E+00   0.94449E+00
   0.32121E+04   0.49770E-05   0.15620E+00   0.15618E+00   0.99150E+00
   0.32121E+04   0.53367E-05   0.16013E+00   0.16012E+00   0.10432E+01
   0.32121E+04   0.57224E-05   0.16284E+00   0.16282E+00   0.10885E+01
   0.32121E+04   0.61359E-05   0.16501E+00   0.16499E+00   0.11329E+01
   0.32121E+04   0.65793E-05   0.16720E+00   0.16719E+00   0.11812E+01
   0.32121E+04   0.70548E-05   0.16943E+00   0.16941E+00   0.12339E+01
   0.32121E+04   0.75646E-05   0.17167E+00   0.17166E+00   0.12914E+01
   0.32121E+04   0.81113E-05   0.17394E+00   0.17393E+00   0.13543E+01
   0.32121E+04   0.86975E-05   0.17624E+00   0.17623E+00   0.14231E+01
   0.32121E+04   0.93260E-05   0.17856E+00   0.17855E+00   0.14948E+01
   0.32121E+04   0.10000E-04   0.18091E+00   0.18089E+00   0.15728E+01
   0.32121E+04   0.10723E-04   0.18328E+00   0.18327E+00   0.16579E+01
   0.32121E+04   0.11498E-04   0.18568E+00   0.18566E+00   0.17508E+01
   0.32121E+04   0.12328E-04   0.18810E+00   0.18808E+00   0.18521E+01
   0.32121E+04   0.13219E-04   0.19055E+00   0.19053E+00   0.19628E+01
   0.32121E+04   0.14175E-04   0.19305E+00   0.19303E+00   0.20821E+01
   0.32121E+04   0.15199E-04   0.19566E+00   0.19564E+00   0.22064E+01
   0.32121E+04   0.16298E-04   0.19830E+00   0.19828E+00   0.23415E+01
   0.32121E+04   0.17475E-04   0.20097E+00   0.20095E+00   0.24884E+01
   0.32121E+04   0.18738E-04   0.20366E+00   0.20365E+00   0.26483E+01
   0.32121E+04   0.20092E-04   0.20638E+00   0.20637E+00   0.28222E+01
   0.32121E+04   0.21544E-04   0.20913E+00   0.20911E+00   0.30115E+01
   0.32121E+04   0.23101E-04   0.21212E+00   0.21210E+00   0.32087E+01
   0.32121E+04   0.24771E-04   0.21536E+00   0.21535E+00   0.34126E+01
   0.32121E+04   0.26561E-04   0.21864E+00   0.21863E+00   0.36329E+01
   0.32121E+04   0.28480E-04   0.22196E+00   0.22195E+00   0.38710E+01
   0.32121E+04   0.30539E-04   0.22531E+00   0.22530E+00   0.41283E+01
   0.32121E+04   0.32745E-04   0.22870E+00   0.22868E+00   0.44064E+01
   0.32121E+04   0.35112E-04   0.23212E+00   0.23210E+00   0.47070E+01
   0.32121E+04   0.37649E-04   0.23596E+00   0.23595E+00   0.50008E+01
   0.32121E+04   0.40370E-04   0.23997E+00   0.23996E+00   0.53060E+01
   0.32121E+04   0.43288E-04   0.24402E+00   0.24401E+00   0.56333E+01
   0.32121E+04   0.46416E-04   0.24812E+00   0.24810E+00   0.59846E+01
   0.32121E+04   0.49770E-04   0.25226E+00   0.25224E+00   0.63615E+01
   0.32121E+04   0.53367E-04   0.25644E+00   0.25643E+00   0.67661E+01
   0.32121E+04   0.57224E-04   0.26072E+00   0.26071E+00   0.71956E+01
   0.32121E+04   0.61359E-04   0.26572E+00   0.26571E+00   0.75964E+01
   0.32121E+04   0.65793E-04   0.27078E+00   0.27076E+00   0.80250E+01
   0.32121E+04   0.70548E-04   0.27589E+00   0.27587E+00   0.84834E+01
   0.32121E+04   0.75646E-04   0.28105E+00   0.28104E+00   0.89738E+01
   0.32121E+04   0.81113E-04   0.28628E+00   0.28627E+00   0.94986E+01
   0.32121E+04   0.86975E-04   0.29156E+00   0.29155E+00   0.10060E+02
   0.32121E+04   0.93260E-04   0.29733E+00   0.29732E+00   0.10633E+02
   0.32121E+04   0.10000E-03   0.30403E+00   0.30402E+00   0.11186E+02
   0.32121E+04   0.10723E-03   0.31082E+00   0.31081E+00   0.11776E+02
   0.32121E+04   0.11498E-03   0.31769E+00   0.31768E+00   0.12406E+02
   0.32121E+04   0.12328E-03   0.32466E+00   0.32464E+00   0.13079E+02
   0.32121E+04   0.13219E-03   0.33171E+00   0.33170E+00   0.13797E+02
   0.32121E+04   0.14175E-03   0.33885E+00   0.33883E+00   0.14563E+02
   0.32121E+04   0.15199E-03   0.34672E+00   0.34671E+00   0.15289E+02
   0.32121E+04   0.16298E-03   0.35513E+00   0.35512E+00   0.15998E+02
   0.32121E+04   0.17475E-03   0.36366E+00   0.36365E+00   0.16751E+02
   0.32121E+04   0.18738E-03   0.37230E+00   0.37229E+00   0.17550E+02
   0.32121E+04   0.20092E-03   0.38107E+00   0.38106E+00   0.18399E+02
   0.32121E+04   0.21544E-03   0.38995E+00   0.38994E+00   0.19299E+02
   0.32121E+04   0.23101E-03   0.39895E+00   0.39893E+00   0.20255E+02
   0.32121E+04   0.24771E-03   0.40900E+00   0.40898E+00   0.21006E+02
   0.32121E+04   0.26561E-03   0.41933E+00   0.41932E+00   0.21757E+02
   0.32121E+04   0.28480E-03   0.42982E+00   0.42981E+00   0.22549E+02
   0.32121E+04   0.30539E-03   0.44045E+00   0.44044E+00   0.23382E+02
   0.32121E+04   0.32745E-03   0.45124E+00   0.45123E+00   0.24261E+02
   0.32121E+04   0.35112E-03   0.46217E+00   0.46216E+00   0.25186E+02
   0.32121E+04   0.37649E-03   0.47346E+00   0.47345E+00   0.26101E+02
   0.32121E+04   0.40370E-03   0.48613E+00   0.48612E+00   0.26720E+02
   0.32121E+04   0.43288E-03   0.49901E+00   0.49900E+00   0.27371E+02
   0.32121E+04   0.46416E-03   0.51208E+00   0.51207E+00   0.28057E+02
   0.32121E+04   0.49770E-03   0.52534E+00   0.52533E+00   0.28778E+02
   0.32121E+04   0.53367E-03   0.53881E+00   0.53879E+00   0.29537E+02
   0.32121E+04   0.57224E-03   0.55247E+00   0.55245E+00   0.30334E+02
   0.32121E+04   0.61359E-03   0.56738E+00   0.56737E+00   0.30977E+02
   0.32121E+04   0.65793E-03   0.58410E+00   0.58409E+00   0.31374E+02
   0.32121E+04   0.70548E-03   0.60112E+00   0.60111E+00   0.31800E+02
   0.32121E+04   0.75646E-03   0.61846E+00   0.61845E+00   0.32257E+02
   0.32121E+04   0.81113E-03   0.63611E+00   0.63610E+00   0.32746E+02
   0.32121E+04   0.86975E-03   0.65408E+00   0.65406E+00   0.33268E+02
   0.32121E+04   0.93260E-03   0.67236E+00   0.67234E+00   0.33825E+02
   0.32121E+04   0.10000E-02   0.69338E+00   0.69337E+00   0.34072E+02
   0.32515E+04   0.10000E-05   0.80699E-01   0.80681E-01   0.45095E+00
   0.32515E+04   0.10723E-05   0.83627E-01   0.83610E-01   0.46254E+00
   0.32515E+04   0.11498E-05   0.86656E-01   0.86638E-01   0.47470E+00
   0.32515E+04   0.12328E-05   0.89787E-01   0.89770E-01   0.48748E+00
   0.32515E+04   0.13219E-05   0.93026E-01   0.93008E-01   0.50095E+00
   0.32515E+04   0.14175E-05   0.95885E-01   0.95868E-01   0.51334E+00
   0.32515E+04   0.15199E-05   0.98777E-01   0.98760E-01   0.52623E+00
   0.32515E+04   0.16298E-05   0.10175E+00   0.10174E+00   0.53987E+00
   0.32515E+04   0.17475E-05   0.10481E+00   0.10480E+00   0.55433E+00
   0.32515E+04   0.18738E-05   0.10796E+00   0.10794E+00   0.56969E+00
   0.32515E+04   0.20092E-05   0.11120E+00   0.11118E+00   0.58604E+00
   0.32515E+04   0.21544E-05   0.11443E+00   0.11441E+00   0.60310E+00
   0.32515E+04   0.23101E-05   0.11726E+00   0.11724E+00   0.61953E+00
   0.32515E+04   0.24771E-05   0.12015E+00   0.12014E+00   0.63711E+00
   0.32515E+04   0.26561E-05   0.12312E+00   0.12310E+00   0.65598E+00
   0.32515E+04   0.28480E-05   0.12615E+00   0.12613E+00   0.67626E+00
   0.32515E+04   0.30539E-05   0.12925E+00   0.12924E+00   0.69811E+00
   0.32515E+04   0.32745E-05   0.13243E+00   0.13242E+00   0.72170E+00
   0.32515E+04   0.35112E-05   0.13609E+00   0.13608E+00   0.75013E+00
   0.32515E+04   0.37649E-05   0.14040E+00   0.14039E+00   0.78504E+00
   0.32515E+04   0.40370E-05   0.14484E+00   0.14483E+00   0.82323E+00
   0.32515E+04   0.43288E-05   0.14942E+00   0.14940E+00   0.86511E+00
   0.32515E+04   0.46416E-05   0.15413E+00   0.15412E+00   0.91118E+00
   0.32515E+04   0.49770E-05   0.15899E+00   0.15898E+00   0.96195E+00
   0.32515E+04   0.53367E-05   0.16400E+00   0.16398E+00   0.10180E+01
   0.32515E+04   0.57224E-05   0.16722E+00   0.16720E+00   0.10645E+01
   0.32515E+04   0.61359E-05   0.16965E+00   0.16964E+00   0.11082E+01
   0.32515E+04   0.65793E-05   0.17212E+00   0.17210E+00   0.11559E+01
   0.32515E+04   0.70548E-05   0.17462E+00   0.17460E+00   0.12079E+01
   0.32515E+04   0.75646E-05   0.17715E+00   0.17713E+00   0.12647E+01
   0.32515E+04   0.81113E-05   0.17971E+00   0.17969E+00   0.13269E+01
   0.32515E+04   0.86975E-05   0.18230E+00   0.18229E+00   0.13949E+01
   0.32515E+04   0.93260E-05   0.18487E+00   0.18485E+00   0.14656E+01
   0.32515E+04   0.10000E-04   0.18747E+00   0.18745E+00   0.15427E+01
   0.32515E+04   0.10723E-04   0.19009E+00   0.19008E+00   0.16268E+01
   0.32515E+04   0.11498E-04   0.19275E+00   0.19274E+00   0.17186E+01
   0.32515E+04   0.12328E-04   0.19544E+00   0.19542E+00   0.18189E+01
   0.32515E+04   0.13219E-04   0.19816E+00   0.19814E+00   0.19284E+01
   0.32515E+04   0.14175E-04   0.20093E+00   0.20091E+00   0.20466E+01
   0.32515E+04   0.15199E-04   0.20379E+00   0.20377E+00   0.21698E+01
   0.32515E+04   0.16298E-04   0.20668E+00   0.20666E+00   0.23038E+01
   0.32515E+04   0.17475E-04   0.20960E+00   0.20958E+00   0.24497E+01
   0.32515E+04   0.18738E-04   0.21255E+00   0.21254E+00   0.26085E+01
   0.32515E+04   0.20092E-04   0.21554E+00   0.21552E+00   0.27815E+01
   0.32515E+04   0.21544E-04   0.21855E+00   0.21854E+00   0.29699E+01
   0.32515E+04   0.23101E-04   0.22181E+00   0.22180E+00   0.31665E+01
   0.32515E+04   0.24771E-04   0.22533E+00   0.22532E+00   0.33702E+01
   0.32515E+04   0.26561E-04   0.22889E+00   0.22887E+00   0.35905E+01
   0.32515E+04   0.28480E-04   0.23248E+00   0.23247E+00   0.38289E+01
   0.32515E+04   0.30539E-04   0.23612E+00   0.23610E+00   0.40868E+01
   0.32515E+04   0.32745E-04   0.23979E+00   0.23978E+00   0.43659E+01
   0.32515E+04   0.35112E-04   0.24351E+00   0.24350E+00   0.46680E+01
   0.32515E+04   0.37649E-04   0.24766E+00   0.24764E+00   0.49644E+01
   0.32515E+04   0.40370E-04   0.25197E+00   0.25196E+00   0.52730E+01
   0.32515E+04   0.43288E-04   0.25634E+00   0.25632E+00   0.56044E+01
   0.32515E+04   0.46416E-04   0.26075E+00   0.26073E+00   0.59604E+01
   0.32515E+04   0.49770E-04   0.26521E+00   0.26520E+00   0.63430E+01
   0.32515E+04   0.53367E-04   0.26972E+00   0.26971E+00   0.67541E+01
   0.32515E+04   0.57224E-04   0.27434E+00   0.27433E+00   0.71912E+01
   0.32515E+04   0.61359E-04   0.27971E+00   0.27970E+00   0.76020E+01
   0.32515E+04   0.65793E-04   0.28514E+00   0.28513E+00   0.80417E+01
   0.32515E+04   0.70548E-04   0.29064E+00   0.29063E+00   0.85125E+01
   0.32515E+04   0.75646E-04   0.29620E+00   0.29618E+00   0.90167E+01
   0.32515E+04   0.81113E-04   0.30182E+00   0.30180E+00   0.95569E+01
   0.32515E+04   0.86975E-04   0.30750E+00   0.30749E+00   0.10136E+02
   0.32515E+04   0.93260E-04   0.31370E+00   0.31368E+00   0.10726E+02
   0.32515E+04   0.10000E-03   0.32085E+00   0.32084E+00   0.11299E+02
   0.32515E+04   0.10723E-03   0.32810E+00   0.32809E+00   0.11910E+02
   0.32515E+04   0.11498E-03   0.33545E+00   0.33543E+00   0.12563E+02
   0.32515E+04   0.12328E-03   0.34289E+00   0.34287E+00   0.13260E+02
   0.32515E+04   0.13219E-03   0.35042E+00   0.35041E+00   0.14004E+02
   0.32515E+04   0.14175E-03   0.35805E+00   0.35804E+00   0.14800E+02
   0.32515E+04   0.15199E-03   0.36646E+00   0.36644E+00   0.15553E+02
   0.32515E+04   0.16298E-03   0.37542E+00   0.37541E+00   0.16290E+02
   0.32515E+04   0.17475E-03   0.38451E+00   0.38450E+00   0.17072E+02
   0.32515E+04   0.18738E-03   0.39373E+00   0.39372E+00   0.17903E+02
   0.32515E+04   0.20092E-03   0.40307E+00   0.40306E+00   0.18785E+02
   0.32515E+04   0.21544E-03   0.41254E+00   0.41253E+00   0.19720E+02
   0.32515E+04   0.23101E-03   0.42214E+00   0.42213E+00   0.20714E+02
   0.32515E+04   0.24771E-03   0.43280E+00   0.43279E+00   0.21498E+02
   0.32515E+04   0.26561E-03   0.44375E+00   0.44374E+00   0.22284E+02
   0.32515E+04   0.28480E-03   0.45487E+00   0.45485E+00   0.23111E+02
   0.32515E+04   0.30539E-03   0.46614E+00   0.46612E+00   0.23982E+02
   0.32515E+04   0.32745E-03   0.47756E+00   0.47755E+00   0.24899E+02
   0.32515E+04   0.35112E-03   0.48914E+00   0.48913E+00   0.25865E+02
   0.32515E+04   0.37649E-03   0.50110E+00   0.50109E+00   0.26821E+02
   0.32515E+04   0.40370E-03   0.51454E+00   0.51453E+00   0.27469E+02
   0.32515E+04   0.43288E-03   0.52819E+00   0.52818E+00   0.28151E+02
   0.32515E+04   0.46416E-03   0.54205E+00   0.54203E+00   0.28868E+02
   0.32515E+04   0.49770E-03   0.55611E+00   0.55610E+00   0.29622E+02
   0.32515E+04   0.53367E-03   0.57038E+00   0.57036E+00   0.30414E+02
   0.32515E+04   0.57224E-03   0.58485E+00   0.58484E+00   0.31247E+02
   0.32515E+04   0.61359E-03   0.60066E+00   0.60065E+00   0.31920E+02
   0.32515E+04   0.65793E-03   0.61837E+00   0.61836E+00   0.32339E+02
   0.32515E+04   0.70548E-03   0.63641E+00   0.63640E+00   0.32789E+02
   0.32515E+04   0.75646E-03   0.65478E+00   0.65476E+00   0.33271E+02
   0.32515E+04   0.81113E-03   0.67347E+00   0.67346E+00   0.33786E+02
   0.32515E+04   0.86975E-03   0.69250E+00   0.69248E+00   0.34335E+02
   0.32515E+04   0.93260E-03   0.71185E+00   0.71183E+00   0.34920E+02
   0.32515E+04   0.10000E-02   0.73405E+00   0.73404E+00   0.35182E+02
   0.32909E+04   0.10000E-05   0.73332E-01   0.73313E-01   0.41067E+00
   0.32909E+04   0.10723E-05   0.76405E-01   0.76386E-01   0.42240E+00
   0.32909E+04   0.11498E-05   0.79600E-01   0.79581E-01   0.43472E+00
   0.32909E+04   0.12328E-05   0.82920E-01   0.82901E-01   0.44768E+00
   0.32909E+04   0.13219E-05   0.86370E-01   0.86352E-01   0.46133E+00
   0.32909E+04   0.14175E-05   0.89444E-01   0.89426E-01   0.47384E+00
   0.32909E+04   0.15199E-05   0.92569E-01   0.92551E-01   0.48686E+00
   0.32909E+04   0.16298E-05   0.95798E-01   0.95779E-01   0.50062E+00
   0.32909E+04   0.17475E-05   0.99133E-01   0.99115E-01   0.51521E+00
   0.32909E+04   0.18738E-05   0.10258E+00   0.10256E+00   0.53069E+00
   0.32909E+04   0.20092E-05   0.10614E+00   0.10612E+00   0.54715E+00
   0.32909E+04   0.21544E-05   0.10971E+00   0.10969E+00   0.56431E+00
   0.32909E+04   0.23101E-05   0.11283E+00   0.11282E+00   0.58070E+00
   0.32909E+04   0.24771E-05   0.11605E+00   0.11603E+00   0.59822E+00
   0.32909E+04   0.26561E-05   0.11935E+00   0.11933E+00   0.61701E+00
   0.32909E+04   0.28480E-05   0.12274E+00   0.12272E+00   0.63718E+00
   0.32909E+04   0.30539E-05   0.12622E+00   0.12621E+00   0.65891E+00
   0.32909E+04   0.32745E-05   0.12980E+00   0.12978E+00   0.68234E+00
   0.32909E+04   0.35112E-05   0.13402E+00   0.13401E+00   0.71137E+00
   0.32909E+04   0.37649E-05   0.13912E+00   0.13910E+00   0.74804E+00
   0.32909E+04   0.40370E-05   0.14440E+00   0.14438E+00   0.78831E+00
   0.32909E+04   0.43288E-05   0.14988E+00   0.14986E+00   0.83263E+00
   0.32909E+04   0.46416E-05   0.15555E+00   0.15554E+00   0.88157E+00
   0.32909E+04   0.49770E-05   0.16144E+00   0.16142E+00   0.93575E+00
   0.32909E+04   0.53367E-05   0.16754E+00   0.16753E+00   0.99591E+00
   0.32909E+04   0.57224E-05   0.17129E+00   0.17127E+00   0.10433E+01
   0.32909E+04   0.61359E-05   0.17400E+00   0.17398E+00   0.10865E+01
   0.32909E+04   0.65793E-05   0.17675E+00   0.17673E+00   0.11336E+01
   0.32909E+04   0.70548E-05   0.17953E+00   0.17951E+00   0.11850E+01
   0.32909E+04   0.75646E-05   0.18235E+00   0.18234E+00   0.12412E+01
   0.32909E+04   0.81113E-05   0.18522E+00   0.18520E+00   0.13026E+01
   0.32909E+04   0.86975E-05   0.18813E+00   0.18811E+00   0.13700E+01
   0.32909E+04   0.93260E-05   0.19095E+00   0.19093E+00   0.14397E+01
   0.32909E+04   0.10000E-04   0.19380E+00   0.19379E+00   0.15159E+01
   0.32909E+04   0.10723E-04   0.19670E+00   0.19668E+00   0.15990E+01
   0.32909E+04   0.11498E-04   0.19963E+00   0.19961E+00   0.16898E+01
   0.32909E+04   0.12328E-04   0.20259E+00   0.20258E+00   0.17891E+01
   0.32909E+04   0.13219E-04   0.20560E+00   0.20558E+00   0.18977E+01
   0.32909E+04   0.14175E-04   0.20865E+00   0.20863E+00   0.20149E+01
   0.32909E+04   0.15199E-04   0.21176E+00   0.21175E+00   0.21370E+01
   0.32909E+04   0.16298E-04   0.21491E+00   0.21490E+00   0.22699E+01
   0.32909E+04   0.17475E-04   0.21810E+00   0.21809E+00   0.24148E+01
   0.32909E+04   0.18738E-04   0.22133E+00   0.22131E+00   0.25727E+01
   0.32909E+04   0.20092E-04   0.22459E+00   0.22457E+00   0.27448E+01
   0.32909E+04   0.21544E-04   0.22789E+00   0.22788E+00   0.29325E+01
   0.32909E+04   0.23101E-04   0.23143E+00   0.23142E+00   0.31286E+01
   0.32909E+04   0.24771E-04   0.23523E+00   0.23522E+00   0.33320E+01
   0.32909E+04   0.26561E-04   0.23908E+00   0.23906E+00   0.35524E+01
   0.32909E+04   0.28480E-04   0.24296E+00   0.24295E+00   0.37910E+01
   0.32909E+04   0.30539E-04   0.24690E+00   0.24689E+00   0.40496E+01
   0.32909E+04   0.32745E-04   0.25088E+00   0.25087E+00   0.43296E+01
   0.32909E+04   0.35112E-04   0.25491E+00   0.25490E+00   0.46331E+01
   0.32909E+04   0.37649E-04   0.25937E+00   0.25935E+00   0.49321E+01
   0.32909E+04   0.40370E-04   0.26400E+00   0.26399E+00   0.52439E+01
   0.32909E+04   0.43288E-04   0.26869E+00   0.26868E+00   0.55792E+01
   0.32909E+04   0.46416E-04   0.27343E+00   0.27342E+00   0.59399E+01
   0.32909E+04   0.49770E-04   0.27823E+00   0.27822E+00   0.63279E+01
   0.32909E+04   0.53367E-04   0.28308E+00   0.28307E+00   0.67455E+01
   0.32909E+04   0.57224E-04   0.28805E+00   0.28804E+00   0.71902E+01
   0.32909E+04   0.61359E-04   0.29381E+00   0.29380E+00   0.76106E+01
   0.32909E+04   0.65793E-04   0.29964E+00   0.29962E+00   0.80611E+01
   0.32909E+04   0.70548E-04   0.30553E+00   0.30552E+00   0.85441E+01
   0.32909E+04   0.75646E-04   0.31150E+00   0.31149E+00   0.90619E+01
   0.32909E+04   0.81113E-04   0.31753E+00   0.31752E+00   0.96172E+01
   0.32909E+04   0.86975E-04   0.32364E+00   0.32363E+00   0.10213E+02
   0.32909E+04   0.93260E-04   0.33028E+00   0.33026E+00   0.10822E+02
   0.32909E+04   0.10000E-03   0.33791E+00   0.33789E+00   0.11413E+02
   0.32909E+04   0.10723E-03   0.34564E+00   0.34562E+00   0.12045E+02
   0.32909E+04   0.11498E-03   0.35347E+00   0.35346E+00   0.12720E+02
   0.32909E+04   0.12328E-03   0.36141E+00   0.36140E+00   0.13441E+02
   0.32909E+04   0.13219E-03   0.36945E+00   0.36944E+00   0.14212E+02
   0.32909E+04   0.14175E-03   0.37759E+00   0.37758E+00   0.15036E+02
   0.32909E+04   0.15199E-03   0.38654E+00   0.38653E+00   0.15817E+02
   0.32909E+04   0.16298E-03   0.39609E+00   0.39607E+00   0.16582E+02
   0.32909E+04   0.17475E-03   0.40576E+00   0.40575E+00   0.17393E+02
   0.32909E+04   0.18738E-03   0.41558E+00   0.41556E+00   0.18255E+02
   0.32909E+04   0.20092E-03   0.42552E+00   0.42551E+00   0.19170E+02
   0.32909E+04   0.21544E-03   0.43560E+00   0.43559E+00   0.20141E+02
   0.32909E+04   0.23101E-03   0.44582E+00   0.44581E+00   0.21172E+02
   0.32909E+04   0.24771E-03   0.45711E+00   0.45710E+00   0.21990E+02
   0.32909E+04   0.26561E-03   0.46871E+00   0.46870E+00   0.22809E+02
   0.32909E+04   0.28480E-03   0.48047E+00   0.48046E+00   0.23671E+02
   0.32909E+04   0.30539E-03   0.49240E+00   0.49238E+00   0.24579E+02
   0.32909E+04   0.32745E-03   0.50448E+00   0.50447E+00   0.25536E+02
   0.32909E+04   0.35112E-03   0.51674E+00   0.51672E+00   0.26543E+02
   0.32909E+04   0.37649E-03   0.52939E+00   0.52938E+00   0.27540E+02
   0.32909E+04   0.40370E-03   0.54363E+00   0.54362E+00   0.28217E+02
   0.32909E+04   0.43288E-03   0.55808E+00   0.55807E+00   0.28929E+02
   0.32909E+04   0.46416E-03   0.57276E+00   0.57274E+00   0.29677E+02
   0.32909E+04   0.49770E-03   0.58764E+00   0.58763E+00   0.30463E+02
   0.32909E+04   0.53367E-03   0.60275E+00   0.60274E+00   0.31289E+02
   0.32909E+04   0.57224E-03   0.61807E+00   0.61806E+00   0.32157E+02
   0.32909E+04   0.61359E-03   0.63481E+00   0.63479E+00   0.32861E+02
   0.32909E+04   0.65793E-03   0.65356E+00   0.65355E+00   0.33303E+02
   0.32909E+04   0.70548E-03   0.67265E+00   0.67264E+00   0.33777E+02
   0.32909E+04   0.75646E-03   0.69209E+00   0.69208E+00   0.34283E+02
   0.32909E+04   0.81113E-03   0.71187E+00   0.71186E+00   0.34824E+02
   0.32909E+04   0.86975E-03   0.73200E+00   0.73199E+00   0.35400E+02
   0.32909E+04   0.93260E-03   0.75247E+00   0.75245E+00   0.36014E+02
   0.32909E+04   0.10000E-02   0.77589E+00   0.77588E+00   0.36291E+02
   0.33303E+04   0.10000E-05   0.66432E-01   0.66412E-01   0.37586E+00
   0.33303E+04   0.10723E-05   0.69599E-01   0.69579E-01   0.38763E+00
   0.33303E+04   0.11498E-05   0.72907E-01   0.72888E-01   0.40002E+00
   0.33303E+04   0.12328E-05   0.76364E-01   0.76344E-01   0.41307E+00
   0.33303E+04   0.13219E-05   0.79974E-01   0.79954E-01   0.42683E+00
   0.33303E+04   0.14175E-05   0.83216E-01   0.83196E-01   0.43940E+00
   0.33303E+04   0.15199E-05   0.86527E-01   0.86508E-01   0.45247E+00
   0.33303E+04   0.16298E-05   0.89964E-01   0.89945E-01   0.46630E+00
   0.33303E+04   0.17475E-05   0.93531E-01   0.93511E-01   0.48094E+00
   0.33303E+04   0.18738E-05   0.97231E-01   0.97212E-01   0.49649E+00
   0.33303E+04   0.20092E-05   0.10107E+00   0.10105E+00   0.51302E+00
   0.33303E+04   0.21544E-05   0.10493E+00   0.10491E+00   0.53023E+00
   0.33303E+04   0.23101E-05   0.10833E+00   0.10831E+00   0.54655E+00
   0.33303E+04   0.24771E-05   0.11183E+00   0.11181E+00   0.56399E+00
   0.33303E+04   0.26561E-05   0.11544E+00   0.11542E+00   0.58268E+00
   0.33303E+04   0.28480E-05   0.11916E+00   0.11914E+00   0.60273E+00
   0.33303E+04   0.30539E-05   0.12299E+00   0.12297E+00   0.62431E+00
   0.33303E+04   0.32745E-05   0.12694E+00   0.12693E+00   0.64759E+00
   0.33303E+04   0.35112E-05   0.13170E+00   0.13168E+00   0.67710E+00
   0.33303E+04   0.37649E-05   0.13754E+00   0.13753E+00   0.71529E+00
   0.33303E+04   0.40370E-05   0.14364E+00   0.14362E+00   0.75735E+00
   0.33303E+04   0.43288E-05   0.15000E+00   0.14998E+00   0.80383E+00
   0.33303E+04   0.46416E-05   0.15663E+00   0.15662E+00   0.85536E+00
   0.33303E+04   0.49770E-05   0.16355E+00   0.16354E+00   0.91267E+00
   0.33303E+04   0.53367E-05   0.17077E+00   0.17075E+00   0.97661E+00
   0.33303E+04   0.57224E-05   0.17506E+00   0.17504E+00   0.10250E+01
   0.33303E+04   0.61359E-05   0.17805E+00   0.17803E+00   0.10676E+01
   0.33303E+04   0.65793E-05   0.18108E+00   0.18107E+00   0.11142E+01
   0.33303E+04   0.70548E-05   0.18416E+00   0.18415E+00   0.11650E+01
   0.33303E+04   0.75646E-05   0.18729E+00   0.18727E+00   0.12206E+01
   0.33303E+04   0.81113E-05   0.19047E+00   0.19045E+00   0.12813E+01
   0.33303E+04   0.86975E-05   0.19370E+00   0.19368E+00   0.13480E+01
   0.33303E+04   0.93260E-05   0.19678E+00   0.19676E+00   0.14170E+01
   0.33303E+04   0.10000E-04   0.19991E+00   0.19989E+00   0.14922E+01
   0.33303E+04   0.10723E-04   0.20308E+00   0.20306E+00   0.15745E+01
   0.33303E+04   0.11498E-04   0.20629E+00   0.20627E+00   0.16644E+01
   0.33303E+04   0.12328E-04   0.20954E+00   0.20953E+00   0.17628E+01
   0.33303E+04   0.13219E-04   0.21284E+00   0.21283E+00   0.18705E+01
   0.33303E+04   0.14175E-04   0.21619E+00   0.21617E+00   0.19867E+01
   0.33303E+04   0.15199E-04   0.21957E+00   0.21955E+00   0.21078E+01
   0.33303E+04   0.16298E-04   0.22299E+00   0.22298E+00   0.22398E+01
   0.33303E+04   0.17475E-04   0.22646E+00   0.22644E+00   0.23837E+01
   0.33303E+04   0.18738E-04   0.22997E+00   0.22995E+00   0.25407E+01
   0.33303E+04   0.20092E-04   0.23352E+00   0.23351E+00   0.27120E+01
   0.33303E+04   0.21544E-04   0.23712E+00   0.23710E+00   0.28990E+01
   0.33303E+04   0.23101E-04   0.24096E+00   0.24094E+00   0.30946E+01
   0.33303E+04   0.24771E-04   0.24505E+00   0.24503E+00   0.32979E+01
   0.33303E+04   0.26561E-04   0.24919E+00   0.24918E+00   0.35182E+01
   0.33303E+04   0.28480E-04   0.25339E+00   0.25337E+00   0.37572E+01
   0.33303E+04   0.30539E-04   0.25763E+00   0.25762E+00   0.40163E+01
   0.33303E+04   0.32745E-04   0.26193E+00   0.26192E+00   0.42974E+01
   0.33303E+04   0.35112E-04   0.26629E+00   0.26627E+00   0.46023E+01
   0.33303E+04   0.37649E-04   0.27107E+00   0.27106E+00   0.49037E+01
   0.33303E+04   0.40370E-04   0.27604E+00   0.27602E+00   0.52186E+01
   0.33303E+04   0.43288E-04   0.28106E+00   0.28105E+00   0.55578E+01
   0.33303E+04   0.46416E-04   0.28615E+00   0.28613E+00   0.59230E+01
   0.33303E+04   0.49770E-04   0.29129E+00   0.29128E+00   0.63163E+01
   0.33303E+04   0.53367E-04   0.29650E+00   0.29649E+00   0.67401E+01
   0.33303E+04   0.57224E-04   0.30183E+00   0.30182E+00   0.71922E+01
   0.33303E+04   0.61359E-04   0.30800E+00   0.30798E+00   0.76221E+01
   0.33303E+04   0.65793E-04   0.31423E+00   0.31422E+00   0.80832E+01
   0.33303E+04   0.70548E-04   0.32055E+00   0.32054E+00   0.85781E+01
   0.33303E+04   0.75646E-04   0.32694E+00   0.32693E+00   0.91092E+01
   0.33303E+04   0.81113E-04   0.33341E+00   0.33339E+00   0.96794E+01
   0.33303E+04   0.86975E-04   0.33995E+00   0.33993E+00   0.10292E+02
   0.33303E+04   0.93260E-04   0.34705E+00   0.34703E+00   0.10918E+02
   0.33303E+04   0.10000E-03   0.35517E+00   0.35515E+00   0.11528E+02
   0.33303E+04   0.10723E-03   0.36340E+00   0.36338E+00   0.12180E+02
   0.33303E+04   0.11498E-03   0.37174E+00   0.37172E+00   0.12877E+02
   0.33303E+04   0.12328E-03   0.38019E+00   0.38018E+00   0.13623E+02
   0.33303E+04   0.13219E-03   0.38875E+00   0.38874E+00   0.14420E+02
   0.33303E+04   0.14175E-03   0.39743E+00   0.39742E+00   0.15272E+02
   0.33303E+04   0.15199E-03   0.40695E+00   0.40694E+00   0.16081E+02
   0.33303E+04   0.16298E-03   0.41709E+00   0.41708E+00   0.16873E+02
   0.33303E+04   0.17475E-03   0.42738E+00   0.42737E+00   0.17713E+02
   0.33303E+04   0.18738E-03   0.43781E+00   0.43780E+00   0.18605E+02
   0.33303E+04   0.20092E-03   0.44838E+00   0.44837E+00   0.19553E+02
   0.33303E+04   0.21544E-03   0.45910E+00   0.45909E+00   0.20560E+02
   0.33303E+04   0.23101E-03   0.46996E+00   0.46994E+00   0.21628E+02
   0.33303E+04   0.24771E-03   0.48190E+00   0.48189E+00   0.22479E+02
   0.33303E+04   0.26561E-03   0.49416E+00   0.49415E+00   0.23332E+02
   0.33303E+04   0.28480E-03   0.50659E+00   0.50658E+00   0.24229E+02
   0.33303E+04   0.30539E-03   0.51920E+00   0.51918E+00   0.25175E+02
   0.33303E+04   0.32745E-03   0.53197E+00   0.53196E+00   0.26170E+02
   0.33303E+04   0.35112E-03   0.54491E+00   0.54490E+00   0.27218E+02
   0.33303E+04   0.37649E-03   0.55829E+00   0.55828E+00   0.28256E+02
   0.33303E+04   0.40370E-03   0.57335E+00   0.57334E+00   0.28962E+02
   0.33303E+04   0.43288E-03   0.58864E+00   0.58863E+00   0.29704E+02
   0.33303E+04   0.46416E-03   0.60416E+00   0.60415E+00   0.30484E+02
   0.33303E+04   0.49770E-03   0.61991E+00   0.61990E+00   0.31302E+02
   0.33303E+04   0.53367E-03   0.63589E+00   0.63587E+00   0.32162E+02
   0.33303E+04   0.57224E-03   0.65209E+00   0.65207E+00   0.33065E+02
   0.33303E+04   0.61359E-03   0.66979E+00   0.66977E+00   0.33799E+02
   0.33303E+04   0.65793E-03   0.68962E+00   0.68961E+00   0.34264E+02
   0.33303E+04   0.70548E-03   0.70981E+00   0.70980E+00   0.34762E+02
   0.33303E+04   0.75646E-03   0.73036E+00   0.73035E+00   0.35294E+02
   0.33303E+04   0.81113E-03   0.75127E+00   0.75126E+00   0.35860E+02
   0.33303E+04   0.86975E-03   0.77254E+00   0.77253E+00   0.36463E+02
   0.33303E+04   0.93260E-03   0.79417E+00   0.79416E+00   0.37105E+02
   0.33303E+04   0.10000E-02   0.81887E+00   0.81886E+00   0.37398E+02
   0.33697E+04   0.10000E-05   0.60018E-01   0.59997E-01   0.34558E+00
   0.33697E+04   0.10723E-05   0.63232E-01   0.63211E-01   0.35735E+00
   0.33697E+04   0.11498E-05   0.66608E-01   0.66587E-01   0.36975E+00
   0.33697E+04   0.12328E-05   0.70153E-01   0.70132E-01   0.38283E+00
   0.33697E+04   0.13219E-05   0.73874E-01   0.73853E-01   0.39664E+00
   0.33697E+04   0.14175E-05   0.77239E-01   0.77219E-01   0.40922E+00
   0.33697E+04   0.15199E-05   0.80694E-01   0.80673E-01   0.42231E+00
   0.33697E+04   0.16298E-05   0.84295E-01   0.84275E-01   0.43615E+00
   0.33697E+04   0.17475E-05   0.88050E-01   0.88029E-01   0.45082E+00
   0.33697E+04   0.18738E-05   0.91963E-01   0.91942E-01   0.46639E+00
   0.33697E+04   0.20092E-05   0.96041E-01   0.96021E-01   0.48296E+00
   0.33697E+04   0.21544E-05   0.10016E+00   0.10014E+00   0.50019E+00
   0.33697E+04   0.23101E-05   0.10379E+00   0.10377E+00   0.51644E+00
   0.33697E+04   0.24771E-05   0.10754E+00   0.10752E+00   0.53380E+00
   0.33697E+04   0.26561E-05   0.11143E+00   0.11141E+00   0.55238E+00
   0.33697E+04   0.28480E-05   0.11545E+00   0.11543E+00   0.57231E+00
   0.33697E+04   0.30539E-05   0.11961E+00   0.11959E+00   0.59376E+00
   0.33697E+04   0.32745E-05   0.12391E+00   0.12389E+00   0.61688E+00
   0.33697E+04   0.35112E-05   0.12916E+00   0.12914E+00   0.64679E+00
   0.33697E+04   0.37649E-05   0.13572E+00   0.13570E+00   0.68630E+00
   0.33697E+04   0.40370E-05   0.14260E+00   0.14258E+00   0.72997E+00
   0.33697E+04   0.43288E-05   0.14982E+00   0.14980E+00   0.77839E+00
   0.33697E+04   0.46416E-05   0.15739E+00   0.15738E+00   0.83229E+00
   0.33697E+04   0.49770E-05   0.16534E+00   0.16533E+00   0.89250E+00
   0.33697E+04   0.53367E-05   0.17369E+00   0.17367E+00   0.95999E+00
   0.33697E+04   0.57224E-05   0.17853E+00   0.17851E+00   0.10093E+01
   0.33697E+04   0.61359E-05   0.18180E+00   0.18178E+00   0.10515E+01
   0.33697E+04   0.65793E-05   0.18513E+00   0.18511E+00   0.10975E+01
   0.33697E+04   0.70548E-05   0.18852E+00   0.18850E+00   0.11478E+01
   0.33697E+04   0.75646E-05   0.19196E+00   0.19194E+00   0.12028E+01
   0.33697E+04   0.81113E-05   0.19545E+00   0.19543E+00   0.12630E+01
   0.33697E+04   0.86975E-05   0.19901E+00   0.19900E+00   0.13291E+01
   0.33697E+04   0.93260E-05   0.20237E+00   0.20235E+00   0.13972E+01
   0.33697E+04   0.10000E-04   0.20577E+00   0.20576E+00   0.14717E+01
   0.33697E+04   0.10723E-04   0.20923E+00   0.20921E+00   0.15531E+01
   0.33697E+04   0.11498E-04   0.21273E+00   0.21272E+00   0.16422E+01
   0.33697E+04   0.12328E-04   0.21629E+00   0.21627E+00   0.17397E+01
   0.33697E+04   0.13219E-04   0.21989E+00   0.21988E+00   0.18466E+01
   0.33697E+04   0.14175E-04   0.22354E+00   0.22352E+00   0.19620E+01
   0.33697E+04   0.15199E-04   0.22720E+00   0.22718E+00   0.20821E+01
   0.33697E+04   0.16298E-04   0.23090E+00   0.23089E+00   0.22131E+01
   0.33697E+04   0.17475E-04   0.23466E+00   0.23464E+00   0.23562E+01
   0.33697E+04   0.18738E-04   0.23846E+00   0.23845E+00   0.25123E+01
   0.33697E+04   0.20092E-04   0.24231E+00   0.24230E+00   0.26829E+01
   0.33697E+04   0.21544E-04   0.24622E+00   0.24620E+00   0.28693E+01
   0.33697E+04   0.23101E-04   0.25036E+00   0.25035E+00   0.30645E+01
   0.33697E+04   0.24771E-04   0.25476E+00   0.25475E+00   0.32676E+01
   0.33697E+04   0.26561E-04   0.25922E+00   0.25920E+00   0.34880E+01
   0.33697E+04   0.28480E-04   0.26373E+00   0.26371E+00   0.37272E+01
   0.33697E+04   0.30539E-04   0.26830E+00   0.26829E+00   0.39870E+01
   0.33697E+04   0.32745E-04   0.27293E+00   0.27292E+00   0.42690E+01
   0.33697E+04   0.35112E-04   0.27762E+00   0.27761E+00   0.45754E+01
   0.33697E+04   0.37649E-04   0.28274E+00   0.28273E+00   0.48791E+01
   0.33697E+04   0.40370E-04   0.28805E+00   0.28804E+00   0.51971E+01
   0.33697E+04   0.43288E-04   0.29343E+00   0.29341E+00   0.55399E+01
   0.33697E+04   0.46416E-04   0.29887E+00   0.29885E+00   0.59095E+01
   0.33697E+04   0.49770E-04   0.30438E+00   0.30436E+00   0.63080E+01
   0.33697E+04   0.53367E-04   0.30995E+00   0.30994E+00   0.67379E+01
   0.33697E+04   0.57224E-04   0.31566E+00   0.31565E+00   0.71971E+01
   0.33697E+04   0.61359E-04   0.32224E+00   0.32223E+00   0.76362E+01
   0.33697E+04   0.65793E-04   0.32891E+00   0.32889E+00   0.81078E+01
   0.33697E+04   0.70548E-04   0.33565E+00   0.33564E+00   0.86143E+01
   0.33697E+04   0.75646E-04   0.34249E+00   0.34247E+00   0.91585E+01
   0.33697E+04   0.81113E-04   0.34940E+00   0.34939E+00   0.97433E+01
   0.33697E+04   0.86975E-04   0.35640E+00   0.35639E+00   0.10372E+02
   0.33697E+04   0.93260E-04   0.36397E+00   0.36396E+00   0.11016E+02
   0.33697E+04   0.10000E-03   0.37260E+00   0.37259E+00   0.11644E+02
   0.33697E+04   0.10723E-03   0.38135E+00   0.38133E+00   0.12316E+02
   0.33697E+04   0.11498E-03   0.39022E+00   0.39020E+00   0.13035E+02
   0.33697E+04   0.12328E-03   0.39920E+00   0.39919E+00   0.13804E+02
   0.33697E+04   0.13219E-03   0.40831E+00   0.40829E+00   0.14627E+02
   0.33697E+04   0.14175E-03   0.41753E+00   0.41752E+00   0.15508E+02
   0.33697E+04   0.15199E-03   0.42765E+00   0.42763E+00   0.16345E+02
   0.33697E+04   0.16298E-03   0.43841E+00   0.43839E+00   0.17163E+02
   0.33697E+04   0.17475E-03   0.44932E+00   0.44931E+00   0.18032E+02
   0.33697E+04   0.18738E-03   0.46039E+00   0.46038E+00   0.18955E+02
   0.33697E+04   0.20092E-03   0.47161E+00   0.47160E+00   0.19935E+02
   0.33697E+04   0.21544E-03   0.48299E+00   0.48297E+00   0.20976E+02
   0.33697E+04   0.23101E-03   0.49452E+00   0.49450E+00   0.22082E+02
   0.33697E+04   0.24771E-03   0.50714E+00   0.50712E+00   0.22966E+02
   0.33697E+04   0.26561E-03   0.52008E+00   0.52006E+00   0.23852E+02
   0.33697E+04   0.28480E-03   0.53320E+00   0.53318E+00   0.24785E+02
   0.33697E+04   0.30539E-03   0.54650E+00   0.54649E+00   0.25767E+02
   0.33697E+04   0.32745E-03   0.55998E+00   0.55997E+00   0.26802E+02
   0.33697E+04   0.35112E-03   0.57364E+00   0.57363E+00   0.27891E+02
   0.33697E+04   0.37649E-03   0.58775E+00   0.58774E+00   0.28970E+02
   0.33697E+04   0.40370E-03   0.60367E+00   0.60366E+00   0.29705E+02
   0.33697E+04   0.43288E-03   0.61983E+00   0.61982E+00   0.30477E+02
   0.33697E+04   0.46416E-03   0.63623E+00   0.63622E+00   0.31287E+02
   0.33697E+04   0.49770E-03   0.65287E+00   0.65286E+00   0.32138E+02
   0.33697E+04   0.53367E-03   0.66974E+00   0.66973E+00   0.33031E+02
   0.33697E+04   0.57224E-03   0.68686E+00   0.68684E+00   0.33969E+02
   0.33697E+04   0.61359E-03   0.70555E+00   0.70554E+00   0.34734E+02
   0.33697E+04   0.65793E-03   0.72651E+00   0.72649E+00   0.35222E+02
   0.33697E+04   0.70548E-03   0.74784E+00   0.74783E+00   0.35744E+02
   0.33697E+04   0.75646E-03   0.76955E+00   0.76953E+00   0.36300E+02
   0.33697E+04   0.81113E-03   0.79163E+00   0.79162E+00   0.36893E+02
   0.33697E+04   0.86975E-03   0.81409E+00   0.81407E+00   0.37523E+02
   0.33697E+04   0.93260E-03   0.83692E+00   0.83690E+00   0.38193E+02
   0.33697E+04   0.10000E-02   0.86293E+00   0.86292E+00   0.38502E+02
   0.34091E+04   0.10000E-05   0.54097E-01   0.54074E-01   0.31908E+00
   0.34091E+04   0.10723E-05   0.57317E-01   0.57295E-01   0.33081E+00
   0.34091E+04   0.11498E-05   0.60718E-01   0.60696E-01   0.34319E+00
   0.34091E+04   0.12328E-05   0.64307E-01   0.64285E-01   0.35626E+00
   0.34091E+04   0.13219E-05   0.68095E-01   0.68073E-01   0.37009E+00
   0.34091E+04   0.14175E-05   0.71544E-01   0.71523E-01   0.38266E+00
   0.34091E+04   0.15199E-05   0.75102E-01   0.75080E-01   0.39573E+00
   0.34091E+04   0.16298E-05   0.78827E-01   0.78805E-01   0.40957E+00
   0.34091E+04   0.17475E-05   0.82728E-01   0.82706E-01   0.42424E+00
   0.34091E+04   0.18738E-05   0.86812E-01   0.86791E-01   0.43983E+00
   0.34091E+04   0.20092E-05   0.91088E-01   0.91066E-01   0.45641E+00
   0.34091E+04   0.21544E-05   0.95423E-01   0.95402E-01   0.47365E+00
   0.34091E+04   0.23101E-05   0.99255E-01   0.99234E-01   0.48983E+00
   0.34091E+04   0.24771E-05   0.10323E+00   0.10321E+00   0.50711E+00
   0.34091E+04   0.26561E-05   0.10736E+00   0.10734E+00   0.52559E+00
   0.34091E+04   0.28480E-05   0.11165E+00   0.11163E+00   0.54542E+00
   0.34091E+04   0.30539E-05   0.11611E+00   0.11609E+00   0.56675E+00
   0.34091E+04   0.32745E-05   0.12073E+00   0.12071E+00   0.58973E+00
   0.34091E+04   0.35112E-05   0.12644E+00   0.12642E+00   0.62001E+00
   0.34091E+04   0.37649E-05   0.13367E+00   0.13365E+00   0.66069E+00
   0.34091E+04   0.40370E-05   0.14130E+00   0.14128E+00   0.70580E+00
   0.34091E+04   0.43288E-05   0.14935E+00   0.14933E+00   0.75601E+00
   0.34091E+04   0.46416E-05   0.15785E+00   0.15783E+00   0.81211E+00
   0.34091E+04   0.49770E-05   0.16683E+00   0.16681E+00   0.87504E+00
   0.34091E+04   0.53367E-05   0.17630E+00   0.17628E+00   0.94591E+00
   0.34091E+04   0.57224E-05   0.18170E+00   0.18168E+00   0.99607E+00
   0.34091E+04   0.61359E-05   0.18527E+00   0.18525E+00   0.10378E+01
   0.34091E+04   0.65793E-05   0.18890E+00   0.18888E+00   0.10834E+01
   0.34091E+04   0.70548E-05   0.19259E+00   0.19257E+00   0.11333E+01
   0.34091E+04   0.75646E-05   0.19635E+00   0.19633E+00   0.11878E+01
   0.34091E+04   0.81113E-05   0.20017E+00   0.20015E+00   0.12474E+01
   0.34091E+04   0.86975E-05   0.20408E+00   0.20406E+00   0.13130E+01
   0.34091E+04   0.93260E-05   0.20771E+00   0.20769E+00   0.13804E+01
   0.34091E+04   0.10000E-04   0.21140E+00   0.21138E+00   0.14541E+01
   0.34091E+04   0.10723E-04   0.21514E+00   0.21513E+00   0.15348E+01
   0.34091E+04   0.11498E-04   0.21895E+00   0.21893E+00   0.16231E+01
   0.34091E+04   0.12328E-04   0.22281E+00   0.22280E+00   0.17199E+01
   0.34091E+04   0.13219E-04   0.22674E+00   0.22672E+00   0.18259E+01
   0.34091E+04   0.14175E-04   0.23070E+00   0.23068E+00   0.19406E+01
   0.34091E+04   0.15199E-04   0.23464E+00   0.23462E+00   0.20598E+01
   0.34091E+04   0.16298E-04   0.23863E+00   0.23862E+00   0.21900E+01
   0.34091E+04   0.17475E-04   0.24269E+00   0.24267E+00   0.23322E+01
   0.34091E+04   0.18738E-04   0.24679E+00   0.24678E+00   0.24876E+01
   0.34091E+04   0.20092E-04   0.25096E+00   0.25094E+00   0.26575E+01
   0.34091E+04   0.21544E-04   0.25518E+00   0.25517E+00   0.28433E+01
   0.34091E+04   0.23101E-04   0.25965E+00   0.25963E+00   0.30381E+01
   0.34091E+04   0.24771E-04   0.26436E+00   0.26434E+00   0.32410E+01
   0.34091E+04   0.26561E-04   0.26913E+00   0.26912E+00   0.34615E+01
   0.34091E+04   0.28480E-04   0.27398E+00   0.27396E+00   0.37010E+01
   0.34091E+04   0.30539E-04   0.27888E+00   0.27887E+00   0.39614E+01
   0.34091E+04   0.32745E-04   0.28386E+00   0.28384E+00   0.42444E+01
   0.34091E+04   0.35112E-04   0.28890E+00   0.28888E+00   0.45522E+01
   0.34091E+04   0.37649E-04   0.29437E+00   0.29435E+00   0.48581E+01
   0.34091E+04   0.40370E-04   0.30003E+00   0.30001E+00   0.51791E+01
   0.34091E+04   0.43288E-04   0.30576E+00   0.30575E+00   0.55254E+01
   0.34091E+04   0.46416E-04   0.31157E+00   0.31156E+00   0.58993E+01
   0.34091E+04   0.49770E-04   0.31745E+00   0.31744E+00   0.63029E+01
   0.34091E+04   0.53367E-04   0.32341E+00   0.32340E+00   0.67387E+01
   0.34091E+04   0.57224E-04   0.32951E+00   0.32950E+00   0.72050E+01
   0.34091E+04   0.61359E-04   0.33653E+00   0.33651E+00   0.76531E+01
   0.34091E+04   0.65793E-04   0.34363E+00   0.34362E+00   0.81347E+01
   0.34091E+04   0.70548E-04   0.35083E+00   0.35081E+00   0.86526E+01
   0.34091E+04   0.75646E-04   0.35811E+00   0.35810E+00   0.92096E+01
   0.34091E+04   0.81113E-04   0.36549E+00   0.36548E+00   0.98088E+01
   0.34091E+04   0.86975E-04   0.37297E+00   0.37295E+00   0.10454E+02
   0.34091E+04   0.93260E-04   0.38103E+00   0.38102E+00   0.11115E+02
   0.34091E+04   0.10000E-03   0.39018E+00   0.39017E+00   0.11762E+02
   0.34091E+04   0.10723E-03   0.39946E+00   0.39945E+00   0.12453E+02
   0.34091E+04   0.11498E-03   0.40887E+00   0.40886E+00   0.13193E+02
   0.34091E+04   0.12328E-03   0.41841E+00   0.41840E+00   0.13986E+02
   0.34091E+04   0.13219E-03   0.42808E+00   0.42806E+00   0.14835E+02
   0.34091E+04   0.14175E-03   0.43787E+00   0.43786E+00   0.15744E+02
   0.34091E+04   0.15199E-03   0.44860E+00   0.44858E+00   0.16607E+02
   0.34091E+04   0.16298E-03   0.45999E+00   0.45998E+00   0.17452E+02
   0.34091E+04   0.17475E-03   0.47156E+00   0.47155E+00   0.18349E+02
   0.34091E+04   0.18738E-03   0.48329E+00   0.48328E+00   0.19302E+02
   0.34091E+04   0.20092E-03   0.49518E+00   0.49517E+00   0.20315E+02
   0.34091E+04   0.21544E-03   0.50724E+00   0.50722E+00   0.21391E+02
   0.34091E+04   0.23101E-03   0.51946E+00   0.51944E+00   0.22534E+02
   0.34091E+04   0.24771E-03   0.53277E+00   0.53276E+00   0.23450E+02
   0.34091E+04   0.26561E-03   0.54641E+00   0.54640E+00   0.24369E+02
   0.34091E+04   0.28480E-03   0.56024E+00   0.56023E+00   0.25338E+02
   0.34091E+04   0.30539E-03   0.57426E+00   0.57425E+00   0.26357E+02
   0.34091E+04   0.32745E-03   0.58847E+00   0.58846E+00   0.27430E+02
   0.34091E+04   0.35112E-03   0.60287E+00   0.60285E+00   0.28560E+02
   0.34091E+04   0.37649E-03   0.61774E+00   0.61773E+00   0.29680E+02
   0.34091E+04   0.40370E-03   0.63454E+00   0.63453E+00   0.30444E+02
   0.34091E+04   0.43288E-03   0.65160E+00   0.65159E+00   0.31245E+02
   0.34091E+04   0.46416E-03   0.66891E+00   0.66890E+00   0.32086E+02
   0.34091E+04   0.49770E-03   0.68647E+00   0.68646E+00   0.32969E+02
   0.34091E+04   0.53367E-03   0.70428E+00   0.70427E+00   0.33896E+02
   0.34091E+04   0.57224E-03   0.72233E+00   0.72232E+00   0.34869E+02
   0.34091E+04   0.61359E-03   0.74206E+00   0.74205E+00   0.35664E+02
   0.34091E+04   0.65793E-03   0.76418E+00   0.76417E+00   0.36176E+02
   0.34091E+04   0.70548E-03   0.78669E+00   0.78668E+00   0.36721E+02
   0.34091E+04   0.75646E-03   0.80959E+00   0.80958E+00   0.37302E+02
   0.34091E+04   0.81113E-03   0.83289E+00   0.83287E+00   0.37921E+02
   0.34091E+04   0.86975E-03   0.85657E+00   0.85656E+00   0.38579E+02
   0.34091E+04   0.93260E-03   0.88065E+00   0.88064E+00   0.39278E+02
   0.34091E+04   0.10000E-02   0.90802E+00   0.90801E+00   0.39601E+02
   0.34485E+04   0.10000E-05   0.48722E-01   0.48699E-01   0.29660E+00
   0.34485E+04   0.10723E-05   0.51834E-01   0.51811E-01   0.30802E+00
   0.34485E+04   0.11498E-05   0.55133E-01   0.55110E-01   0.32008E+00
   0.34485E+04   0.12328E-05   0.58627E-01   0.58604E-01   0.33283E+00
   0.34485E+04   0.13219E-05   0.62327E-01   0.62304E-01   0.34632E+00
   0.34485E+04   0.14175E-05   0.65739E-01   0.65716E-01   0.35864E+00
   0.34485E+04   0.15199E-05   0.69274E-01   0.69251E-01   0.37147E+00
   0.34485E+04   0.16298E-05   0.72990E-01   0.72967E-01   0.38505E+00
   0.34485E+04   0.17475E-05   0.76894E-01   0.76871E-01   0.39944E+00
   0.34485E+04   0.18738E-05   0.80996E-01   0.80974E-01   0.41473E+00
   0.34485E+04   0.20092E-05   0.85305E-01   0.85283E-01   0.43100E+00
   0.34485E+04   0.21544E-05   0.89696E-01   0.89674E-01   0.44791E+00
   0.34485E+04   0.23101E-05   0.93624E-01   0.93602E-01   0.46382E+00
   0.34485E+04   0.24771E-05   0.97716E-01   0.97694E-01   0.48079E+00
   0.34485E+04   0.26561E-05   0.10198E+00   0.10196E+00   0.49894E+00
   0.34485E+04   0.28480E-05   0.10642E+00   0.10640E+00   0.51839E+00
   0.34485E+04   0.30539E-05   0.11104E+00   0.11102E+00   0.53929E+00
   0.34485E+04   0.32745E-05   0.11586E+00   0.11584E+00   0.56179E+00
   0.34485E+04   0.35112E-05   0.12177E+00   0.12175E+00   0.59131E+00
   0.34485E+04   0.37649E-05   0.12919E+00   0.12917E+00   0.63085E+00
   0.34485E+04   0.40370E-05   0.13706E+00   0.13704E+00   0.67467E+00
   0.34485E+04   0.43288E-05   0.14539E+00   0.14537E+00   0.72343E+00
   0.34485E+04   0.46416E-05   0.15422E+00   0.15420E+00   0.77791E+00
   0.34485E+04   0.49770E-05   0.16357E+00   0.16355E+00   0.83902E+00
   0.34485E+04   0.53367E-05   0.17348E+00   0.17346E+00   0.90784E+00
   0.34485E+04   0.57224E-05   0.17928E+00   0.17926E+00   0.95656E+00
   0.34485E+04   0.61359E-05   0.18322E+00   0.18320E+00   0.99713E+00
   0.34485E+04   0.65793E-05   0.18724E+00   0.18722E+00   0.10414E+01
   0.34485E+04   0.70548E-05   0.19135E+00   0.19133E+00   0.10898E+01
   0.34485E+04   0.75646E-05   0.19553E+00   0.19551E+00   0.11427E+01
   0.34485E+04   0.81113E-05   0.19980E+00   0.19978E+00   0.12008E+01
   0.34485E+04   0.86975E-05   0.20417E+00   0.20415E+00   0.12645E+01
   0.34485E+04   0.93260E-05   0.20820E+00   0.20818E+00   0.13300E+01
   0.34485E+04   0.10000E-04   0.21230E+00   0.21228E+00   0.14016E+01
   0.34485E+04   0.10723E-04   0.21646E+00   0.21645E+00   0.14800E+01
   0.34485E+04   0.11498E-04   0.22070E+00   0.22069E+00   0.15659E+01
   0.34485E+04   0.12328E-04   0.22502E+00   0.22500E+00   0.16602E+01
   0.34485E+04   0.13219E-04   0.22941E+00   0.22939E+00   0.17637E+01
   0.34485E+04   0.14175E-04   0.23390E+00   0.23388E+00   0.18765E+01
   0.34485E+04   0.15199E-04   0.23857E+00   0.23855E+00   0.19967E+01
   0.34485E+04   0.16298E-04   0.24331E+00   0.24329E+00   0.21283E+01
   0.34485E+04   0.17475E-04   0.24813E+00   0.24812E+00   0.22726E+01
   0.34485E+04   0.18738E-04   0.25304E+00   0.25302E+00   0.24309E+01
   0.34485E+04   0.20092E-04   0.25803E+00   0.25801E+00   0.26046E+01
   0.34485E+04   0.21544E-04   0.26310E+00   0.26308E+00   0.27952E+01
   0.34485E+04   0.23101E-04   0.26819E+00   0.26817E+00   0.29921E+01
   0.34485E+04   0.24771E-04   0.27328E+00   0.27327E+00   0.31933E+01
   0.34485E+04   0.26561E-04   0.27845E+00   0.27844E+00   0.34122E+01
   0.34485E+04   0.28480E-04   0.28370E+00   0.28368E+00   0.36504E+01
   0.34485E+04   0.30539E-04   0.28902E+00   0.28900E+00   0.39096E+01
   0.34485E+04   0.32745E-04   0.29441E+00   0.29440E+00   0.41917E+01
   0.34485E+04   0.35112E-04   0.29989E+00   0.29987E+00   0.44988E+01
   0.34485E+04   0.37649E-04   0.30578E+00   0.30577E+00   0.48050E+01
   0.34485E+04   0.40370E-04   0.31187E+00   0.31185E+00   0.51267E+01
   0.34485E+04   0.43288E-04   0.31804E+00   0.31803E+00   0.54743E+01
   0.34485E+04   0.46416E-04   0.32430E+00   0.32428E+00   0.58501E+01
   0.34485E+04   0.49770E-04   0.33063E+00   0.33062E+00   0.62563E+01
   0.34485E+04   0.53367E-04   0.33706E+00   0.33704E+00   0.66955E+01
   0.34485E+04   0.57224E-04   0.34364E+00   0.34363E+00   0.71661E+01
   0.34485E+04   0.61359E-04   0.35117E+00   0.35115E+00   0.76200E+01
   0.34485E+04   0.65793E-04   0.35880E+00   0.35879E+00   0.81086E+01
   0.34485E+04   0.70548E-04   0.36653E+00   0.36652E+00   0.86344E+01
   0.34485E+04   0.75646E-04   0.37437E+00   0.37436E+00   0.92007E+01
   0.34485E+04   0.81113E-04   0.38231E+00   0.38230E+00   0.98105E+01
   0.34485E+04   0.86975E-04   0.39036E+00   0.39034E+00   0.10467E+02
   0.34485E+04   0.93260E-04   0.39902E+00   0.39900E+00   0.11143E+02
   0.34485E+04   0.10000E-03   0.40879E+00   0.40878E+00   0.11803E+02
   0.34485E+04   0.10723E-03   0.41870E+00   0.41869E+00   0.12511E+02
   0.34485E+04   0.11498E-03   0.42876E+00   0.42875E+00   0.13269E+02
   0.34485E+04   0.12328E-03   0.43896E+00   0.43895E+00   0.14081E+02
   0.34485E+04   0.13219E-03   0.44930E+00   0.44928E+00   0.14951E+02
   0.34485E+04   0.14175E-03   0.45978E+00   0.45977E+00   0.15885E+02
   0.34485E+04   0.15199E-03   0.47123E+00   0.47121E+00   0.16772E+02
   0.34485E+04   0.16298E-03   0.48338E+00   0.48337E+00   0.17641E+02
   0.34485E+04   0.17475E-03   0.49572E+00   0.49570E+00   0.18565E+02
   0.34485E+04   0.18738E-03   0.50823E+00   0.50822E+00   0.19546E+02
   0.34485E+04   0.20092E-03   0.52092E+00   0.52091E+00   0.20590E+02
   0.34485E+04   0.21544E-03   0.53379E+00   0.53378E+00   0.21699E+02
   0.34485E+04   0.23101E-03   0.54684E+00   0.54682E+00   0.22879E+02
   0.34485E+04   0.24771E-03   0.56096E+00   0.56095E+00   0.23827E+02
   0.34485E+04   0.26561E-03   0.57543E+00   0.57541E+00   0.24779E+02
   0.34485E+04   0.28480E-03   0.59009E+00   0.59008E+00   0.25781E+02
   0.34485E+04   0.30539E-03   0.60495E+00   0.60494E+00   0.26837E+02
   0.34485E+04   0.32745E-03   0.62002E+00   0.62000E+00   0.27949E+02
   0.34485E+04   0.35112E-03   0.63528E+00   0.63526E+00   0.29120E+02
   0.34485E+04   0.37649E-03   0.65105E+00   0.65104E+00   0.30281E+02
   0.34485E+04   0.40370E-03   0.66889E+00   0.66887E+00   0.31074E+02
   0.34485E+04   0.43288E-03   0.68699E+00   0.68698E+00   0.31906E+02
   0.34485E+04   0.46416E-03   0.70537E+00   0.70535E+00   0.32780E+02
   0.34485E+04   0.49770E-03   0.72401E+00   0.72399E+00   0.33697E+02
   0.34485E+04   0.53367E-03   0.74291E+00   0.74290E+00   0.34659E+02
   0.34485E+04   0.57224E-03   0.76208E+00   0.76207E+00   0.35669E+02
   0.34485E+04   0.61359E-03   0.78302E+00   0.78301E+00   0.36496E+02
   0.34485E+04   0.65793E-03   0.80648E+00   0.80646E+00   0.37032E+02
   0.34485E+04   0.70548E-03   0.83035E+00   0.83034E+00   0.37603E+02
   0.34485E+04   0.75646E-03   0.85464E+00   0.85462E+00   0.38212E+02
   0.34485E+04   0.81113E-03   0.87934E+00   0.87933E+00   0.38858E+02
   0.34485E+04   0.86975E-03   0.90446E+00   0.90445E+00   0.39545E+02
   0.34485E+04   0.93260E-03   0.92999E+00   0.92997E+00   0.40274E+02
   0.34485E+04   0.10000E-02   0.95894E+00   0.95892E+00   0.40615E+02
   0.34879E+04   0.10000E-05   0.43707E-01   0.43684E-01   0.27824E+00
   0.34879E+04   0.10723E-05   0.46593E-01   0.46570E-01   0.28908E+00
   0.34879E+04   0.11498E-05   0.49654E-01   0.49631E-01   0.30052E+00
   0.34879E+04   0.12328E-05   0.52901E-01   0.52877E-01   0.31260E+00
   0.34879E+04   0.13219E-05   0.56342E-01   0.56318E-01   0.32538E+00
   0.34879E+04   0.14175E-05   0.59583E-01   0.59560E-01   0.33721E+00
   0.34879E+04   0.15199E-05   0.62957E-01   0.62934E-01   0.34954E+00
   0.34879E+04   0.16298E-05   0.66509E-01   0.66486E-01   0.36257E+00
   0.34879E+04   0.17475E-05   0.70250E-01   0.70227E-01   0.37638E+00
   0.34879E+04   0.18738E-05   0.74188E-01   0.74165E-01   0.39103E+00
   0.34879E+04   0.20092E-05   0.78332E-01   0.78309E-01   0.40660E+00
   0.34879E+04   0.21544E-05   0.82580E-01   0.82557E-01   0.42280E+00
   0.34879E+04   0.23101E-05   0.86473E-01   0.86450E-01   0.43821E+00
   0.34879E+04   0.24771E-05   0.90539E-01   0.90516E-01   0.45461E+00
   0.34879E+04   0.26561E-05   0.94787E-01   0.94764E-01   0.47213E+00
   0.34879E+04   0.28480E-05   0.99223E-01   0.99200E-01   0.49088E+00
   0.34879E+04   0.30539E-05   0.10386E+00   0.10383E+00   0.51098E+00
   0.34879E+04   0.32745E-05   0.10869E+00   0.10867E+00   0.53260E+00
   0.34879E+04   0.35112E-05   0.11445E+00   0.11442E+00   0.56003E+00
   0.34879E+04   0.37649E-05   0.12146E+00   0.12143E+00   0.59566E+00
   0.34879E+04   0.40370E-05   0.12888E+00   0.12886E+00   0.63495E+00
   0.34879E+04   0.43288E-05   0.13675E+00   0.13672E+00   0.67842E+00
   0.34879E+04   0.46416E-05   0.14508E+00   0.14506E+00   0.72671E+00
   0.34879E+04   0.49770E-05   0.15390E+00   0.15388E+00   0.78056E+00
   0.34879E+04   0.53367E-05   0.16325E+00   0.16323E+00   0.84085E+00
   0.34879E+04   0.57224E-05   0.16918E+00   0.16916E+00   0.88529E+00
   0.34879E+04   0.61359E-05   0.17358E+00   0.17356E+00   0.92365E+00
   0.34879E+04   0.65793E-05   0.17809E+00   0.17807E+00   0.96550E+00
   0.34879E+04   0.70548E-05   0.18270E+00   0.18268E+00   0.10112E+01
   0.34879E+04   0.75646E-05   0.18743E+00   0.18741E+00   0.10613E+01
   0.34879E+04   0.81113E-05   0.19227E+00   0.19225E+00   0.11161E+01
   0.34879E+04   0.86975E-05   0.19724E+00   0.19722E+00   0.11765E+01
   0.34879E+04   0.93260E-05   0.20179E+00   0.20177E+00   0.12383E+01
   0.34879E+04   0.10000E-04   0.20644E+00   0.20642E+00   0.13060E+01
   0.34879E+04   0.10723E-04   0.21118E+00   0.21116E+00   0.13802E+01
   0.34879E+04   0.11498E-04   0.21602E+00   0.21600E+00   0.14617E+01
   0.34879E+04   0.12328E-04   0.22096E+00   0.22094E+00   0.15513E+01
   0.34879E+04   0.13219E-04   0.22600E+00   0.22599E+00   0.16499E+01
   0.34879E+04   0.14175E-04   0.23132E+00   0.23130E+00   0.17591E+01
   0.34879E+04   0.15199E-04   0.23731E+00   0.23729E+00   0.18820E+01
   0.34879E+04   0.16298E-04   0.24343E+00   0.24342E+00   0.20176E+01
   0.34879E+04   0.17475E-04   0.24970E+00   0.24969E+00   0.21672E+01
   0.34879E+04   0.18738E-04   0.25612E+00   0.25610E+00   0.23325E+01
   0.34879E+04   0.20092E-04   0.26268E+00   0.26266E+00   0.25152E+01
   0.34879E+04   0.21544E-04   0.26940E+00   0.26938E+00   0.27173E+01
   0.34879E+04   0.23101E-04   0.27557E+00   0.27556E+00   0.29193E+01
   0.34879E+04   0.24771E-04   0.28115E+00   0.28113E+00   0.31168E+01
   0.34879E+04   0.26561E-04   0.28681E+00   0.28679E+00   0.33318E+01
   0.34879E+04   0.28480E-04   0.29256E+00   0.29255E+00   0.35662E+01
   0.34879E+04   0.30539E-04   0.29841E+00   0.29839E+00   0.38216E+01
   0.34879E+04   0.32745E-04   0.30434E+00   0.30432E+00   0.40999E+01
   0.34879E+04   0.35112E-04   0.31037E+00   0.31035E+00   0.44035E+01
   0.34879E+04   0.37649E-04   0.31679E+00   0.31678E+00   0.47069E+01
   0.34879E+04   0.40370E-04   0.32342E+00   0.32340E+00   0.50263E+01
   0.34879E+04   0.43288E-04   0.33014E+00   0.33012E+00   0.53720E+01
   0.34879E+04   0.46416E-04   0.33696E+00   0.33694E+00   0.57463E+01
   0.34879E+04   0.49770E-04   0.34387E+00   0.34386E+00   0.61515E+01
   0.34879E+04   0.53367E-04   0.35089E+00   0.35088E+00   0.65903E+01
   0.34879E+04   0.57224E-04   0.35808E+00   0.35807E+00   0.70612E+01
   0.34879E+04   0.61359E-04   0.36625E+00   0.36623E+00   0.75165E+01
   0.34879E+04   0.65793E-04   0.37453E+00   0.37452E+00   0.80072E+01
   0.34879E+04   0.70548E-04   0.38294E+00   0.38293E+00   0.85361E+01
   0.34879E+04   0.75646E-04   0.39147E+00   0.39145E+00   0.91063E+01
   0.34879E+04   0.81113E-04   0.40011E+00   0.40010E+00   0.97213E+01
   0.34879E+04   0.86975E-04   0.40888E+00   0.40886E+00   0.10385E+02
   0.34879E+04   0.93260E-04   0.41828E+00   0.41827E+00   0.11068E+02
   0.34879E+04   0.10000E-03   0.42882E+00   0.42880E+00   0.11737E+02
   0.34879E+04   0.10723E-03   0.43952E+00   0.43950E+00   0.12455E+02
   0.34879E+04   0.11498E-03   0.45038E+00   0.45037E+00   0.13225E+02
   0.34879E+04   0.12328E-03   0.46140E+00   0.46139E+00   0.14051E+02
   0.34879E+04   0.13219E-03   0.47258E+00   0.47257E+00   0.14937E+02
   0.34879E+04   0.14175E-03   0.48392E+00   0.48391E+00   0.15888E+02
   0.34879E+04   0.15199E-03   0.49627E+00   0.49626E+00   0.16795E+02
   0.34879E+04   0.16298E-03   0.50935E+00   0.50934E+00   0.17686E+02
   0.34879E+04   0.17475E-03   0.52264E+00   0.52263E+00   0.18633E+02
   0.34879E+04   0.18738E-03   0.53613E+00   0.53611E+00   0.19641E+02
   0.34879E+04   0.20092E-03   0.54981E+00   0.54980E+00   0.20714E+02
   0.34879E+04   0.21544E-03   0.56369E+00   0.56368E+00   0.21855E+02
   0.34879E+04   0.23101E-03   0.57777E+00   0.57776E+00   0.23069E+02
   0.34879E+04   0.24771E-03   0.59289E+00   0.59287E+00   0.24047E+02
   0.34879E+04   0.26561E-03   0.60834E+00   0.60833E+00   0.25031E+02
   0.34879E+04   0.28480E-03   0.62402E+00   0.62401E+00   0.26066E+02
   0.34879E+04   0.30539E-03   0.63992E+00   0.63990E+00   0.27158E+02
   0.34879E+04   0.32745E-03   0.65603E+00   0.65601E+00   0.28308E+02
   0.34879E+04   0.35112E-03   0.67235E+00   0.67234E+00   0.29519E+02
   0.34879E+04   0.37649E-03   0.68923E+00   0.68921E+00   0.30721E+02
   0.34879E+04   0.40370E-03   0.70832E+00   0.70830E+00   0.31546E+02
   0.34879E+04   0.43288E-03   0.72769E+00   0.72768E+00   0.32411E+02
   0.34879E+04   0.46416E-03   0.74737E+00   0.74735E+00   0.33319E+02
   0.34879E+04   0.49770E-03   0.76732E+00   0.76731E+00   0.34272E+02
   0.34879E+04   0.53367E-03   0.78757E+00   0.78756E+00   0.35272E+02
   0.34879E+04   0.57224E-03   0.80810E+00   0.80809E+00   0.36322E+02
   0.34879E+04   0.61359E-03   0.83050E+00   0.83049E+00   0.37184E+02
   0.34879E+04   0.65793E-03   0.85557E+00   0.85556E+00   0.37748E+02
   0.34879E+04   0.70548E-03   0.88108E+00   0.88107E+00   0.38347E+02
   0.34879E+04   0.75646E-03   0.90704E+00   0.90702E+00   0.38985E+02
   0.34879E+04   0.81113E-03   0.93344E+00   0.93343E+00   0.39662E+02
   0.34879E+04   0.86975E-03   0.96028E+00   0.96027E+00   0.40380E+02
   0.34879E+04   0.93260E-03   0.98756E+00   0.98755E+00   0.41143E+02
   0.34879E+04   0.10000E-02   0.10184E+01   0.10184E+01   0.41503E+02
   0.35273E+04   0.10000E-05   0.38929E-01   0.38907E-01   0.26239E+00
   0.35273E+04   0.10723E-05   0.41597E-01   0.41574E-01   0.27274E+00
   0.35273E+04   0.11498E-05   0.44430E-01   0.44407E-01   0.28366E+00
   0.35273E+04   0.12328E-05   0.47438E-01   0.47414E-01   0.29520E+00
   0.35273E+04   0.13219E-05   0.50629E-01   0.50605E-01   0.30739E+00
   0.35273E+04   0.14175E-05   0.53697E-01   0.53674E-01   0.31881E+00
   0.35273E+04   0.15199E-05   0.56904E-01   0.56881E-01   0.33072E+00
   0.35273E+04   0.16298E-05   0.60289E-01   0.60265E-01   0.34331E+00
   0.35273E+04   0.17475E-05   0.63860E-01   0.63836E-01   0.35663E+00
   0.35273E+04   0.18738E-05   0.67627E-01   0.67603E-01   0.37076E+00
   0.35273E+04   0.20092E-05   0.71599E-01   0.71575E-01   0.38576E+00
   0.35273E+04   0.21544E-05   0.75693E-01   0.75669E-01   0.40138E+00
   0.35273E+04   0.23101E-05   0.79529E-01   0.79505E-01   0.41636E+00
   0.35273E+04   0.24771E-05   0.83547E-01   0.83523E-01   0.43230E+00
   0.35273E+04   0.26561E-05   0.87756E-01   0.87733E-01   0.44930E+00
   0.35273E+04   0.28480E-05   0.92165E-01   0.92141E-01   0.46746E+00
   0.35273E+04   0.30539E-05   0.96781E-01   0.96758E-01   0.48691E+00
   0.35273E+04   0.32745E-05   0.10161E+00   0.10159E+00   0.50779E+00
   0.35273E+04   0.35112E-05   0.10720E+00   0.10718E+00   0.53345E+00
   0.35273E+04   0.37649E-05   0.11381E+00   0.11379E+00   0.56575E+00
   0.35273E+04   0.40370E-05   0.12081E+00   0.12079E+00   0.60118E+00
   0.35273E+04   0.43288E-05   0.12823E+00   0.12821E+00   0.64018E+00
   0.35273E+04   0.46416E-05   0.13608E+00   0.13606E+00   0.68327E+00
   0.35273E+04   0.49770E-05   0.14441E+00   0.14438E+00   0.73104E+00
   0.35273E+04   0.53367E-05   0.15322E+00   0.15320E+00   0.78420E+00
   0.35273E+04   0.57224E-05   0.15924E+00   0.15922E+00   0.82503E+00
   0.35273E+04   0.61359E-05   0.16404E+00   0.16402E+00   0.86145E+00
   0.35273E+04   0.65793E-05   0.16897E+00   0.16895E+00   0.90117E+00
   0.35273E+04   0.70548E-05   0.17404E+00   0.17402E+00   0.94456E+00
   0.35273E+04   0.75646E-05   0.17925E+00   0.17922E+00   0.99204E+00
   0.35273E+04   0.81113E-05   0.18460E+00   0.18458E+00   0.10441E+01
   0.35273E+04   0.86975E-05   0.19012E+00   0.19010E+00   0.11014E+01
   0.35273E+04   0.93260E-05   0.19516E+00   0.19513E+00   0.11599E+01
   0.35273E+04   0.10000E-04   0.20031E+00   0.20029E+00   0.12240E+01
   0.35273E+04   0.10723E-04   0.20559E+00   0.20557E+00   0.12945E+01
   0.35273E+04   0.11498E-04   0.21100E+00   0.21098E+00   0.13719E+01
   0.35273E+04   0.12328E-04   0.21653E+00   0.21651E+00   0.14571E+01
   0.35273E+04   0.13219E-04   0.22220E+00   0.22218E+00   0.15511E+01
   0.35273E+04   0.14175E-04   0.22830E+00   0.22828E+00   0.16569E+01
   0.35273E+04   0.15199E-04   0.23558E+00   0.23556E+00   0.17816E+01
   0.35273E+04   0.16298E-04   0.24307E+00   0.24305E+00   0.19200E+01
   0.35273E+04   0.17475E-04   0.25078E+00   0.25076E+00   0.20739E+01
   0.35273E+04   0.18738E-04   0.25871E+00   0.25869E+00   0.22450E+01
   0.35273E+04   0.20092E-04   0.26688E+00   0.26686E+00   0.24356E+01
   0.35273E+04   0.21544E-04   0.27528E+00   0.27526E+00   0.26479E+01
   0.35273E+04   0.23101E-04   0.28258E+00   0.28257E+00   0.28543E+01
   0.35273E+04   0.24771E-04   0.28865E+00   0.28863E+00   0.30481E+01
   0.35273E+04   0.26561E-04   0.29482E+00   0.29480E+00   0.32595E+01
   0.35273E+04   0.28480E-04   0.30110E+00   0.30108E+00   0.34900E+01
   0.35273E+04   0.30539E-04   0.30748E+00   0.30746E+00   0.37417E+01
   0.35273E+04   0.32745E-04   0.31397E+00   0.31395E+00   0.40163E+01
   0.35273E+04   0.35112E-04   0.32057E+00   0.32055E+00   0.43162E+01
   0.35273E+04   0.37649E-04   0.32755E+00   0.32753E+00   0.46168E+01
   0.35273E+04   0.40370E-04   0.33472E+00   0.33470E+00   0.49338E+01
   0.35273E+04   0.43288E-04   0.34201E+00   0.34199E+00   0.52774E+01
   0.35273E+04   0.46416E-04   0.34941E+00   0.34940E+00   0.56499E+01
   0.35273E+04   0.49770E-04   0.35693E+00   0.35691E+00   0.60538E+01
   0.35273E+04   0.53367E-04   0.36456E+00   0.36455E+00   0.64920E+01
   0.35273E+04   0.57224E-04   0.37239E+00   0.37237E+00   0.69630E+01
   0.35273E+04   0.61359E-04   0.38122E+00   0.38120E+00   0.74193E+01
   0.35273E+04   0.65793E-04   0.39019E+00   0.39017E+00   0.79116E+01
   0.35273E+04   0.70548E-04   0.39929E+00   0.39927E+00   0.84431E+01
   0.35273E+04   0.75646E-04   0.40853E+00   0.40852E+00   0.90168E+01
   0.35273E+04   0.81113E-04   0.41791E+00   0.41790E+00   0.96364E+01
   0.35273E+04   0.86975E-04   0.42743E+00   0.42742E+00   0.10306E+02
   0.35273E+04   0.93260E-04   0.43761E+00   0.43760E+00   0.10996E+02
   0.35273E+04   0.10000E-03   0.44895E+00   0.44893E+00   0.11674E+02
   0.35273E+04   0.10723E-03   0.46046E+00   0.46045E+00   0.12401E+02
   0.35273E+04   0.11498E-03   0.47216E+00   0.47215E+00   0.13182E+02
   0.35273E+04   0.12328E-03   0.48404E+00   0.48403E+00   0.14021E+02
   0.35273E+04   0.13219E-03   0.49610E+00   0.49609E+00   0.14922E+02
   0.35273E+04   0.14175E-03   0.50834E+00   0.50833E+00   0.15890E+02
   0.35273E+04   0.15199E-03   0.52163E+00   0.52161E+00   0.16817E+02
   0.35273E+04   0.16298E-03   0.53568E+00   0.53567E+00   0.17728E+02
   0.35273E+04   0.17475E-03   0.54996E+00   0.54995E+00   0.18699E+02
   0.35273E+04   0.18738E-03   0.56446E+00   0.56445E+00   0.19732E+02
   0.35273E+04   0.20092E-03   0.57918E+00   0.57917E+00   0.20833E+02
   0.35273E+04   0.21544E-03   0.59412E+00   0.59411E+00   0.22005E+02
   0.35273E+04   0.23101E-03   0.60929E+00   0.60927E+00   0.23253E+02
   0.35273E+04   0.24771E-03   0.62543E+00   0.62541E+00   0.24261E+02
   0.35273E+04   0.26561E-03   0.64192E+00   0.64191E+00   0.25275E+02
   0.35273E+04   0.28480E-03   0.65865E+00   0.65863E+00   0.26344E+02
   0.35273E+04   0.30539E-03   0.67561E+00   0.67560E+00   0.27470E+02
   0.35273E+04   0.32745E-03   0.69281E+00   0.69280E+00   0.28658E+02
   0.35273E+04   0.35112E-03   0.71024E+00   0.71023E+00   0.29909E+02
   0.35273E+04   0.37649E-03   0.72827E+00   0.72825E+00   0.31152E+02
   0.35273E+04   0.40370E-03   0.74866E+00   0.74864E+00   0.32008E+02
   0.35273E+04   0.43288E-03   0.76937E+00   0.76935E+00   0.32906E+02
   0.35273E+04   0.46416E-03   0.79039E+00   0.79038E+00   0.33848E+02
   0.35273E+04   0.49770E-03   0.81173E+00   0.81171E+00   0.34837E+02
   0.35273E+04   0.53367E-03   0.83337E+00   0.83336E+00   0.35875E+02
   0.35273E+04   0.57224E-03   0.85533E+00   0.85531E+00   0.36964E+02
   0.35273E+04   0.61359E-03   0.87926E+00   0.87925E+00   0.37862E+02
   0.35273E+04   0.65793E-03   0.90601E+00   0.90599E+00   0.38452E+02
   0.35273E+04   0.70548E-03   0.93323E+00   0.93322E+00   0.39080E+02
   0.35273E+04   0.75646E-03   0.96093E+00   0.96092E+00   0.39747E+02
   0.35273E+04   0.81113E-03   0.98911E+00   0.98909E+00   0.40454E+02
   0.35273E+04   0.86975E-03   0.10178E+01   0.10177E+01   0.41205E+02
   0.35273E+04   0.93260E-03   0.10469E+01   0.10468E+01   0.42000E+02
   0.35273E+04   0.10000E-02   0.10797E+01   0.10797E+01   0.42381E+02
   0.35667E+04   0.10000E-05   0.34440E-01   0.34417E-01   0.24859E+00
   0.35667E+04   0.10723E-05   0.36898E-01   0.36875E-01   0.25854E+00
   0.35667E+04   0.11498E-05   0.39512E-01   0.39489E-01   0.26903E+00
   0.35667E+04   0.12328E-05   0.42291E-01   0.42267E-01   0.28011E+00
   0.35667E+04   0.13219E-05   0.45242E-01   0.45218E-01   0.29182E+00
   0.35667E+04   0.14175E-05   0.48135E-01   0.48111E-01   0.30290E+00
   0.35667E+04   0.15199E-05   0.51172E-01   0.51148E-01   0.31447E+00
   0.35667E+04   0.16298E-05   0.54385E-01   0.54360E-01   0.32669E+00
   0.35667E+04   0.17475E-05   0.57781E-01   0.57757E-01   0.33962E+00
   0.35667E+04   0.18738E-05   0.61372E-01   0.61348E-01   0.35332E+00
   0.35667E+04   0.20092E-05   0.65167E-01   0.65142E-01   0.36785E+00
   0.35667E+04   0.21544E-05   0.69098E-01   0.69073E-01   0.38300E+00
   0.35667E+04   0.23101E-05   0.72856E-01   0.72831E-01   0.39764E+00
   0.35667E+04   0.24771E-05   0.76805E-01   0.76780E-01   0.41320E+00
   0.35667E+04   0.26561E-05   0.80954E-01   0.80929E-01   0.42978E+00
   0.35667E+04   0.28480E-05   0.85311E-01   0.85286E-01   0.44747E+00
   0.35667E+04   0.30539E-05   0.89887E-01   0.89862E-01   0.46639E+00
   0.35667E+04   0.32745E-05   0.94692E-01   0.94667E-01   0.48668E+00
   0.35667E+04   0.35112E-05   0.10011E+00   0.10008E+00   0.51084E+00
   0.35667E+04   0.37649E-05   0.10633E+00   0.10631E+00   0.54029E+00
   0.35667E+04   0.40370E-05   0.11293E+00   0.11290E+00   0.57243E+00
   0.35667E+04   0.43288E-05   0.11991E+00   0.11989E+00   0.60764E+00
   0.35667E+04   0.46416E-05   0.12731E+00   0.12729E+00   0.64632E+00
   0.35667E+04   0.49770E-05   0.13516E+00   0.13513E+00   0.68897E+00
   0.35667E+04   0.53367E-05   0.14346E+00   0.14344E+00   0.73617E+00
   0.35667E+04   0.57224E-05   0.14954E+00   0.14952E+00   0.77396E+00
   0.35667E+04   0.61359E-05   0.15467E+00   0.15465E+00   0.80872E+00
   0.35667E+04   0.65793E-05   0.15996E+00   0.15994E+00   0.84660E+00
   0.35667E+04   0.70548E-05   0.16542E+00   0.16540E+00   0.88795E+00
   0.35667E+04   0.75646E-05   0.17106E+00   0.17103E+00   0.93320E+00
   0.35667E+04   0.81113E-05   0.17687E+00   0.17685E+00   0.98280E+00
   0.35667E+04   0.86975E-05   0.18289E+00   0.18287E+00   0.10374E+01
   0.35667E+04   0.93260E-05   0.18836E+00   0.18834E+00   0.10930E+01
   0.35667E+04   0.10000E-04   0.19398E+00   0.19396E+00   0.11539E+01
   0.35667E+04   0.10723E-04   0.19976E+00   0.19974E+00   0.12209E+01
   0.35667E+04   0.11498E-04   0.20569E+00   0.20567E+00   0.12946E+01
   0.35667E+04   0.12328E-04   0.21179E+00   0.21177E+00   0.13759E+01
   0.35667E+04   0.13219E-04   0.21805E+00   0.21803E+00   0.14656E+01
   0.35667E+04   0.14175E-04   0.22491E+00   0.22489E+00   0.15681E+01
   0.35667E+04   0.15199E-04   0.23343E+00   0.23341E+00   0.16940E+01
   0.35667E+04   0.16298E-04   0.24225E+00   0.24223E+00   0.18345E+01
   0.35667E+04   0.17475E-04   0.25138E+00   0.25136E+00   0.19917E+01
   0.35667E+04   0.18738E-04   0.26084E+00   0.26082E+00   0.21677E+01
   0.35667E+04   0.20092E-04   0.27062E+00   0.27060E+00   0.23651E+01
   0.35667E+04   0.21544E-04   0.28075E+00   0.28073E+00   0.25866E+01
   0.35667E+04   0.23101E-04   0.28921E+00   0.28919E+00   0.27969E+01
   0.35667E+04   0.24771E-04   0.29578E+00   0.29576E+00   0.29872E+01
   0.35667E+04   0.26561E-04   0.30247E+00   0.30245E+00   0.31949E+01
   0.35667E+04   0.28480E-04   0.30928E+00   0.30927E+00   0.34218E+01
   0.35667E+04   0.30539E-04   0.31622E+00   0.31620E+00   0.36697E+01
   0.35667E+04   0.32745E-04   0.32329E+00   0.32327E+00   0.39407E+01
   0.35667E+04   0.35112E-04   0.33048E+00   0.33046E+00   0.42370E+01
   0.35667E+04   0.37649E-04   0.33802E+00   0.33800E+00   0.45346E+01
   0.35667E+04   0.40370E-04   0.34576E+00   0.34575E+00   0.48491E+01
   0.35667E+04   0.43288E-04   0.35364E+00   0.35362E+00   0.51904E+01
   0.35667E+04   0.46416E-04   0.36164E+00   0.36162E+00   0.55610E+01
   0.35667E+04   0.49770E-04   0.36978E+00   0.36976E+00   0.59635E+01
   0.35667E+04   0.53367E-04   0.37805E+00   0.37803E+00   0.64007E+01
   0.35667E+04   0.57224E-04   0.38653E+00   0.38652E+00   0.68714E+01
   0.35667E+04   0.61359E-04   0.39605E+00   0.39603E+00   0.73283E+01
   0.35667E+04   0.65793E-04   0.40572E+00   0.40570E+00   0.78220E+01
   0.35667E+04   0.70548E-04   0.41555E+00   0.41553E+00   0.83556E+01
   0.35667E+04   0.75646E-04   0.42553E+00   0.42552E+00   0.89324E+01
   0.35667E+04   0.81113E-04   0.43568E+00   0.43567E+00   0.95560E+01
   0.35667E+04   0.86975E-04   0.44599E+00   0.44597E+00   0.10230E+02
   0.35667E+04   0.93260E-04   0.45697E+00   0.45696E+00   0.10927E+02
   0.35667E+04   0.10000E-03   0.46913E+00   0.46912E+00   0.11613E+02
   0.35667E+04   0.10723E-03   0.48150E+00   0.48148E+00   0.12349E+02
   0.35667E+04   0.11498E-03   0.49407E+00   0.49405E+00   0.13141E+02
   0.35667E+04   0.12328E-03   0.50684E+00   0.50682E+00   0.13992E+02
   0.35667E+04   0.13219E-03   0.51981E+00   0.51980E+00   0.14908E+02
   0.35667E+04   0.14175E-03   0.53299E+00   0.53298E+00   0.15892E+02
   0.35667E+04   0.15199E-03   0.54725E+00   0.54724E+00   0.16837E+02
   0.35667E+04   0.16298E-03   0.56231E+00   0.56230E+00   0.17768E+02
   0.35667E+04   0.17475E-03   0.57763E+00   0.57761E+00   0.18761E+02
   0.35667E+04   0.18738E-03   0.59318E+00   0.59317E+00   0.19819E+02
   0.35667E+04   0.20092E-03   0.60899E+00   0.60897E+00   0.20947E+02
   0.35667E+04   0.21544E-03   0.62503E+00   0.62502E+00   0.22149E+02
   0.35667E+04   0.23101E-03   0.64133E+00   0.64131E+00   0.23431E+02
   0.35667E+04   0.24771E-03   0.65853E+00   0.65852E+00   0.24468E+02
   0.35667E+04   0.26561E-03   0.67610E+00   0.67608E+00   0.25513E+02
   0.35667E+04   0.28480E-03   0.69391E+00   0.69390E+00   0.26614E+02
   0.35667E+04   0.30539E-03   0.71199E+00   0.71197E+00   0.27775E+02
   0.35667E+04   0.32745E-03   0.73031E+00   0.73030E+00   0.28999E+02
   0.35667E+04   0.35112E-03   0.74889E+00   0.74887E+00   0.30290E+02
   0.35667E+04   0.37649E-03   0.76810E+00   0.76809E+00   0.31574E+02
   0.35667E+04   0.40370E-03   0.78986E+00   0.78984E+00   0.32461E+02
   0.35667E+04   0.43288E-03   0.81195E+00   0.81194E+00   0.33391E+02
   0.35667E+04   0.46416E-03   0.83438E+00   0.83437E+00   0.34367E+02
   0.35667E+04   0.49770E-03   0.85715E+00   0.85714E+00   0.35392E+02
   0.35667E+04   0.53367E-03   0.88026E+00   0.88025E+00   0.36467E+02
   0.35667E+04   0.57224E-03   0.90370E+00   0.90368E+00   0.37595E+02
   0.35667E+04   0.61359E-03   0.92923E+00   0.92922E+00   0.38528E+02
   0.35667E+04   0.65793E-03   0.95773E+00   0.95771E+00   0.39146E+02
   0.35667E+04   0.70548E-03   0.98674E+00   0.98672E+00   0.39802E+02
   0.35667E+04   0.75646E-03   0.10163E+01   0.10162E+01   0.40498E+02
   0.35667E+04   0.81113E-03   0.10463E+01   0.10463E+01   0.41236E+02
   0.35667E+04   0.86975E-03   0.10768E+01   0.10768E+01   0.42018E+02
   0.35667E+04   0.93260E-03   0.11078E+01   0.11078E+01   0.42847E+02
   0.35667E+04   0.10000E-02   0.11428E+01   0.11427E+01   0.43247E+02
   0.36061E+04   0.10000E-05   0.30276E-01   0.30253E-01   0.23650E+00
   0.36061E+04   0.10723E-05   0.32533E-01   0.32510E-01   0.24610E+00
   0.36061E+04   0.11498E-05   0.34938E-01   0.34915E-01   0.25623E+00
   0.36061E+04   0.12328E-05   0.37497E-01   0.37473E-01   0.26694E+00
   0.36061E+04   0.13219E-05   0.40219E-01   0.40195E-01   0.27825E+00
   0.36061E+04   0.14175E-05   0.42937E-01   0.42912E-01   0.28906E+00
   0.36061E+04   0.15199E-05   0.45801E-01   0.45777E-01   0.30034E+00
   0.36061E+04   0.16298E-05   0.48838E-01   0.48814E-01   0.31227E+00
   0.36061E+04   0.17475E-05   0.52058E-01   0.52033E-01   0.32488E+00
   0.36061E+04   0.18738E-05   0.55468E-01   0.55443E-01   0.33824E+00
   0.36061E+04   0.20092E-05   0.59080E-01   0.59055E-01   0.35240E+00
   0.36061E+04   0.21544E-05   0.62841E-01   0.62816E-01   0.36717E+00
   0.36061E+04   0.23101E-05   0.66504E-01   0.66478E-01   0.38153E+00
   0.36061E+04   0.24771E-05   0.70364E-01   0.70338E-01   0.39680E+00
   0.36061E+04   0.26561E-05   0.74431E-01   0.74406E-01   0.41304E+00
   0.36061E+04   0.28480E-05   0.78716E-01   0.78690E-01   0.43037E+00
   0.36061E+04   0.30539E-05   0.83229E-01   0.83203E-01   0.44888E+00
   0.36061E+04   0.32745E-05   0.87981E-01   0.87955E-01   0.46869E+00
   0.36061E+04   0.35112E-05   0.93219E-01   0.93193E-01   0.49160E+00
   0.36061E+04   0.37649E-05   0.99074E-01   0.99048E-01   0.51859E+00
   0.36061E+04   0.40370E-05   0.10528E+00   0.10525E+00   0.54792E+00
   0.36061E+04   0.43288E-05   0.11186E+00   0.11183E+00   0.57989E+00
   0.36061E+04   0.46416E-05   0.11883E+00   0.11880E+00   0.61484E+00
   0.36061E+04   0.49770E-05   0.12621E+00   0.12618E+00   0.65317E+00
   0.36061E+04   0.53367E-05   0.13403E+00   0.13400E+00   0.69536E+00
   0.36061E+04   0.57224E-05   0.14013E+00   0.14011E+00   0.73060E+00
   0.36061E+04   0.61359E-05   0.14553E+00   0.14551E+00   0.76395E+00
   0.36061E+04   0.65793E-05   0.15113E+00   0.15110E+00   0.80026E+00
   0.36061E+04   0.70548E-05   0.15692E+00   0.15690E+00   0.83988E+00
   0.36061E+04   0.75646E-05   0.16293E+00   0.16290E+00   0.88320E+00
   0.36061E+04   0.81113E-05   0.16914E+00   0.16912E+00   0.93067E+00
   0.36061E+04   0.86975E-05   0.17561E+00   0.17558E+00   0.98295E+00
   0.36061E+04   0.93260E-05   0.18147E+00   0.18145E+00   0.10359E+01
   0.36061E+04   0.10000E-04   0.18751E+00   0.18749E+00   0.10940E+01
   0.36061E+04   0.10723E-04   0.19375E+00   0.19372E+00   0.11579E+01
   0.36061E+04   0.11498E-04   0.20017E+00   0.20015E+00   0.12283E+01
   0.36061E+04   0.12328E-04   0.20679E+00   0.20677E+00   0.13061E+01
   0.36061E+04   0.13219E-04   0.21361E+00   0.21359E+00   0.13919E+01
   0.36061E+04   0.14175E-04   0.22118E+00   0.22116E+00   0.14913E+01
   0.36061E+04   0.15199E-04   0.23089E+00   0.23087E+00   0.16178E+01
   0.36061E+04   0.16298E-04   0.24101E+00   0.24099E+00   0.17599E+01
   0.36061E+04   0.17475E-04   0.25154E+00   0.25152E+00   0.19198E+01
   0.36061E+04   0.18738E-04   0.26251E+00   0.26249E+00   0.21000E+01
   0.36061E+04   0.20092E-04   0.27392E+00   0.27390E+00   0.23033E+01
   0.36061E+04   0.21544E-04   0.28580E+00   0.28578E+00   0.25330E+01
   0.36061E+04   0.23101E-04   0.29545E+00   0.29543E+00   0.27470E+01
   0.36061E+04   0.24771E-04   0.30253E+00   0.30251E+00   0.29338E+01
   0.36061E+04   0.26561E-04   0.30975E+00   0.30974E+00   0.31379E+01
   0.36061E+04   0.28480E-04   0.31712E+00   0.31710E+00   0.33612E+01
   0.36061E+04   0.30539E-04   0.32462E+00   0.32461E+00   0.36055E+01
   0.36061E+04   0.32745E-04   0.33228E+00   0.33226E+00   0.38729E+01
   0.36061E+04   0.35112E-04   0.34008E+00   0.34006E+00   0.41656E+01
   0.36061E+04   0.37649E-04   0.34820E+00   0.34818E+00   0.44602E+01
   0.36061E+04   0.40370E-04   0.35652E+00   0.35650E+00   0.47721E+01
   0.36061E+04   0.43288E-04   0.36500E+00   0.36498E+00   0.51110E+01
   0.36061E+04   0.46416E-04   0.37362E+00   0.37360E+00   0.54796E+01
   0.36061E+04   0.49770E-04   0.38240E+00   0.38238E+00   0.58804E+01
   0.36061E+04   0.53367E-04   0.39133E+00   0.39131E+00   0.63164E+01
   0.36061E+04   0.57224E-04   0.40049E+00   0.40047E+00   0.67866E+01
   0.36061E+04   0.61359E-04   0.41071E+00   0.41069E+00   0.72439E+01
   0.36061E+04   0.65793E-04   0.42110E+00   0.42109E+00   0.77385E+01
   0.36061E+04   0.70548E-04   0.43168E+00   0.43167E+00   0.82738E+01
   0.36061E+04   0.75646E-04   0.44244E+00   0.44242E+00   0.88532E+01
   0.36061E+04   0.81113E-04   0.45338E+00   0.45336E+00   0.94804E+01
   0.36061E+04   0.86975E-04   0.46450E+00   0.46449E+00   0.10160E+02
   0.36061E+04   0.93260E-04   0.47632E+00   0.47631E+00   0.10863E+02
   0.36061E+04   0.10000E-03   0.48934E+00   0.48932E+00   0.11555E+02
   0.36061E+04   0.10723E-03   0.50258E+00   0.50256E+00   0.12300E+02
   0.36061E+04   0.11498E-03   0.51605E+00   0.51603E+00   0.13102E+02
   0.36061E+04   0.12328E-03   0.52974E+00   0.52973E+00   0.13965E+02
   0.36061E+04   0.13219E-03   0.54367E+00   0.54366E+00   0.14894E+02
   0.36061E+04   0.14175E-03   0.55782E+00   0.55781E+00   0.15893E+02
   0.36061E+04   0.15199E-03   0.57309E+00   0.57308E+00   0.16855E+02
   0.36061E+04   0.16298E-03   0.58920E+00   0.58919E+00   0.17807E+02
   0.36061E+04   0.17475E-03   0.60559E+00   0.60557E+00   0.18821E+02
   0.36061E+04   0.18738E-03   0.62224E+00   0.62223E+00   0.19903E+02
   0.36061E+04   0.20092E-03   0.63917E+00   0.63916E+00   0.21058E+02
   0.36061E+04   0.21544E-03   0.65637E+00   0.65636E+00   0.22289E+02
   0.36061E+04   0.23101E-03   0.67384E+00   0.67383E+00   0.23603E+02
   0.36061E+04   0.24771E-03   0.69215E+00   0.69213E+00   0.24669E+02
   0.36061E+04   0.26561E-03   0.71082E+00   0.71080E+00   0.25743E+02
   0.36061E+04   0.28480E-03   0.72976E+00   0.72975E+00   0.26876E+02
   0.36061E+04   0.30539E-03   0.74898E+00   0.74897E+00   0.28071E+02
   0.36061E+04   0.32745E-03   0.76847E+00   0.76846E+00   0.29332E+02
   0.36061E+04   0.35112E-03   0.78823E+00   0.78822E+00   0.30663E+02
   0.36061E+04   0.37649E-03   0.80868E+00   0.80867E+00   0.31986E+02
   0.36061E+04   0.40370E-03   0.83184E+00   0.83183E+00   0.32904E+02
   0.36061E+04   0.43288E-03   0.85538E+00   0.85536E+00   0.33866E+02
   0.36061E+04   0.46416E-03   0.87928E+00   0.87926E+00   0.34876E+02
   0.36061E+04   0.49770E-03   0.90354E+00   0.90353E+00   0.35936E+02
   0.36061E+04   0.53367E-03   0.92817E+00   0.92815E+00   0.37048E+02
   0.36061E+04   0.57224E-03   0.95315E+00   0.95313E+00   0.38216E+02
   0.36061E+04   0.61359E-03   0.98034E+00   0.98033E+00   0.39183E+02
   0.36061E+04   0.65793E-03   0.10107E+01   0.10106E+01   0.39828E+02
   0.36061E+04   0.70548E-03   0.10415E+01   0.10415E+01   0.40512E+02
   0.36061E+04   0.75646E-03   0.10729E+01   0.10729E+01   0.41237E+02
   0.36061E+04   0.81113E-03   0.11049E+01   0.11049E+01   0.42006E+02
   0.36061E+04   0.86975E-03   0.11374E+01   0.11374E+01   0.42820E+02
   0.36061E+04   0.93260E-03   0.11704E+01   0.11704E+01   0.43682E+02
   0.36061E+04   0.10000E-02   0.12075E+01   0.12075E+01   0.44102E+02
   0.36455E+04   0.10000E-05   0.26460E-01   0.26437E-01   0.22583E+00
   0.36455E+04   0.10723E-05   0.28526E-01   0.28503E-01   0.23514E+00
   0.36455E+04   0.11498E-05   0.30730E-01   0.30707E-01   0.24497E+00
   0.36455E+04   0.12328E-05   0.33081E-01   0.33057E-01   0.25536E+00
   0.36455E+04   0.13219E-05   0.35584E-01   0.35560E-01   0.26635E+00
   0.36455E+04   0.14175E-05   0.38126E-01   0.38101E-01   0.27693E+00
   0.36455E+04   0.15199E-05   0.40817E-01   0.40792E-01   0.28799E+00
   0.36455E+04   0.16298E-05   0.43678E-01   0.43652E-01   0.29968E+00
   0.36455E+04   0.17475E-05   0.46717E-01   0.46692E-01   0.31204E+00
   0.36455E+04   0.18738E-05   0.49945E-01   0.49919E-01   0.32513E+00
   0.36455E+04   0.20092E-05   0.53372E-01   0.53346E-01   0.33900E+00
   0.36455E+04   0.21544E-05   0.56957E-01   0.56931E-01   0.35347E+00
   0.36455E+04   0.23101E-05   0.60507E-01   0.60481E-01   0.36763E+00
   0.36455E+04   0.24771E-05   0.64261E-01   0.64235E-01   0.38267E+00
   0.36455E+04   0.26561E-05   0.68229E-01   0.68202E-01   0.39867E+00
   0.36455E+04   0.28480E-05   0.72421E-01   0.72395E-01   0.41572E+00
   0.36455E+04   0.30539E-05   0.76851E-01   0.76824E-01   0.43391E+00
   0.36455E+04   0.32745E-05   0.81528E-01   0.81502E-01   0.45337E+00
   0.36455E+04   0.35112E-05   0.86581E-01   0.86555E-01   0.47521E+00
   0.36455E+04   0.37649E-05   0.92085E-01   0.92059E-01   0.50009E+00
   0.36455E+04   0.40370E-05   0.97920E-01   0.97894E-01   0.52700E+00
   0.36455E+04   0.43288E-05   0.10411E+00   0.10408E+00   0.55620E+00
   0.36455E+04   0.46416E-05   0.11066E+00   0.11064E+00   0.58797E+00
   0.36455E+04   0.49770E-05   0.11761E+00   0.11758E+00   0.62264E+00
   0.36455E+04   0.53367E-05   0.12497E+00   0.12494E+00   0.66059E+00
   0.36455E+04   0.57224E-05   0.13106E+00   0.13104E+00   0.69370E+00
   0.36455E+04   0.61359E-05   0.13668E+00   0.13665E+00   0.72590E+00
   0.36455E+04   0.65793E-05   0.14252E+00   0.14249E+00   0.76090E+00
   0.36455E+04   0.70548E-05   0.14859E+00   0.14857E+00   0.79906E+00
   0.36455E+04   0.75646E-05   0.15491E+00   0.15488E+00   0.84074E+00
   0.36455E+04   0.81113E-05   0.16147E+00   0.16145E+00   0.88640E+00
   0.36455E+04   0.86975E-05   0.16833E+00   0.16830E+00   0.93667E+00
   0.36455E+04   0.93260E-05   0.17454E+00   0.17451E+00   0.98735E+00
   0.36455E+04   0.10000E-04   0.18096E+00   0.18094E+00   0.10430E+01
   0.36455E+04   0.10723E-04   0.18760E+00   0.18758E+00   0.11042E+01
   0.36455E+04   0.11498E-04   0.19447E+00   0.19445E+00   0.11717E+01
   0.36455E+04   0.12328E-04   0.20157E+00   0.20155E+00   0.12462E+01
   0.36455E+04   0.13219E-04   0.20892E+00   0.20890E+00   0.13286E+01
   0.36455E+04   0.14175E-04   0.21717E+00   0.21714E+00   0.14251E+01
   0.36455E+04   0.15199E-04   0.22802E+00   0.22800E+00   0.15520E+01
   0.36455E+04   0.16298E-04   0.23938E+00   0.23936E+00   0.16953E+01
   0.36455E+04   0.17475E-04   0.25128E+00   0.25126E+00   0.18574E+01
   0.36455E+04   0.18738E-04   0.26374E+00   0.26372E+00   0.20411E+01
   0.36455E+04   0.20092E-04   0.27679E+00   0.27677E+00   0.22497E+01
   0.36455E+04   0.21544E-04   0.29045E+00   0.29043E+00   0.24870E+01
   0.36455E+04   0.23101E-04   0.30131E+00   0.30129E+00   0.27043E+01
   0.36455E+04   0.24771E-04   0.30891E+00   0.30889E+00   0.28877E+01
   0.36455E+04   0.26561E-04   0.31667E+00   0.31665E+00   0.30885E+01
   0.36455E+04   0.28480E-04   0.32459E+00   0.32457E+00   0.33083E+01
   0.36455E+04   0.30539E-04   0.33268E+00   0.33266E+00   0.35490E+01
   0.36455E+04   0.32745E-04   0.34093E+00   0.34091E+00   0.38128E+01
   0.36455E+04   0.35112E-04   0.34936E+00   0.34934E+00   0.41020E+01
   0.36455E+04   0.37649E-04   0.35807E+00   0.35805E+00   0.43936E+01
   0.36455E+04   0.40370E-04   0.36699E+00   0.36697E+00   0.47028E+01
   0.36455E+04   0.43288E-04   0.37607E+00   0.37605E+00   0.50393E+01
   0.36455E+04   0.46416E-04   0.38533E+00   0.38531E+00   0.54057E+01
   0.36455E+04   0.49770E-04   0.39476E+00   0.39474E+00   0.58047E+01
   0.36455E+04   0.53367E-04   0.40437E+00   0.40435E+00   0.62393E+01
   0.36455E+04   0.57224E-04   0.41423E+00   0.41421E+00   0.67087E+01
   0.36455E+04   0.61359E-04   0.42517E+00   0.42515E+00   0.71660E+01
   0.36455E+04   0.65793E-04   0.43632E+00   0.43630E+00   0.76614E+01
   0.36455E+04   0.70548E-04   0.44767E+00   0.44765E+00   0.81980E+01
   0.36455E+04   0.75646E-04   0.45922E+00   0.45920E+00   0.87795E+01
   0.36455E+04   0.81113E-04   0.47098E+00   0.47096E+00   0.94099E+01
   0.36455E+04   0.86975E-04   0.48295E+00   0.48293E+00   0.10093E+02
   0.36455E+04   0.93260E-04   0.49563E+00   0.49562E+00   0.10802E+02
   0.36455E+04   0.10000E-03   0.50953E+00   0.50951E+00   0.11501E+02
   0.36455E+04   0.10723E-03   0.52367E+00   0.52366E+00   0.12254E+02
   0.36455E+04   0.11498E-03   0.53807E+00   0.53806E+00   0.13065E+02
   0.36455E+04   0.12328E-03   0.55272E+00   0.55271E+00   0.13939E+02
   0.36455E+04   0.13219E-03   0.56763E+00   0.56762E+00   0.14880E+02
   0.36455E+04   0.14175E-03   0.58280E+00   0.58278E+00   0.15895E+02
   0.36455E+04   0.15199E-03   0.59911E+00   0.59910E+00   0.16874E+02
   0.36455E+04   0.16298E-03   0.61631E+00   0.61629E+00   0.17844E+02
   0.36455E+04   0.17475E-03   0.63380E+00   0.63378E+00   0.18879E+02
   0.36455E+04   0.18738E-03   0.65160E+00   0.65158E+00   0.19984E+02
   0.36455E+04   0.20092E-03   0.66969E+00   0.66968E+00   0.21165E+02
   0.36455E+04   0.21544E-03   0.68809E+00   0.68807E+00   0.22425E+02
   0.36455E+04   0.23101E-03   0.70678E+00   0.70677E+00   0.23771E+02
   0.36455E+04   0.24771E-03   0.72622E+00   0.72621E+00   0.24865E+02
   0.36455E+04   0.26561E-03   0.74603E+00   0.74602E+00   0.25968E+02
   0.36455E+04   0.28480E-03   0.76614E+00   0.76612E+00   0.27132E+02
   0.36455E+04   0.30539E-03   0.78654E+00   0.78652E+00   0.28361E+02
   0.36455E+04   0.32745E-03   0.80723E+00   0.80722E+00   0.29657E+02
   0.36455E+04   0.35112E-03   0.82821E+00   0.82820E+00   0.31026E+02
   0.36455E+04   0.37649E-03   0.84993E+00   0.84992E+00   0.32389E+02
   0.36455E+04   0.40370E-03   0.87456E+00   0.87455E+00   0.33337E+02
   0.36455E+04   0.43288E-03   0.89959E+00   0.89957E+00   0.34331E+02
   0.36455E+04   0.46416E-03   0.92501E+00   0.92499E+00   0.35375E+02
   0.36455E+04   0.49770E-03   0.95082E+00   0.95080E+00   0.36470E+02
   0.36455E+04   0.53367E-03   0.97702E+00   0.97701E+00   0.37619E+02
   0.36455E+04   0.57224E-03   0.10036E+01   0.10036E+01   0.38825E+02
   0.36455E+04   0.61359E-03   0.10325E+01   0.10325E+01   0.39827E+02
   0.36455E+04   0.65793E-03   0.10647E+01   0.10647E+01   0.40499E+02
   0.36455E+04   0.70548E-03   0.10975E+01   0.10975E+01   0.41211E+02
   0.36455E+04   0.75646E-03   0.11309E+01   0.11309E+01   0.41966E+02
   0.36455E+04   0.81113E-03   0.11649E+01   0.11648E+01   0.42765E+02
   0.36455E+04   0.86975E-03   0.11994E+01   0.11994E+01   0.43611E+02
   0.36455E+04   0.93260E-03   0.12345E+01   0.12344E+01   0.44506E+02
   0.36455E+04   0.10000E-02   0.12738E+01   0.12738E+01   0.44946E+02
   0.36848E+04   0.10000E-05   0.23002E-01   0.22979E-01   0.21637E+00
   0.36848E+04   0.10723E-05   0.24885E-01   0.24863E-01   0.22543E+00
   0.36848E+04   0.11498E-05   0.26900E-01   0.26876E-01   0.23501E+00
   0.36848E+04   0.12328E-05   0.29051E-01   0.29027E-01   0.24514E+00
   0.36848E+04   0.13219E-05   0.31347E-01   0.31322E-01   0.25586E+00
   0.36848E+04   0.14175E-05   0.33715E-01   0.33690E-01   0.26626E+00
   0.36848E+04   0.15199E-05   0.36232E-01   0.36207E-01   0.27715E+00
   0.36848E+04   0.16298E-05   0.38916E-01   0.38891E-01   0.28865E+00
   0.36848E+04   0.17475E-05   0.41776E-01   0.41750E-01   0.30081E+00
   0.36848E+04   0.18738E-05   0.44820E-01   0.44794E-01   0.31369E+00
   0.36848E+04   0.20092E-05   0.48060E-01   0.48033E-01   0.32733E+00
   0.36848E+04   0.21544E-05   0.51466E-01   0.51439E-01   0.34159E+00
   0.36848E+04   0.23101E-05   0.54890E-01   0.54863E-01   0.35560E+00
   0.36848E+04   0.24771E-05   0.58522E-01   0.58495E-01   0.37048E+00
   0.36848E+04   0.26561E-05   0.62374E-01   0.62347E-01   0.38630E+00
   0.36848E+04   0.28480E-05   0.66457E-01   0.66430E-01   0.40315E+00
   0.36848E+04   0.30539E-05   0.70784E-01   0.70757E-01   0.42113E+00
   0.36848E+04   0.32745E-05   0.75368E-01   0.75340E-01   0.44033E+00
   0.36848E+04   0.35112E-05   0.80231E-01   0.80204E-01   0.46128E+00
   0.36848E+04   0.37649E-05   0.85400E-01   0.85373E-01   0.48432E+00
   0.36848E+04   0.40370E-05   0.90883E-01   0.90855E-01   0.50914E+00
   0.36848E+04   0.43288E-05   0.96697E-01   0.96669E-01   0.53597E+00
   0.36848E+04   0.46416E-05   0.10286E+00   0.10283E+00   0.56502E+00
   0.36848E+04   0.49770E-05   0.10939E+00   0.10937E+00   0.59657E+00
   0.36848E+04   0.53367E-05   0.11632E+00   0.11629E+00   0.63093E+00
   0.36848E+04   0.57224E-05   0.12237E+00   0.12234E+00   0.66227E+00
   0.36848E+04   0.61359E-05   0.12815E+00   0.12812E+00   0.69352E+00
   0.36848E+04   0.65793E-05   0.13418E+00   0.13415E+00   0.72746E+00
   0.36848E+04   0.70548E-05   0.14047E+00   0.14045E+00   0.76442E+00
   0.36848E+04   0.75646E-05   0.14705E+00   0.14702E+00   0.80475E+00
   0.36848E+04   0.81113E-05   0.15391E+00   0.15388E+00   0.84889E+00
   0.36848E+04   0.86975E-05   0.16110E+00   0.16107E+00   0.89747E+00
   0.36848E+04   0.93260E-05   0.16761E+00   0.16758E+00   0.94621E+00
   0.36848E+04   0.10000E-04   0.17437E+00   0.17434E+00   0.99971E+00
   0.36848E+04   0.10723E-04   0.18138E+00   0.18135E+00   0.10586E+01
   0.36848E+04   0.11498E-04   0.18865E+00   0.18863E+00   0.11234E+01
   0.36848E+04   0.12328E-04   0.19620E+00   0.19618E+00   0.11951E+01
   0.36848E+04   0.13219E-04   0.20403E+00   0.20400E+00   0.12744E+01
   0.36848E+04   0.14175E-04   0.21291E+00   0.21288E+00   0.13684E+01
   0.36848E+04   0.15199E-04   0.22484E+00   0.22481E+00   0.14955E+01
   0.36848E+04   0.16298E-04   0.23740E+00   0.23738E+00   0.16397E+01
   0.36848E+04   0.17475E-04   0.25064E+00   0.25061E+00   0.18036E+01
   0.36848E+04   0.18738E-04   0.26457E+00   0.26455E+00   0.19905E+01
   0.36848E+04   0.20092E-04   0.27925E+00   0.27922E+00   0.22040E+01
   0.36848E+04   0.21544E-04   0.29469E+00   0.29467E+00   0.24483E+01
   0.36848E+04   0.23101E-04   0.30678E+00   0.30676E+00   0.26686E+01
   0.36848E+04   0.24771E-04   0.31490E+00   0.31488E+00   0.28489E+01
   0.36848E+04   0.26561E-04   0.32321E+00   0.32319E+00   0.30464E+01
   0.36848E+04   0.28480E-04   0.33170E+00   0.33168E+00   0.32628E+01
   0.36848E+04   0.30539E-04   0.34037E+00   0.34035E+00   0.35001E+01
   0.36848E+04   0.32745E-04   0.34924E+00   0.34922E+00   0.37604E+01
   0.36848E+04   0.35112E-04   0.35830E+00   0.35828E+00   0.40461E+01
   0.36848E+04   0.37649E-04   0.36762E+00   0.36760E+00   0.43348E+01
   0.36848E+04   0.40370E-04   0.37714E+00   0.37712E+00   0.46412E+01
   0.36848E+04   0.43288E-04   0.38685E+00   0.38683E+00   0.49752E+01
   0.36848E+04   0.46416E-04   0.39676E+00   0.39674E+00   0.53393E+01
   0.36848E+04   0.49770E-04   0.40686E+00   0.40684E+00   0.57364E+01
   0.36848E+04   0.53367E-04   0.41715E+00   0.41714E+00   0.61695E+01
   0.36848E+04   0.57224E-04   0.42773E+00   0.42771E+00   0.66379E+01
   0.36848E+04   0.61359E-04   0.43942E+00   0.43940E+00   0.70950E+01
   0.36848E+04   0.65793E-04   0.45133E+00   0.45131E+00   0.75906E+01
   0.36848E+04   0.70548E-04   0.46347E+00   0.46346E+00   0.81283E+01
   0.36848E+04   0.75646E-04   0.47585E+00   0.47583E+00   0.87116E+01
   0.36848E+04   0.81113E-04   0.48845E+00   0.48844E+00   0.93447E+01
   0.36848E+04   0.86975E-04   0.50129E+00   0.50128E+00   0.10032E+02
   0.36848E+04   0.93260E-04   0.51487E+00   0.51485E+00   0.10745E+02
   0.36848E+04   0.10000E-03   0.52966E+00   0.52965E+00   0.11451E+02
   0.36848E+04   0.10723E-03   0.54474E+00   0.54472E+00   0.12211E+02
   0.36848E+04   0.11498E-03   0.56010E+00   0.56008E+00   0.13030E+02
   0.36848E+04   0.12328E-03   0.57574E+00   0.57572E+00   0.13915E+02
   0.36848E+04   0.13219E-03   0.59166E+00   0.59165E+00   0.14868E+02
   0.36848E+04   0.14175E-03   0.60787E+00   0.60785E+00   0.15897E+02
   0.36848E+04   0.15199E-03   0.62527E+00   0.62525E+00   0.16892E+02
   0.36848E+04   0.16298E-03   0.64358E+00   0.64356E+00   0.17880E+02
   0.36848E+04   0.17475E-03   0.66222E+00   0.66220E+00   0.18935E+02
   0.36848E+04   0.18738E-03   0.68119E+00   0.68117E+00   0.20063E+02
   0.36848E+04   0.20092E-03   0.70049E+00   0.70048E+00   0.21268E+02
   0.36848E+04   0.21544E-03   0.72013E+00   0.72011E+00   0.22557E+02
   0.36848E+04   0.23101E-03   0.74009E+00   0.74007E+00   0.23934E+02
   0.36848E+04   0.24771E-03   0.76070E+00   0.76069E+00   0.25055E+02
   0.36848E+04   0.26561E-03   0.78168E+00   0.78167E+00   0.26187E+02
   0.36848E+04   0.28480E-03   0.80298E+00   0.80297E+00   0.27381E+02
   0.36848E+04   0.30539E-03   0.82460E+00   0.82458E+00   0.28643E+02
   0.36848E+04   0.32745E-03   0.84653E+00   0.84652E+00   0.29975E+02
   0.36848E+04   0.35112E-03   0.86877E+00   0.86876E+00   0.31382E+02
   0.36848E+04   0.37649E-03   0.89181E+00   0.89179E+00   0.32784E+02
   0.36848E+04   0.40370E-03   0.91795E+00   0.91793E+00   0.33762E+02
   0.36848E+04   0.43288E-03   0.94451E+00   0.94450E+00   0.34787E+02
   0.36848E+04   0.46416E-03   0.97151E+00   0.97149E+00   0.35864E+02
   0.36848E+04   0.49770E-03   0.99892E+00   0.99891E+00   0.36993E+02
   0.36848E+04   0.53367E-03   0.10268E+01   0.10267E+01   0.38179E+02
   0.36848E+04   0.57224E-03   0.10550E+01   0.10550E+01   0.39424E+02
   0.36848E+04   0.61359E-03   0.10857E+01   0.10857E+01   0.40460E+02
   0.36848E+04   0.65793E-03   0.11199E+01   0.11199E+01   0.41159E+02
   0.36848E+04   0.70548E-03   0.11547E+01   0.11547E+01   0.41899E+02
   0.36848E+04   0.75646E-03   0.11901E+01   0.11901E+01   0.42683E+02
   0.36848E+04   0.81113E-03   0.12261E+01   0.12261E+01   0.43512E+02
   0.36848E+04   0.86975E-03   0.12627E+01   0.12627E+01   0.44390E+02
   0.36848E+04   0.93260E-03   0.13000E+01   0.13000E+01   0.45318E+02
   0.36848E+04   0.10000E-02   0.13416E+01   0.13416E+01   0.45778E+02
   0.37242E+04   0.10000E-05   0.19900E-01   0.19878E-01   0.20794E+00
   0.37242E+04   0.10723E-05   0.21611E-01   0.21588E-01   0.21680E+00
   0.37242E+04   0.11498E-05   0.23445E-01   0.23421E-01   0.22616E+00
   0.37242E+04   0.12328E-05   0.25408E-01   0.25384E-01   0.23608E+00
   0.37242E+04   0.13219E-05   0.27507E-01   0.27482E-01   0.24657E+00
   0.37242E+04   0.14175E-05   0.29703E-01   0.29678E-01   0.25683E+00
   0.37242E+04   0.15199E-05   0.32049E-01   0.32024E-01   0.26758E+00
   0.37242E+04   0.16298E-05   0.34557E-01   0.34532E-01   0.27894E+00
   0.37242E+04   0.17475E-05   0.37237E-01   0.37211E-01   0.29095E+00
   0.37242E+04   0.18738E-05   0.40099E-01   0.40072E-01   0.30367E+00
   0.37242E+04   0.20092E-05   0.43152E-01   0.43125E-01   0.31715E+00
   0.37242E+04   0.21544E-05   0.46376E-01   0.46349E-01   0.33124E+00
   0.37242E+04   0.23101E-05   0.49662E-01   0.49635E-01   0.34517E+00
   0.37242E+04   0.24771E-05   0.53161E-01   0.53133E-01   0.35994E+00
   0.37242E+04   0.26561E-05   0.56883E-01   0.56855E-01   0.37566E+00
   0.37242E+04   0.28480E-05   0.60842E-01   0.60814E-01   0.39238E+00
   0.37242E+04   0.30539E-05   0.65051E-01   0.65023E-01   0.41021E+00
   0.37242E+04   0.32745E-05   0.69524E-01   0.69495E-01   0.42925E+00
   0.37242E+04   0.35112E-05   0.74194E-01   0.74165E-01   0.44945E+00
   0.37242E+04   0.37649E-05   0.79044E-01   0.79016E-01   0.47089E+00
   0.37242E+04   0.40370E-05   0.84191E-01   0.84163E-01   0.49391E+00
   0.37242E+04   0.43288E-05   0.89651E-01   0.89623E-01   0.51868E+00
   0.37242E+04   0.46416E-05   0.95442E-01   0.95414E-01   0.54539E+00
   0.37242E+04   0.49770E-05   0.10158E+00   0.10155E+00   0.57427E+00
   0.37242E+04   0.53367E-05   0.10809E+00   0.10806E+00   0.60558E+00
   0.37242E+04   0.57224E-05   0.11408E+00   0.11405E+00   0.63546E+00
   0.37242E+04   0.61359E-05   0.11996E+00   0.11994E+00   0.66598E+00
   0.37242E+04   0.65793E-05   0.12614E+00   0.12611E+00   0.69907E+00
   0.37242E+04   0.70548E-05   0.13260E+00   0.13258E+00   0.73506E+00
   0.37242E+04   0.75646E-05   0.13938E+00   0.13936E+00   0.77430E+00
   0.37242E+04   0.81113E-05   0.14649E+00   0.14646E+00   0.81721E+00
   0.37242E+04   0.86975E-05   0.15396E+00   0.15394E+00   0.86439E+00
   0.37242E+04   0.93260E-05   0.16073E+00   0.16071E+00   0.91149E+00
   0.37242E+04   0.10000E-04   0.16778E+00   0.16775E+00   0.96317E+00
   0.37242E+04   0.10723E-04   0.17512E+00   0.17509E+00   0.10200E+01
   0.37242E+04   0.11498E-04   0.18276E+00   0.18273E+00   0.10826E+01
   0.37242E+04   0.12328E-04   0.19070E+00   0.19068E+00   0.11518E+01
   0.37242E+04   0.13219E-04   0.19898E+00   0.19895E+00   0.12285E+01
   0.37242E+04   0.14175E-04   0.20845E+00   0.20842E+00   0.13201E+01
   0.37242E+04   0.15199E-04   0.22139E+00   0.22137E+00   0.14474E+01
   0.37242E+04   0.16298E-04   0.23511E+00   0.23508E+00   0.15923E+01
   0.37242E+04   0.17475E-04   0.24963E+00   0.24961E+00   0.17580E+01
   0.37242E+04   0.18738E-04   0.26501E+00   0.26499E+00   0.19478E+01
   0.37242E+04   0.20092E-04   0.28130E+00   0.28128E+00   0.21658E+01
   0.37242E+04   0.21544E-04   0.29855E+00   0.29853E+00   0.24167E+01
   0.37242E+04   0.23101E-04   0.31187E+00   0.31185E+00   0.26399E+01
   0.37242E+04   0.24771E-04   0.32052E+00   0.32050E+00   0.28171E+01
   0.37242E+04   0.26561E-04   0.32938E+00   0.32936E+00   0.30115E+01
   0.37242E+04   0.28480E-04   0.33844E+00   0.33842E+00   0.32247E+01
   0.37242E+04   0.30539E-04   0.34772E+00   0.34770E+00   0.34586E+01
   0.37242E+04   0.32745E-04   0.35721E+00   0.35719E+00   0.37156E+01
   0.37242E+04   0.35112E-04   0.36692E+00   0.36690E+00   0.39980E+01
   0.37242E+04   0.37649E-04   0.37684E+00   0.37682E+00   0.42837E+01
   0.37242E+04   0.40370E-04   0.38697E+00   0.38695E+00   0.45874E+01
   0.37242E+04   0.43288E-04   0.39732E+00   0.39730E+00   0.49188E+01
   0.37242E+04   0.46416E-04   0.40788E+00   0.40787E+00   0.52805E+01
   0.37242E+04   0.49770E-04   0.41867E+00   0.41865E+00   0.56755E+01
   0.37242E+04   0.53367E-04   0.42968E+00   0.42966E+00   0.61070E+01
   0.37242E+04   0.57224E-04   0.44098E+00   0.44097E+00   0.65743E+01
   0.37242E+04   0.61359E-04   0.45343E+00   0.45341E+00   0.70309E+01
   0.37242E+04   0.65793E-04   0.46613E+00   0.46611E+00   0.75266E+01
   0.37242E+04   0.70548E-04   0.47908E+00   0.47907E+00   0.80649E+01
   0.37242E+04   0.75646E-04   0.49230E+00   0.49228E+00   0.86497E+01
   0.37242E+04   0.81113E-04   0.50577E+00   0.50575E+00   0.92851E+01
   0.37242E+04   0.86975E-04   0.51951E+00   0.51949E+00   0.99758E+01
   0.37242E+04   0.93260E-04   0.53400E+00   0.53398E+00   0.10694E+02
   0.37242E+04   0.10000E-03   0.54972E+00   0.54970E+00   0.11404E+02
   0.37242E+04   0.10723E-03   0.56575E+00   0.56574E+00   0.12171E+02
   0.37242E+04   0.11498E-03   0.58210E+00   0.58208E+00   0.12999E+02
   0.37242E+04   0.12328E-03   0.59875E+00   0.59873E+00   0.13893E+02
   0.37242E+04   0.13219E-03   0.61572E+00   0.61570E+00   0.14858E+02
   0.37242E+04   0.14175E-03   0.63300E+00   0.63298E+00   0.15900E+02
   0.37242E+04   0.15199E-03   0.65151E+00   0.65150E+00   0.16910E+02
   0.37242E+04   0.16298E-03   0.67097E+00   0.67096E+00   0.17915E+02
   0.37242E+04   0.17475E-03   0.69080E+00   0.69078E+00   0.18990E+02
   0.37242E+04   0.18738E-03   0.71098E+00   0.71097E+00   0.20140E+02
   0.37242E+04   0.20092E-03   0.73153E+00   0.73152E+00   0.21370E+02
   0.37242E+04   0.21544E-03   0.75245E+00   0.75243E+00   0.22685E+02
   0.37242E+04   0.23101E-03   0.77372E+00   0.77371E+00   0.24092E+02
   0.37242E+04   0.24771E-03   0.79553E+00   0.79552E+00   0.25240E+02
   0.37242E+04   0.26561E-03   0.81772E+00   0.81770E+00   0.26400E+02
   0.37242E+04   0.28480E-03   0.84024E+00   0.84023E+00   0.27624E+02
   0.37242E+04   0.30539E-03   0.86311E+00   0.86309E+00   0.28918E+02
   0.37242E+04   0.32745E-03   0.88631E+00   0.88630E+00   0.30285E+02
   0.37242E+04   0.35112E-03   0.90985E+00   0.90984E+00   0.31730E+02
   0.37242E+04   0.37649E-03   0.93423E+00   0.93422E+00   0.33170E+02
   0.37242E+04   0.40370E-03   0.96194E+00   0.96192E+00   0.34177E+02
   0.37242E+04   0.43288E-03   0.99010E+00   0.99008E+00   0.35234E+02
   0.37242E+04   0.46416E-03   0.10187E+01   0.10187E+01   0.36343E+02
   0.37242E+04   0.49770E-03   0.10478E+01   0.10478E+01   0.37507E+02
   0.37242E+04   0.53367E-03   0.10773E+01   0.10773E+01   0.38729E+02
   0.37242E+04   0.57224E-03   0.11073E+01   0.11073E+01   0.40012E+02
   0.37242E+04   0.61359E-03   0.11398E+01   0.11398E+01   0.41083E+02
   0.37242E+04   0.65793E-03   0.11760E+01   0.11760E+01   0.41808E+02
   0.37242E+04   0.70548E-03   0.12129E+01   0.12129E+01   0.42575E+02
   0.37242E+04   0.75646E-03   0.12504E+01   0.12504E+01   0.43388E+02
   0.37242E+04   0.81113E-03   0.12886E+01   0.12886E+01   0.44248E+02
   0.37242E+04   0.86975E-03   0.13274E+01   0.13274E+01   0.45157E+02
   0.37242E+04   0.93260E-03   0.13668E+01   0.13668E+01   0.46118E+02
   0.37242E+04   0.10000E-02   0.14109E+01   0.14109E+01   0.46598E+02
   0.37636E+04   0.10000E-05   0.17144E-01   0.17121E-01   0.20040E+00
   0.37636E+04   0.10723E-05   0.18691E-01   0.18668E-01   0.20907E+00
   0.37636E+04   0.11498E-05   0.20355E-01   0.20331E-01   0.21826E+00
   0.37636E+04   0.12328E-05   0.22140E-01   0.22116E-01   0.22800E+00
   0.37636E+04   0.13219E-05   0.24053E-01   0.24029E-01   0.23831E+00
   0.37636E+04   0.14175E-05   0.26083E-01   0.26058E-01   0.24846E+00
   0.37636E+04   0.15199E-05   0.28259E-01   0.28234E-01   0.25910E+00
   0.37636E+04   0.16298E-05   0.30595E-01   0.30569E-01   0.27036E+00
   0.37636E+04   0.17475E-05   0.33098E-01   0.33071E-01   0.28227E+00
   0.37636E+04   0.18738E-05   0.35778E-01   0.35751E-01   0.29488E+00
   0.37636E+04   0.20092E-05   0.38645E-01   0.38618E-01   0.30824E+00
   0.37636E+04   0.21544E-05   0.41688E-01   0.41660E-01   0.32223E+00
   0.37636E+04   0.23101E-05   0.44827E-01   0.44799E-01   0.33610E+00
   0.37636E+04   0.24771E-05   0.48182E-01   0.48153E-01   0.35083E+00
   0.37636E+04   0.26561E-05   0.51763E-01   0.51735E-01   0.36648E+00
   0.37636E+04   0.28480E-05   0.55586E-01   0.55557E-01   0.38315E+00
   0.37636E+04   0.30539E-05   0.59663E-01   0.59634E-01   0.40091E+00
   0.37636E+04   0.32745E-05   0.64010E-01   0.63981E-01   0.41986E+00
   0.37636E+04   0.35112E-05   0.68485E-01   0.68456E-01   0.43945E+00
   0.37636E+04   0.37649E-05   0.73033E-01   0.73003E-01   0.45949E+00
   0.37636E+04   0.40370E-05   0.77861E-01   0.77832E-01   0.48093E+00
   0.37636E+04   0.43288E-05   0.82986E-01   0.82956E-01   0.50391E+00
   0.37636E+04   0.46416E-05   0.88423E-01   0.88394E-01   0.52860E+00
   0.37636E+04   0.49770E-05   0.94191E-01   0.94161E-01   0.55519E+00
   0.37636E+04   0.53367E-05   0.10031E+00   0.10028E+00   0.58388E+00
   0.37636E+04   0.57224E-05   0.10620E+00   0.10617E+00   0.61257E+00
   0.37636E+04   0.61359E-05   0.11215E+00   0.11212E+00   0.64254E+00
   0.37636E+04   0.65793E-05   0.11842E+00   0.11839E+00   0.67499E+00
   0.37636E+04   0.70548E-05   0.12501E+00   0.12498E+00   0.71024E+00
   0.37636E+04   0.75646E-05   0.13195E+00   0.13192E+00   0.74863E+00
   0.37636E+04   0.81113E-05   0.13924E+00   0.13922E+00   0.79056E+00
   0.37636E+04   0.86975E-05   0.14696E+00   0.14693E+00   0.83663E+00
   0.37636E+04   0.93260E-05   0.15394E+00   0.15391E+00   0.88238E+00
   0.37636E+04   0.10000E-04   0.16124E+00   0.16121E+00   0.93253E+00
   0.37636E+04   0.10723E-04   0.16886E+00   0.16883E+00   0.98765E+00
   0.37636E+04   0.11498E-04   0.17682E+00   0.17679E+00   0.10484E+01
   0.37636E+04   0.12328E-04   0.18513E+00   0.18511E+00   0.11155E+01
   0.37636E+04   0.13219E-04   0.19381E+00   0.19379E+00   0.11898E+01
   0.37636E+04   0.14175E-04   0.20382E+00   0.20380E+00   0.12794E+01
   0.37636E+04   0.15199E-04   0.21772E+00   0.21769E+00   0.14069E+01
   0.37636E+04   0.16298E-04   0.23253E+00   0.23250E+00   0.15526E+01
   0.37636E+04   0.17475E-04   0.24830E+00   0.24827E+00   0.17199E+01
   0.37636E+04   0.18738E-04   0.26509E+00   0.26507E+00   0.19124E+01
   0.37636E+04   0.20092E-04   0.28298E+00   0.28296E+00   0.21347E+01
   0.37636E+04   0.21544E-04   0.30202E+00   0.30200E+00   0.23919E+01
   0.37636E+04   0.23101E-04   0.31659E+00   0.31657E+00   0.26180E+01
   0.37636E+04   0.24771E-04   0.32577E+00   0.32575E+00   0.27924E+01
   0.37636E+04   0.26561E-04   0.33518E+00   0.33516E+00   0.29837E+01
   0.37636E+04   0.28480E-04   0.34482E+00   0.34480E+00   0.31938E+01
   0.37636E+04   0.30539E-04   0.35470E+00   0.35468E+00   0.34247E+01
   0.37636E+04   0.32745E-04   0.36482E+00   0.36480E+00   0.36784E+01
   0.37636E+04   0.35112E-04   0.37519E+00   0.37517E+00   0.39575E+01
   0.37636E+04   0.37649E-04   0.38573E+00   0.38571E+00   0.42403E+01
   0.37636E+04   0.40370E-04   0.39648E+00   0.39646E+00   0.45413E+01
   0.37636E+04   0.43288E-04   0.40748E+00   0.40746E+00   0.48701E+01
   0.37636E+04   0.46416E-04   0.41871E+00   0.41869E+00   0.52294E+01
   0.37636E+04   0.49770E-04   0.43019E+00   0.43017E+00   0.56223E+01
   0.37636E+04   0.53367E-04   0.44192E+00   0.44190E+00   0.60520E+01
   0.37636E+04   0.57224E-04   0.45397E+00   0.45395E+00   0.65179E+01
   0.37636E+04   0.61359E-04   0.46719E+00   0.46717E+00   0.69739E+01
   0.37636E+04   0.65793E-04   0.48069E+00   0.48067E+00   0.74694E+01
   0.37636E+04   0.70548E-04   0.49448E+00   0.49446E+00   0.80082E+01
   0.37636E+04   0.75646E-04   0.50855E+00   0.50853E+00   0.85941E+01
   0.37636E+04   0.81113E-04   0.52291E+00   0.52290E+00   0.92315E+01
   0.37636E+04   0.86975E-04   0.53757E+00   0.53755E+00   0.99251E+01
   0.37636E+04   0.93260E-04   0.55300E+00   0.55298E+00   0.10647E+02
   0.37636E+04   0.10000E-03   0.56967E+00   0.56965E+00   0.11363E+02
   0.37636E+04   0.10723E-03   0.58668E+00   0.58666E+00   0.12136E+02
   0.37636E+04   0.11498E-03   0.60403E+00   0.60401E+00   0.12971E+02
   0.37636E+04   0.12328E-03   0.62173E+00   0.62171E+00   0.13874E+02
   0.37636E+04   0.13219E-03   0.63977E+00   0.63975E+00   0.14850E+02
   0.37636E+04   0.14175E-03   0.65816E+00   0.65814E+00   0.15905E+02
   0.37636E+04   0.15199E-03   0.67782E+00   0.67780E+00   0.16930E+02
   0.37636E+04   0.16298E-03   0.69846E+00   0.69844E+00   0.17951E+02
   0.37636E+04   0.17475E-03   0.71950E+00   0.71948E+00   0.19045E+02
   0.37636E+04   0.18738E-03   0.74093E+00   0.74092E+00   0.20215E+02
   0.37636E+04   0.20092E-03   0.76277E+00   0.76275E+00   0.21469E+02
   0.37636E+04   0.21544E-03   0.78500E+00   0.78498E+00   0.22810E+02
   0.37636E+04   0.23101E-03   0.80763E+00   0.80761E+00   0.24247E+02
   0.37636E+04   0.24771E-03   0.83067E+00   0.83065E+00   0.25422E+02
   0.37636E+04   0.26561E-03   0.85409E+00   0.85407E+00   0.26608E+02
   0.37636E+04   0.28480E-03   0.87787E+00   0.87785E+00   0.27862E+02
   0.37636E+04   0.30539E-03   0.90202E+00   0.90200E+00   0.29187E+02
   0.37636E+04   0.32745E-03   0.92653E+00   0.92651E+00   0.30589E+02
   0.37636E+04   0.35112E-03   0.95139E+00   0.95138E+00   0.32070E+02
   0.37636E+04   0.37649E-03   0.97716E+00   0.97714E+00   0.33548E+02
   0.37636E+04   0.40370E-03   0.10065E+01   0.10065E+01   0.34585E+02
   0.37636E+04   0.43288E-03   0.10363E+01   0.10363E+01   0.35672E+02
   0.37636E+04   0.46416E-03   0.10666E+01   0.10666E+01   0.36813E+02
   0.37636E+04   0.49770E-03   0.10974E+01   0.10973E+01   0.38011E+02
   0.37636E+04   0.53367E-03   0.11286E+01   0.11286E+01   0.39268E+02
   0.37636E+04   0.57224E-03   0.11604E+01   0.11603E+01   0.40589E+02
   0.37636E+04   0.61359E-03   0.11948E+01   0.11948E+01   0.41694E+02
   0.37636E+04   0.65793E-03   0.12331E+01   0.12331E+01   0.42446E+02
   0.37636E+04   0.70548E-03   0.12721E+01   0.12721E+01   0.43241E+02
   0.37636E+04   0.75646E-03   0.13118E+01   0.13118E+01   0.44083E+02
   0.37636E+04   0.81113E-03   0.13522E+01   0.13522E+01   0.44972E+02
   0.37636E+04   0.86975E-03   0.13933E+01   0.13932E+01   0.45913E+02
   0.37636E+04   0.93260E-03   0.14350E+01   0.14350E+01   0.46907E+02
   0.37636E+04   0.10000E-02   0.14815E+01   0.14815E+01   0.47407E+02
   0.38030E+04   0.10000E-05   0.14980E-01   0.14958E-01   0.20009E+00
   0.38030E+04   0.10723E-05   0.16383E-01   0.16361E-01   0.20871E+00
   0.38030E+04   0.11498E-05   0.17896E-01   0.17873E-01   0.21784E+00
   0.38030E+04   0.12328E-05   0.19524E-01   0.19501E-01   0.22751E+00
   0.38030E+04   0.13219E-05   0.21272E-01   0.21249E-01   0.23774E+00
   0.38030E+04   0.14175E-05   0.23132E-01   0.23108E-01   0.24788E+00
   0.38030E+04   0.15199E-05   0.25130E-01   0.25106E-01   0.25850E+00
   0.38030E+04   0.16298E-05   0.27278E-01   0.27253E-01   0.26972E+00
   0.38030E+04   0.17475E-05   0.29584E-01   0.29559E-01   0.28157E+00
   0.38030E+04   0.18738E-05   0.32058E-01   0.32032E-01   0.29411E+00
   0.38030E+04   0.20092E-05   0.34709E-01   0.34682E-01   0.30737E+00
   0.38030E+04   0.21544E-05   0.37527E-01   0.37500E-01   0.32123E+00
   0.38030E+04   0.23101E-05   0.40451E-01   0.40423E-01   0.33501E+00
   0.38030E+04   0.24771E-05   0.43579E-01   0.43551E-01   0.34961E+00
   0.38030E+04   0.26561E-05   0.46924E-01   0.46896E-01   0.36509E+00
   0.38030E+04   0.28480E-05   0.50500E-01   0.50471E-01   0.38154E+00
   0.38030E+04   0.30539E-05   0.54318E-01   0.54289E-01   0.39904E+00
   0.38030E+04   0.32745E-05   0.58394E-01   0.58365E-01   0.41766E+00
   0.38030E+04   0.35112E-05   0.62598E-01   0.62568E-01   0.43683E+00
   0.38030E+04   0.37649E-05   0.66880E-01   0.66851E-01   0.45633E+00
   0.38030E+04   0.40370E-05   0.71433E-01   0.71403E-01   0.47715E+00
   0.38030E+04   0.43288E-05   0.76270E-01   0.76240E-01   0.49939E+00
   0.38030E+04   0.46416E-05   0.81408E-01   0.81378E-01   0.52322E+00
   0.38030E+04   0.49770E-05   0.86864E-01   0.86834E-01   0.54879E+00
   0.38030E+04   0.53367E-05   0.92655E-01   0.92625E-01   0.57628E+00
   0.38030E+04   0.57224E-05   0.98338E-01   0.98309E-01   0.60407E+00
   0.38030E+04   0.61359E-05   0.10414E+00   0.10411E+00   0.63320E+00
   0.38030E+04   0.65793E-05   0.11025E+00   0.11023E+00   0.66465E+00
   0.38030E+04   0.70548E-05   0.11671E+00   0.11668E+00   0.69871E+00
   0.38030E+04   0.75646E-05   0.12351E+00   0.12348E+00   0.73569E+00
   0.38030E+04   0.81113E-05   0.13069E+00   0.13066E+00   0.77595E+00
   0.38030E+04   0.86975E-05   0.13828E+00   0.13825E+00   0.82005E+00
   0.38030E+04   0.93260E-05   0.14527E+00   0.14524E+00   0.86392E+00
   0.38030E+04   0.10000E-04   0.15259E+00   0.15256E+00   0.91190E+00
   0.38030E+04   0.10723E-04   0.16025E+00   0.16023E+00   0.96450E+00
   0.38030E+04   0.11498E-04   0.16828E+00   0.16825E+00   0.10223E+01
   0.38030E+04   0.12328E-04   0.17668E+00   0.17666E+00   0.10861E+01
   0.38030E+04   0.13219E-04   0.18548E+00   0.18545E+00   0.11565E+01
   0.38030E+04   0.14175E-04   0.19551E+00   0.19548E+00   0.12408E+01
   0.38030E+04   0.15199E-04   0.20903E+00   0.20901E+00   0.13584E+01
   0.38030E+04   0.16298E-04   0.22345E+00   0.22342E+00   0.14924E+01
   0.38030E+04   0.17475E-04   0.23881E+00   0.23879E+00   0.16455E+01
   0.38030E+04   0.18738E-04   0.25519E+00   0.25516E+00   0.18209E+01
   0.38030E+04   0.20092E-04   0.27264E+00   0.27262E+00   0.20227E+01
   0.38030E+04   0.21544E-04   0.29123E+00   0.29121E+00   0.22554E+01
   0.38030E+04   0.23101E-04   0.30585E+00   0.30583E+00   0.24622E+01
   0.38030E+04   0.24771E-04   0.31565E+00   0.31563E+00   0.26261E+01
   0.38030E+04   0.26561E-04   0.32572E+00   0.32570E+00   0.28063E+01
   0.38030E+04   0.28480E-04   0.33607E+00   0.33605E+00   0.30045E+01
   0.38030E+04   0.30539E-04   0.34670E+00   0.34668E+00   0.32227E+01
   0.38030E+04   0.32745E-04   0.35763E+00   0.35761E+00   0.34631E+01
   0.38030E+04   0.35112E-04   0.36885E+00   0.36883E+00   0.37282E+01
   0.38030E+04   0.37649E-04   0.38020E+00   0.38018E+00   0.39977E+01
   0.38030E+04   0.40370E-04   0.39177E+00   0.39175E+00   0.42854E+01
   0.38030E+04   0.43288E-04   0.40363E+00   0.40361E+00   0.46005E+01
   0.38030E+04   0.46416E-04   0.41578E+00   0.41576E+00   0.49457E+01
   0.38030E+04   0.49770E-04   0.42823E+00   0.42821E+00   0.53243E+01
   0.38030E+04   0.53367E-04   0.44099E+00   0.44097E+00   0.57394E+01
   0.38030E+04   0.57224E-04   0.45412E+00   0.45410E+00   0.61908E+01
   0.38030E+04   0.61359E-04   0.46835E+00   0.46833E+00   0.66336E+01
   0.38030E+04   0.65793E-04   0.48291E+00   0.48289E+00   0.71160E+01
   0.38030E+04   0.70548E-04   0.49782E+00   0.49780E+00   0.76418E+01
   0.38030E+04   0.75646E-04   0.51307E+00   0.51305E+00   0.82151E+01
   0.38030E+04   0.81113E-04   0.52868E+00   0.52866E+00   0.88405E+01
   0.38030E+04   0.86975E-04   0.54464E+00   0.54462E+00   0.95229E+01
   0.38030E+04   0.93260E-04   0.56169E+00   0.56167E+00   0.10242E+02
   0.38030E+04   0.10000E-03   0.58055E+00   0.58054E+00   0.10973E+02
   0.38030E+04   0.10723E-03   0.59987E+00   0.59985E+00   0.11767E+02
   0.38030E+04   0.11498E-03   0.61965E+00   0.61964E+00   0.12628E+02
   0.38030E+04   0.12328E-03   0.63990E+00   0.63988E+00   0.13562E+02
   0.38030E+04   0.13219E-03   0.66062E+00   0.66060E+00   0.14578E+02
   0.38030E+04   0.14175E-03   0.68181E+00   0.68179E+00   0.15681E+02
   0.38030E+04   0.15199E-03   0.70341E+00   0.70339E+00   0.16729E+02
   0.38030E+04   0.16298E-03   0.72540E+00   0.72539E+00   0.17755E+02
   0.38030E+04   0.17475E-03   0.74784E+00   0.74783E+00   0.18855E+02
   0.38030E+04   0.18738E-03   0.77073E+00   0.77071E+00   0.20034E+02
   0.38030E+04   0.20092E-03   0.79406E+00   0.79404E+00   0.21298E+02
   0.38030E+04   0.21544E-03   0.81784E+00   0.81782E+00   0.22652E+02
   0.38030E+04   0.23101E-03   0.84206E+00   0.84204E+00   0.24104E+02
   0.38030E+04   0.24771E-03   0.86665E+00   0.86663E+00   0.25296E+02
   0.38030E+04   0.26561E-03   0.89164E+00   0.89163E+00   0.26501E+02
   0.38030E+04   0.28480E-03   0.91704E+00   0.91703E+00   0.27776E+02
   0.38030E+04   0.30539E-03   0.94285E+00   0.94284E+00   0.29125E+02
   0.38030E+04   0.32745E-03   0.96906E+00   0.96905E+00   0.30553E+02
   0.38030E+04   0.35112E-03   0.99567E+00   0.99566E+00   0.32063E+02
   0.38030E+04   0.37649E-03   0.10232E+01   0.10232E+01   0.33572E+02
   0.38030E+04   0.40370E-03   0.10545E+01   0.10545E+01   0.34637E+02
   0.38030E+04   0.43288E-03   0.10863E+01   0.10863E+01   0.35753E+02
   0.38030E+04   0.46416E-03   0.11187E+01   0.11187E+01   0.36926E+02
   0.38030E+04   0.49770E-03   0.11516E+01   0.11516E+01   0.38157E+02
   0.38030E+04   0.53367E-03   0.11850E+01   0.11850E+01   0.39450E+02
   0.38030E+04   0.57224E-03   0.12190E+01   0.12190E+01   0.40809E+02
   0.38030E+04   0.61359E-03   0.12558E+01   0.12558E+01   0.41948E+02
   0.38030E+04   0.65793E-03   0.12966E+01   0.12966E+01   0.42729E+02
   0.38030E+04   0.70548E-03   0.13383E+01   0.13382E+01   0.43555E+02
   0.38030E+04   0.75646E-03   0.13806E+01   0.13806E+01   0.44428E+02
   0.38030E+04   0.81113E-03   0.14238E+01   0.14237E+01   0.45351E+02
   0.38030E+04   0.86975E-03   0.14676E+01   0.14676E+01   0.46326E+02
   0.38030E+04   0.93260E-03   0.15123E+01   0.15122E+01   0.47356E+02
   0.38030E+04   0.10000E-02   0.15618E+01   0.15618E+01   0.47885E+02
   0.38424E+04   0.10000E-05   0.13021E-01   0.12999E-01   0.20147E+00
   0.38424E+04   0.10723E-05   0.14283E-01   0.14262E-01   0.21009E+00
   0.38424E+04   0.11498E-05   0.15648E-01   0.15626E-01   0.21920E+00
   0.38424E+04   0.12328E-05   0.17122E-01   0.17100E-01   0.22884E+00
   0.38424E+04   0.13219E-05   0.18709E-01   0.18686E-01   0.23903E+00
   0.38424E+04   0.14175E-05   0.20399E-01   0.20376E-01   0.24919E+00
   0.38424E+04   0.15199E-05   0.22220E-01   0.22196E-01   0.25983E+00
   0.38424E+04   0.16298E-05   0.24180E-01   0.24157E-01   0.27106E+00
   0.38424E+04   0.17475E-05   0.26289E-01   0.26265E-01   0.28290E+00
   0.38424E+04   0.18738E-05   0.28555E-01   0.28530E-01   0.29540E+00
   0.38424E+04   0.20092E-05   0.30985E-01   0.30960E-01   0.30861E+00
   0.38424E+04   0.21544E-05   0.33575E-01   0.33549E-01   0.32240E+00
   0.38424E+04   0.23101E-05   0.36274E-01   0.36248E-01   0.33611E+00
   0.38424E+04   0.24771E-05   0.39166E-01   0.39140E-01   0.35062E+00
   0.38424E+04   0.26561E-05   0.42263E-01   0.42236E-01   0.36598E+00
   0.38424E+04   0.28480E-05   0.45575E-01   0.45548E-01   0.38226E+00
   0.38424E+04   0.30539E-05   0.49117E-01   0.49089E-01   0.39953E+00
   0.38424E+04   0.32745E-05   0.52900E-01   0.52872E-01   0.41787E+00
   0.38424E+04   0.35112E-05   0.56824E-01   0.56795E-01   0.43675E+00
   0.38424E+04   0.37649E-05   0.60851E-01   0.60822E-01   0.45600E+00
   0.38424E+04   0.40370E-05   0.65138E-01   0.65109E-01   0.47650E+00
   0.38424E+04   0.43288E-05   0.69700E-01   0.69670E-01   0.49834E+00
   0.38424E+04   0.46416E-05   0.74552E-01   0.74522E-01   0.52168E+00
   0.38424E+04   0.49770E-05   0.79710E-01   0.79680E-01   0.54665E+00
   0.38424E+04   0.53367E-05   0.85192E-01   0.85162E-01   0.57341E+00
   0.38424E+04   0.57224E-05   0.90636E-01   0.90606E-01   0.60053E+00
   0.38424E+04   0.61359E-05   0.96230E-01   0.96201E-01   0.62895E+00
   0.38424E+04   0.65793E-05   0.10214E+00   0.10211E+00   0.65955E+00
   0.38424E+04   0.70548E-05   0.10839E+00   0.10836E+00   0.69257E+00
   0.38424E+04   0.75646E-05   0.11500E+00   0.11497E+00   0.72830E+00
   0.38424E+04   0.81113E-05   0.12197E+00   0.12194E+00   0.76707E+00
   0.38424E+04   0.86975E-05   0.12937E+00   0.12934E+00   0.80937E+00
   0.38424E+04   0.93260E-05   0.13629E+00   0.13626E+00   0.85159E+00
   0.38424E+04   0.10000E-04   0.14357E+00   0.14354E+00   0.89763E+00
   0.38424E+04   0.10723E-04   0.15120E+00   0.15117E+00   0.94796E+00
   0.38424E+04   0.11498E-04   0.15921E+00   0.15919E+00   0.10031E+01
   0.38424E+04   0.12328E-04   0.16762E+00   0.16760E+00   0.10638E+01
   0.38424E+04   0.13219E-04   0.17645E+00   0.17642E+00   0.11306E+01
   0.38424E+04   0.14175E-04   0.18638E+00   0.18635E+00   0.12097E+01
   0.38424E+04   0.15199E-04   0.19925E+00   0.19923E+00   0.13168E+01
   0.38424E+04   0.16298E-04   0.21298E+00   0.21295E+00   0.14380E+01
   0.38424E+04   0.17475E-04   0.22761E+00   0.22758E+00   0.15758E+01
   0.38424E+04   0.18738E-04   0.24319E+00   0.24316E+00   0.17328E+01
   0.38424E+04   0.20092E-04   0.25979E+00   0.25977E+00   0.19122E+01
   0.38424E+04   0.21544E-04   0.27747E+00   0.27745E+00   0.21179E+01
   0.38424E+04   0.23101E-04   0.29187E+00   0.29184E+00   0.23039E+01
   0.38424E+04   0.24771E-04   0.30222E+00   0.30220E+00   0.24568E+01
   0.38424E+04   0.26561E-04   0.31291E+00   0.31288E+00   0.26252E+01
   0.38424E+04   0.28480E-04   0.32392E+00   0.32390E+00   0.28108E+01
   0.38424E+04   0.30539E-04   0.33528E+00   0.33525E+00   0.30155E+01
   0.38424E+04   0.32745E-04   0.34698E+00   0.34696E+00   0.32415E+01
   0.38424E+04   0.35112E-04   0.35904E+00   0.35902E+00   0.34913E+01
   0.38424E+04   0.37649E-04   0.37118E+00   0.37116E+00   0.37463E+01
   0.38424E+04   0.40370E-04   0.38356E+00   0.38354E+00   0.40192E+01
   0.38424E+04   0.43288E-04   0.39629E+00   0.39627E+00   0.43189E+01
   0.38424E+04   0.46416E-04   0.40937E+00   0.40935E+00   0.46482E+01
   0.38424E+04   0.49770E-04   0.42281E+00   0.42279E+00   0.50103E+01
   0.38424E+04   0.53367E-04   0.43662E+00   0.43660E+00   0.54085E+01
   0.38424E+04   0.57224E-04   0.45085E+00   0.45083E+00   0.58429E+01
   0.38424E+04   0.61359E-04   0.46611E+00   0.46609E+00   0.62699E+01
   0.38424E+04   0.65793E-04   0.48177E+00   0.48175E+00   0.67364E+01
   0.38424E+04   0.70548E-04   0.49784E+00   0.49782E+00   0.72463E+01
   0.38424E+04   0.75646E-04   0.51433E+00   0.51431E+00   0.78039E+01
   0.38424E+04   0.81113E-04   0.53124E+00   0.53122E+00   0.84139E+01
   0.38424E+04   0.86975E-04   0.54858E+00   0.54856E+00   0.90814E+01
   0.38424E+04   0.93260E-04   0.56740E+00   0.56738E+00   0.97951E+01
   0.38424E+04   0.10000E-03   0.58875E+00   0.58873E+00   0.10540E+02
   0.38424E+04   0.10723E-03   0.61071E+00   0.61069E+00   0.11353E+02
   0.38424E+04   0.11498E-03   0.63329E+00   0.63327E+00   0.12240E+02
   0.38424E+04   0.12328E-03   0.65649E+00   0.65648E+00   0.13208E+02
   0.38424E+04   0.13219E-03   0.68034E+00   0.68032E+00   0.14265E+02
   0.38424E+04   0.14175E-03   0.70484E+00   0.70482E+00   0.15420E+02
   0.38424E+04   0.15199E-03   0.72862E+00   0.72861E+00   0.16492E+02
   0.38424E+04   0.16298E-03   0.75204E+00   0.75202E+00   0.17520E+02
   0.38424E+04   0.17475E-03   0.77596E+00   0.77594E+00   0.18623E+02
   0.38424E+04   0.18738E-03   0.80037E+00   0.80035E+00   0.19806E+02
   0.38424E+04   0.20092E-03   0.82527E+00   0.82526E+00   0.21076E+02
   0.38424E+04   0.21544E-03   0.85068E+00   0.85067E+00   0.22439E+02
   0.38424E+04   0.23101E-03   0.87659E+00   0.87657E+00   0.23902E+02
   0.38424E+04   0.24771E-03   0.90284E+00   0.90283E+00   0.25108E+02
   0.38424E+04   0.26561E-03   0.92954E+00   0.92952E+00   0.26330E+02
   0.38424E+04   0.28480E-03   0.95669E+00   0.95667E+00   0.27624E+02
   0.38424E+04   0.30539E-03   0.98429E+00   0.98428E+00   0.28994E+02
   0.38424E+04   0.32745E-03   0.10123E+01   0.10123E+01   0.30444E+02
   0.38424E+04   0.35112E-03   0.10409E+01   0.10408E+01   0.31981E+02
   0.38424E+04   0.37649E-03   0.10704E+01   0.10704E+01   0.33518E+02
   0.38424E+04   0.40370E-03   0.11038E+01   0.11037E+01   0.34609E+02
   0.38424E+04   0.43288E-03   0.11377E+01   0.11377E+01   0.35755E+02
   0.38424E+04   0.46416E-03   0.11723E+01   0.11723E+01   0.36957E+02
   0.38424E+04   0.49770E-03   0.12075E+01   0.12075E+01   0.38221E+02
   0.38424E+04   0.53367E-03   0.12432E+01   0.12432E+01   0.39548E+02
   0.38424E+04   0.57224E-03   0.12796E+01   0.12796E+01   0.40944E+02
   0.38424E+04   0.61359E-03   0.13190E+01   0.13189E+01   0.42118E+02
   0.38424E+04   0.65793E-03   0.13626E+01   0.13625E+01   0.42928E+02
   0.38424E+04   0.70548E-03   0.14070E+01   0.14070E+01   0.43785E+02
   0.38424E+04   0.75646E-03   0.14523E+01   0.14523E+01   0.44690E+02
   0.38424E+04   0.81113E-03   0.14984E+01   0.14984E+01   0.45645E+02
   0.38424E+04   0.86975E-03   0.15453E+01   0.15453E+01   0.46654E+02
   0.38424E+04   0.93260E-03   0.15930E+01   0.15930E+01   0.47720E+02
   0.38424E+04   0.10000E-02   0.16459E+01   0.16459E+01   0.48281E+02
   0.38818E+04   0.10000E-05   0.11220E-01   0.11199E-01   0.20309E+00
   0.38818E+04   0.10723E-05   0.12345E-01   0.12324E-01   0.21171E+00
   0.38818E+04   0.11498E-05   0.13566E-01   0.13544E-01   0.22082E+00
   0.38818E+04   0.12328E-05   0.14887E-01   0.14866E-01   0.23044E+00
   0.38818E+04   0.13219E-05   0.16316E-01   0.16293E-01   0.24061E+00
   0.38818E+04   0.14175E-05   0.17841E-01   0.17819E-01   0.25081E+00
   0.38818E+04   0.15199E-05   0.19489E-01   0.19466E-01   0.26150E+00
   0.38818E+04   0.16298E-05   0.21267E-01   0.21244E-01   0.27275E+00
   0.38818E+04   0.17475E-05   0.23183E-01   0.23160E-01   0.28462E+00
   0.38818E+04   0.18738E-05   0.25246E-01   0.25222E-01   0.29713E+00
   0.38818E+04   0.20092E-05   0.27463E-01   0.27439E-01   0.31032E+00
   0.38818E+04   0.21544E-05   0.29831E-01   0.29806E-01   0.32408E+00
   0.38818E+04   0.23101E-05   0.32312E-01   0.32287E-01   0.33780E+00
   0.38818E+04   0.24771E-05   0.34975E-01   0.34950E-01   0.35228E+00
   0.38818E+04   0.26561E-05   0.37831E-01   0.37805E-01   0.36758E+00
   0.38818E+04   0.28480E-05   0.40890E-01   0.40863E-01   0.38376E+00
   0.38818E+04   0.30539E-05   0.44164E-01   0.44137E-01   0.40089E+00
   0.38818E+04   0.32745E-05   0.47666E-01   0.47638E-01   0.41905E+00
   0.38818E+04   0.35112E-05   0.51317E-01   0.51289E-01   0.43775E+00
   0.38818E+04   0.37649E-05   0.55093E-01   0.55064E-01   0.45685E+00
   0.38818E+04   0.40370E-05   0.59119E-01   0.59090E-01   0.47714E+00
   0.38818E+04   0.43288E-05   0.63409E-01   0.63381E-01   0.49873E+00
   0.38818E+04   0.46416E-05   0.67980E-01   0.67950E-01   0.52172E+00
   0.38818E+04   0.49770E-05   0.72845E-01   0.72816E-01   0.54626E+00
   0.38818E+04   0.53367E-05   0.78022E-01   0.77993E-01   0.57249E+00
   0.38818E+04   0.57224E-05   0.83224E-01   0.83194E-01   0.59915E+00
   0.38818E+04   0.61359E-05   0.88604E-01   0.88574E-01   0.62707E+00
   0.38818E+04   0.65793E-05   0.94304E-01   0.94274E-01   0.65704E+00
   0.38818E+04   0.70548E-05   0.10034E+00   0.10031E+00   0.68929E+00
   0.38818E+04   0.75646E-05   0.10673E+00   0.10670E+00   0.72408E+00
   0.38818E+04   0.81113E-05   0.11349E+00   0.11346E+00   0.76169E+00
   0.38818E+04   0.86975E-05   0.12067E+00   0.12064E+00   0.80259E+00
   0.38818E+04   0.93260E-05   0.12751E+00   0.12748E+00   0.84353E+00
   0.38818E+04   0.10000E-04   0.13471E+00   0.13468E+00   0.88803E+00
   0.38818E+04   0.10723E-04   0.14229E+00   0.14226E+00   0.93654E+00
   0.38818E+04   0.11498E-04   0.15026E+00   0.15023E+00   0.98955E+00
   0.38818E+04   0.12328E-04   0.15864E+00   0.15862E+00   0.10477E+01
   0.38818E+04   0.13219E-04   0.16746E+00   0.16744E+00   0.11115E+01
   0.38818E+04   0.14175E-04   0.17727E+00   0.17724E+00   0.11861E+01
   0.38818E+04   0.15199E-04   0.18952E+00   0.18949E+00   0.12841E+01
   0.38818E+04   0.16298E-04   0.20257E+00   0.20254E+00   0.13945E+01
   0.38818E+04   0.17475E-04   0.21648E+00   0.21645E+00   0.15190E+01
   0.38818E+04   0.18738E-04   0.23129E+00   0.23127E+00   0.16601E+01
   0.38818E+04   0.20092E-04   0.24707E+00   0.24705E+00   0.18205E+01
   0.38818E+04   0.21544E-04   0.26387E+00   0.26385E+00   0.20033E+01
   0.38818E+04   0.23101E-04   0.27802E+00   0.27799E+00   0.21713E+01
   0.38818E+04   0.24771E-04   0.28885E+00   0.28883E+00   0.23145E+01
   0.38818E+04   0.26561E-04   0.30007E+00   0.30005E+00   0.24723E+01
   0.38818E+04   0.28480E-04   0.31167E+00   0.31165E+00   0.26465E+01
   0.38818E+04   0.30539E-04   0.32367E+00   0.32365E+00   0.28391E+01
   0.38818E+04   0.32745E-04   0.33609E+00   0.33606E+00   0.30520E+01
   0.38818E+04   0.35112E-04   0.34892E+00   0.34890E+00   0.32879E+01
   0.38818E+04   0.37649E-04   0.36178E+00   0.36176E+00   0.35293E+01
   0.38818E+04   0.40370E-04   0.37492E+00   0.37489E+00   0.37884E+01
   0.38818E+04   0.43288E-04   0.38845E+00   0.38843E+00   0.40736E+01
   0.38818E+04   0.46416E-04   0.40241E+00   0.40239E+00   0.43877E+01
   0.38818E+04   0.49770E-04   0.41679E+00   0.41677E+00   0.47340E+01
   0.38818E+04   0.53367E-04   0.43161E+00   0.43158E+00   0.51161E+01
   0.38818E+04   0.57224E-04   0.44691E+00   0.44689E+00   0.55338E+01
   0.38818E+04   0.61359E-04   0.46316E+00   0.46314E+00   0.59454E+01
   0.38818E+04   0.65793E-04   0.47988E+00   0.47986E+00   0.63963E+01
   0.38818E+04   0.70548E-04   0.49708E+00   0.49706E+00   0.68904E+01
   0.38818E+04   0.75646E-04   0.51478E+00   0.51476E+00   0.74322E+01
   0.38818E+04   0.81113E-04   0.53298E+00   0.53296E+00   0.80265E+01
   0.38818E+04   0.86975E-04   0.55169E+00   0.55167E+00   0.86787E+01
   0.38818E+04   0.93260E-04   0.57227E+00   0.57225E+00   0.93854E+01
   0.38818E+04   0.10000E-03   0.59613E+00   0.59611E+00   0.10141E+02
   0.38818E+04   0.10723E-03   0.62077E+00   0.62075E+00   0.10970E+02
   0.38818E+04   0.11498E-03   0.64621E+00   0.64619E+00   0.11879E+02
   0.38818E+04   0.12328E-03   0.67247E+00   0.67245E+00   0.12877E+02
   0.38818E+04   0.13219E-03   0.69956E+00   0.69954E+00   0.13972E+02
   0.38818E+04   0.14175E-03   0.72750E+00   0.72749E+00   0.15175E+02
   0.38818E+04   0.15199E-03   0.75356E+00   0.75354E+00   0.16269E+02
   0.38818E+04   0.16298E-03   0.77843E+00   0.77841E+00   0.17297E+02
   0.38818E+04   0.17475E-03   0.80385E+00   0.80383E+00   0.18402E+02
   0.38818E+04   0.18738E-03   0.82983E+00   0.82981E+00   0.19589E+02
   0.38818E+04   0.20092E-03   0.85636E+00   0.85634E+00   0.20864E+02
   0.38818E+04   0.21544E-03   0.88345E+00   0.88343E+00   0.22235E+02
   0.38818E+04   0.23101E-03   0.91109E+00   0.91108E+00   0.23707E+02
   0.38818E+04   0.24771E-03   0.93906E+00   0.93904E+00   0.24926E+02
   0.38818E+04   0.26561E-03   0.96751E+00   0.96749E+00   0.26164E+02
   0.38818E+04   0.28480E-03   0.99646E+00   0.99644E+00   0.27475E+02
   0.38818E+04   0.30539E-03   0.10259E+01   0.10259E+01   0.28864E+02
   0.38818E+04   0.32745E-03   0.10559E+01   0.10559E+01   0.30337E+02
   0.38818E+04   0.35112E-03   0.10864E+01   0.10863E+01   0.31898E+02
   0.38818E+04   0.37649E-03   0.11179E+01   0.11179E+01   0.33463E+02
   0.38818E+04   0.40370E-03   0.11535E+01   0.11535E+01   0.34579E+02
   0.38818E+04   0.43288E-03   0.11897E+01   0.11897E+01   0.35752E+02
   0.38818E+04   0.46416E-03   0.12266E+01   0.12265E+01   0.36984E+02
   0.38818E+04   0.49770E-03   0.12641E+01   0.12641E+01   0.38279E+02
   0.38818E+04   0.53367E-03   0.13023E+01   0.13023E+01   0.39640E+02
   0.38818E+04   0.57224E-03   0.13411E+01   0.13411E+01   0.41071E+02
   0.38818E+04   0.61359E-03   0.13831E+01   0.13831E+01   0.42279E+02
   0.38818E+04   0.65793E-03   0.14296E+01   0.14296E+01   0.43118E+02
   0.38818E+04   0.70548E-03   0.14770E+01   0.14770E+01   0.44005E+02
   0.38818E+04   0.75646E-03   0.15253E+01   0.15252E+01   0.44940E+02
   0.38818E+04   0.81113E-03   0.15745E+01   0.15744E+01   0.45928E+02
   0.38818E+04   0.86975E-03   0.16245E+01   0.16245E+01   0.46971E+02
   0.38818E+04   0.93260E-03   0.16755E+01   0.16755E+01   0.48072E+02
   0.38818E+04   0.10000E-02   0.17318E+01   0.17318E+01   0.48664E+02
   0.39212E+04   0.10000E-05   0.95950E-02   0.95731E-02   0.20490E+00
   0.39212E+04   0.10723E-05   0.10589E-01   0.10567E-01   0.21354E+00
   0.39212E+04   0.11498E-05   0.11671E-01   0.11649E-01   0.22265E+00
   0.39212E+04   0.12328E-05   0.12846E-01   0.12824E-01   0.23228E+00
   0.39212E+04   0.13219E-05   0.14120E-01   0.14098E-01   0.24244E+00
   0.39212E+04   0.14175E-05   0.15488E-01   0.15466E-01   0.25270E+00
   0.39212E+04   0.15199E-05   0.16968E-01   0.16946E-01   0.26345E+00
   0.39212E+04   0.16298E-05   0.18570E-01   0.18548E-01   0.27476E+00
   0.39212E+04   0.17475E-05   0.20302E-01   0.20279E-01   0.28667E+00
   0.39212E+04   0.18738E-05   0.22169E-01   0.22146E-01   0.29921E+00
   0.39212E+04   0.20092E-05   0.24180E-01   0.24157E-01   0.31243E+00
   0.39212E+04   0.21544E-05   0.26334E-01   0.26310E-01   0.32621E+00
   0.39212E+04   0.23101E-05   0.28605E-01   0.28581E-01   0.33996E+00
   0.39212E+04   0.24771E-05   0.31047E-01   0.31022E-01   0.35446E+00
   0.39212E+04   0.26561E-05   0.33670E-01   0.33645E-01   0.36976E+00
   0.39212E+04   0.28480E-05   0.36485E-01   0.36459E-01   0.38591E+00
   0.39212E+04   0.30539E-05   0.39502E-01   0.39476E-01   0.40298E+00
   0.39212E+04   0.32745E-05   0.42733E-01   0.42706E-01   0.42104E+00
   0.39212E+04   0.35112E-05   0.46120E-01   0.46093E-01   0.43964E+00
   0.39212E+04   0.37649E-05   0.49650E-01   0.49622E-01   0.45869E+00
   0.39212E+04   0.40370E-05   0.53420E-01   0.53392E-01   0.47888E+00
   0.39212E+04   0.43288E-05   0.57445E-01   0.57416E-01   0.50031E+00
   0.39212E+04   0.46416E-05   0.61739E-01   0.61710E-01   0.52310E+00
   0.39212E+04   0.49770E-05   0.66317E-01   0.66288E-01   0.54736E+00
   0.39212E+04   0.53367E-05   0.71196E-01   0.71166E-01   0.57323E+00
   0.39212E+04   0.57224E-05   0.76151E-01   0.76121E-01   0.59959E+00
   0.39212E+04   0.61359E-05   0.81309E-01   0.81280E-01   0.62720E+00
   0.39212E+04   0.65793E-05   0.86786E-01   0.86757E-01   0.65676E+00
   0.39212E+04   0.70548E-05   0.92599E-01   0.92570E-01   0.68847E+00
   0.39212E+04   0.75646E-05   0.98766E-01   0.98736E-01   0.72257E+00
   0.39212E+04   0.81113E-05   0.10531E+00   0.10528E+00   0.75933E+00
   0.39212E+04   0.86975E-05   0.11226E+00   0.11223E+00   0.79917E+00
   0.39212E+04   0.93260E-05   0.11899E+00   0.11896E+00   0.83914E+00
   0.39212E+04   0.10000E-04   0.12608E+00   0.12606E+00   0.88247E+00
   0.39212E+04   0.10723E-04   0.13357E+00   0.13355E+00   0.92955E+00
   0.39212E+04   0.11498E-04   0.14148E+00   0.14145E+00   0.98086E+00
   0.39212E+04   0.12328E-04   0.14981E+00   0.14978E+00   0.10369E+01
   0.39212E+04   0.13219E-04   0.15859E+00   0.15857E+00   0.10984E+01
   0.39212E+04   0.14175E-04   0.16825E+00   0.16823E+00   0.11692E+01
   0.39212E+04   0.15199E-04   0.17989E+00   0.17986E+00   0.12593E+01
   0.39212E+04   0.16298E-04   0.19229E+00   0.19227E+00   0.13602E+01
   0.39212E+04   0.17475E-04   0.20551E+00   0.20548E+00   0.14734E+01
   0.39212E+04   0.18738E-04   0.21958E+00   0.21955E+00   0.16009E+01
   0.39212E+04   0.20092E-04   0.23456E+00   0.23453E+00   0.17449E+01
   0.39212E+04   0.21544E-04   0.25051E+00   0.25048E+00   0.19081E+01
   0.39212E+04   0.23101E-04   0.26438E+00   0.26435E+00   0.20608E+01
   0.39212E+04   0.24771E-04   0.27562E+00   0.27560E+00   0.21954E+01
   0.39212E+04   0.26561E-04   0.28729E+00   0.28727E+00   0.23439E+01
   0.39212E+04   0.28480E-04   0.29941E+00   0.29938E+00   0.25080E+01
   0.39212E+04   0.30539E-04   0.31198E+00   0.31196E+00   0.26896E+01
   0.39212E+04   0.32745E-04   0.32503E+00   0.32501E+00   0.28907E+01
   0.39212E+04   0.35112E-04   0.33857E+00   0.33854E+00   0.31139E+01
   0.39212E+04   0.37649E-04   0.35209E+00   0.35207E+00   0.33428E+01
   0.39212E+04   0.40370E-04   0.36591E+00   0.36589E+00   0.35890E+01
   0.39212E+04   0.43288E-04   0.38020E+00   0.38018E+00   0.38607E+01
   0.39212E+04   0.46416E-04   0.39497E+00   0.39495E+00   0.41606E+01
   0.39212E+04   0.49770E-04   0.41024E+00   0.41022E+00   0.44920E+01
   0.39212E+04   0.53367E-04   0.42602E+00   0.42600E+00   0.48585E+01
   0.39212E+04   0.57224E-04   0.44235E+00   0.44233E+00   0.52603E+01
   0.39212E+04   0.61359E-04   0.45954E+00   0.45952E+00   0.56570E+01
   0.39212E+04   0.65793E-04   0.47729E+00   0.47727E+00   0.60925E+01
   0.39212E+04   0.70548E-04   0.49559E+00   0.49557E+00   0.65711E+01
   0.39212E+04   0.75646E-04   0.51447E+00   0.51445E+00   0.70971E+01
   0.39212E+04   0.81113E-04   0.53394E+00   0.53392E+00   0.76758E+01
   0.39212E+04   0.86975E-04   0.55400E+00   0.55398E+00   0.83126E+01
   0.39212E+04   0.93260E-04   0.57634E+00   0.57632E+00   0.90110E+01
   0.39212E+04   0.10000E-03   0.60271E+00   0.60269E+00   0.97750E+01
   0.39212E+04   0.10723E-03   0.63006E+00   0.63004E+00   0.10617E+02
   0.39212E+04   0.11498E-03   0.65841E+00   0.65839E+00   0.11545E+02
   0.39212E+04   0.12328E-03   0.68780E+00   0.68778E+00   0.12569E+02
   0.39212E+04   0.13219E-03   0.71824E+00   0.71822E+00   0.13698E+02
   0.39212E+04   0.14175E-03   0.74976E+00   0.74974E+00   0.14945E+02
   0.39212E+04   0.15199E-03   0.77816E+00   0.77814E+00   0.16059E+02
   0.39212E+04   0.16298E-03   0.80452E+00   0.80450E+00   0.17087E+02
   0.39212E+04   0.17475E-03   0.83148E+00   0.83147E+00   0.18193E+02
   0.39212E+04   0.18738E-03   0.85906E+00   0.85904E+00   0.19383E+02
   0.39212E+04   0.20092E-03   0.88726E+00   0.88724E+00   0.20662E+02
   0.39212E+04   0.21544E-03   0.91607E+00   0.91605E+00   0.22039E+02
   0.39212E+04   0.23101E-03   0.94550E+00   0.94548E+00   0.23521E+02
   0.39212E+04   0.24771E-03   0.97523E+00   0.97521E+00   0.24752E+02
   0.39212E+04   0.26561E-03   0.10055E+01   0.10055E+01   0.26003E+02
   0.39212E+04   0.28480E-03   0.10363E+01   0.10363E+01   0.27330E+02
   0.39212E+04   0.30539E-03   0.10677E+01   0.10677E+01   0.28738E+02
   0.39212E+04   0.32745E-03   0.10996E+01   0.10996E+01   0.30231E+02
   0.39212E+04   0.35112E-03   0.11321E+01   0.11321E+01   0.31816E+02
   0.39212E+04   0.37649E-03   0.11658E+01   0.11658E+01   0.33406E+02
   0.39212E+04   0.40370E-03   0.12036E+01   0.12036E+01   0.34548E+02
   0.39212E+04   0.43288E-03   0.12421E+01   0.12421E+01   0.35747E+02
   0.39212E+04   0.46416E-03   0.12814E+01   0.12813E+01   0.37008E+02
   0.39212E+04   0.49770E-03   0.13213E+01   0.13213E+01   0.38333E+02
   0.39212E+04   0.53367E-03   0.13620E+01   0.13620E+01   0.39726E+02
   0.39212E+04   0.57224E-03   0.14034E+01   0.14034E+01   0.41192E+02
   0.39212E+04   0.61359E-03   0.14482E+01   0.14482E+01   0.42432E+02
   0.39212E+04   0.65793E-03   0.14977E+01   0.14976E+01   0.43300E+02
   0.39212E+04   0.70548E-03   0.15481E+01   0.15481E+01   0.44216E+02
   0.39212E+04   0.75646E-03   0.15995E+01   0.15995E+01   0.45182E+02
   0.39212E+04   0.81113E-03   0.16519E+01   0.16519E+01   0.46202E+02
   0.39212E+04   0.86975E-03   0.17053E+01   0.17053E+01   0.47278E+02
   0.39212E+04   0.93260E-03   0.17597E+01   0.17597E+01   0.48413E+02
   0.39212E+04   0.10000E-02   0.18196E+01   0.18195E+01   0.49037E+02
   0.39606E+04   0.10000E-05   0.81522E-02   0.81297E-02   0.20689E+00
   0.39606E+04   0.10723E-05   0.90232E-02   0.90008E-02   0.21555E+00
   0.39606E+04   0.11498E-05   0.99745E-02   0.99522E-02   0.22468E+00
   0.39606E+04   0.12328E-05   0.11011E-01   0.10989E-01   0.23432E+00
   0.39606E+04   0.13219E-05   0.12139E-01   0.12117E-01   0.24449E+00
   0.39606E+04   0.14175E-05   0.13356E-01   0.13334E-01   0.25481E+00
   0.39606E+04   0.15199E-05   0.14678E-01   0.14655E-01   0.26564E+00
   0.39606E+04   0.16298E-05   0.16112E-01   0.16090E-01   0.27702E+00
   0.39606E+04   0.17475E-05   0.17666E-01   0.17644E-01   0.28899E+00
   0.39606E+04   0.18738E-05   0.19347E-01   0.19324E-01   0.30160E+00
   0.39606E+04   0.20092E-05   0.21162E-01   0.21138E-01   0.31487E+00
   0.39606E+04   0.21544E-05   0.23111E-01   0.23087E-01   0.32870E+00
   0.39606E+04   0.23101E-05   0.25180E-01   0.25156E-01   0.34253E+00
   0.39606E+04   0.24771E-05   0.27410E-01   0.27385E-01   0.35709E+00
   0.39606E+04   0.26561E-05   0.29810E-01   0.29785E-01   0.37244E+00
   0.39606E+04   0.28480E-05   0.32390E-01   0.32365E-01   0.38861E+00
   0.39606E+04   0.30539E-05   0.35161E-01   0.35135E-01   0.40568E+00
   0.39606E+04   0.32745E-05   0.38132E-01   0.38106E-01   0.42371E+00
   0.39606E+04   0.35112E-05   0.41265E-01   0.41238E-01   0.44230E+00
   0.39606E+04   0.37649E-05   0.44554E-01   0.44526E-01   0.46136E+00
   0.39606E+04   0.40370E-05   0.48074E-01   0.48046E-01   0.48153E+00
   0.39606E+04   0.43288E-05   0.51839E-01   0.51811E-01   0.50292E+00
   0.39606E+04   0.46416E-05   0.55863E-01   0.55835E-01   0.52561E+00
   0.39606E+04   0.49770E-05   0.60161E-01   0.60132E-01   0.54972E+00
   0.39606E+04   0.53367E-05   0.64747E-01   0.64718E-01   0.57537E+00
   0.39606E+04   0.57224E-05   0.69454E-01   0.69424E-01   0.60159E+00
   0.39606E+04   0.61359E-05   0.74385E-01   0.74355E-01   0.62904E+00
   0.39606E+04   0.65793E-05   0.79632E-01   0.79602E-01   0.65837E+00
   0.39606E+04   0.70548E-05   0.85214E-01   0.85184E-01   0.68975E+00
   0.39606E+04   0.75646E-05   0.91149E-01   0.91119E-01   0.72340E+00
   0.39606E+04   0.81113E-05   0.97457E-01   0.97427E-01   0.75958E+00
   0.39606E+04   0.86975E-05   0.10418E+00   0.10415E+00   0.79864E+00
   0.39606E+04   0.93260E-05   0.11077E+00   0.11074E+00   0.83795E+00
   0.39606E+04   0.10000E-04   0.11774E+00   0.11771E+00   0.88042E+00
   0.39606E+04   0.10723E-04   0.12512E+00   0.12509E+00   0.92644E+00
   0.39606E+04   0.11498E-04   0.13292E+00   0.13289E+00   0.97644E+00
   0.39606E+04   0.12328E-04   0.14117E+00   0.14114E+00   0.10309E+01
   0.39606E+04   0.13219E-04   0.14989E+00   0.14986E+00   0.10904E+01
   0.39606E+04   0.14175E-04   0.15939E+00   0.15936E+00   0.11581E+01
   0.39606E+04   0.15199E-04   0.17044E+00   0.17041E+00   0.12414E+01
   0.39606E+04   0.16298E-04   0.18221E+00   0.18218E+00   0.13341E+01
   0.39606E+04   0.17475E-04   0.19475E+00   0.19472E+00   0.14375E+01
   0.39606E+04   0.18738E-04   0.20810E+00   0.20807E+00   0.15533E+01
   0.39606E+04   0.20092E-04   0.22231E+00   0.22229E+00   0.16832E+01
   0.39606E+04   0.21544E-04   0.23745E+00   0.23742E+00   0.18297E+01
   0.39606E+04   0.23101E-04   0.25102E+00   0.25099E+00   0.19693E+01
   0.39606E+04   0.24771E-04   0.26259E+00   0.26257E+00   0.20963E+01
   0.39606E+04   0.26561E-04   0.27465E+00   0.27462E+00   0.22366E+01
   0.39606E+04   0.28480E-04   0.28720E+00   0.28718E+00   0.23918E+01
   0.39606E+04   0.30539E-04   0.30027E+00   0.30025E+00   0.25636E+01
   0.39606E+04   0.32745E-04   0.31388E+00   0.31386E+00   0.27541E+01
   0.39606E+04   0.35112E-04   0.32805E+00   0.32803E+00   0.29658E+01
   0.39606E+04   0.37649E-04   0.34217E+00   0.34215E+00   0.31834E+01
   0.39606E+04   0.40370E-04   0.35662E+00   0.35659E+00   0.34178E+01
   0.39606E+04   0.43288E-04   0.37160E+00   0.37158E+00   0.36769E+01
   0.39606E+04   0.46416E-04   0.38713E+00   0.38711E+00   0.39635E+01
   0.39606E+04   0.49770E-04   0.40323E+00   0.40321E+00   0.42809E+01
   0.39606E+04   0.53367E-04   0.41992E+00   0.41990E+00   0.46327E+01
   0.39606E+04   0.57224E-04   0.43722E+00   0.43720E+00   0.50193E+01
   0.39606E+04   0.61359E-04   0.45532E+00   0.45530E+00   0.54016E+01
   0.39606E+04   0.65793E-04   0.47405E+00   0.47403E+00   0.58224E+01
   0.39606E+04   0.70548E-04   0.49342E+00   0.49340E+00   0.62857E+01
   0.39606E+04   0.75646E-04   0.51345E+00   0.51342E+00   0.67963E+01
   0.39606E+04   0.81113E-04   0.53415E+00   0.53413E+00   0.73594E+01
   0.39606E+04   0.86975E-04   0.55554E+00   0.55552E+00   0.79807E+01
   0.39606E+04   0.93260E-04   0.57961E+00   0.57959E+00   0.86701E+01
   0.39606E+04   0.10000E-03   0.60850E+00   0.60848E+00   0.94397E+01
   0.39606E+04   0.10723E-03   0.63858E+00   0.63856E+00   0.10292E+02
   0.39606E+04   0.11498E-03   0.66989E+00   0.66987E+00   0.11236E+02
   0.39606E+04   0.12328E-03   0.70247E+00   0.70245E+00   0.12283E+02
   0.39606E+04   0.13219E-03   0.73635E+00   0.73633E+00   0.13443E+02
   0.39606E+04   0.14175E-03   0.77159E+00   0.77157E+00   0.14731E+02
   0.39606E+04   0.15199E-03   0.80240E+00   0.80239E+00   0.15863E+02
   0.39606E+04   0.16298E-03   0.83027E+00   0.83025E+00   0.16890E+02
   0.39606E+04   0.17475E-03   0.85881E+00   0.85879E+00   0.17997E+02
   0.39606E+04   0.18738E-03   0.88802E+00   0.88800E+00   0.19188E+02
   0.39606E+04   0.20092E-03   0.91792E+00   0.91790E+00   0.20472E+02
   0.39606E+04   0.21544E-03   0.94849E+00   0.94848E+00   0.21854E+02
   0.39606E+04   0.23101E-03   0.97976E+00   0.97974E+00   0.23343E+02
   0.39606E+04   0.24771E-03   0.10113E+01   0.10113E+01   0.24585E+02
   0.39606E+04   0.26561E-03   0.10434E+01   0.10434E+01   0.25849E+02
   0.39606E+04   0.28480E-03   0.10761E+01   0.10761E+01   0.27191E+02
   0.39606E+04   0.30539E-03   0.11095E+01   0.11095E+01   0.28616E+02
   0.39606E+04   0.32745E-03   0.11434E+01   0.11434E+01   0.30129E+02
   0.39606E+04   0.35112E-03   0.11780E+01   0.11780E+01   0.31736E+02
   0.39606E+04   0.37649E-03   0.12139E+01   0.12138E+01   0.33351E+02
   0.39606E+04   0.40370E-03   0.12540E+01   0.12540E+01   0.34516E+02
   0.39606E+04   0.43288E-03   0.12949E+01   0.12949E+01   0.35741E+02
   0.39606E+04   0.46416E-03   0.13366E+01   0.13366E+01   0.37029E+02
   0.39606E+04   0.49770E-03   0.13791E+01   0.13791E+01   0.38383E+02
   0.39606E+04   0.53367E-03   0.14224E+01   0.14224E+01   0.39808E+02
   0.39606E+04   0.57224E-03   0.14665E+01   0.14665E+01   0.41307E+02
   0.39606E+04   0.61359E-03   0.15141E+01   0.15141E+01   0.42580E+02
   0.39606E+04   0.65793E-03   0.15667E+01   0.15666E+01   0.43475E+02
   0.39606E+04   0.70548E-03   0.16203E+01   0.16203E+01   0.44419E+02
   0.39606E+04   0.75646E-03   0.16750E+01   0.16750E+01   0.45416E+02
   0.39606E+04   0.81113E-03   0.17307E+01   0.17307E+01   0.46466E+02
   0.39606E+04   0.86975E-03   0.17876E+01   0.17875E+01   0.47575E+02
   0.39606E+04   0.93260E-03   0.18454E+01   0.18454E+01   0.48744E+02
   0.39606E+04   0.10000E-02   0.19090E+01   0.19090E+01   0.49399E+02
   0.40000E+04   0.10000E-05   0.68891E-02   0.68655E-02   0.20904E+00
   0.40000E+04   0.10723E-05   0.76466E-02   0.76234E-02   0.21773E+00
   0.40000E+04   0.11498E-05   0.84768E-02   0.84538E-02   0.22689E+00
   0.40000E+04   0.12328E-05   0.93846E-02   0.93618E-02   0.23654E+00
   0.40000E+04   0.13219E-05   0.10375E-01   0.10352E-01   0.24672E+00
   0.40000E+04   0.14175E-05   0.11451E-01   0.11428E-01   0.25713E+00
   0.40000E+04   0.15199E-05   0.12624E-01   0.12601E-01   0.26804E+00
   0.40000E+04   0.16298E-05   0.13901E-01   0.13878E-01   0.27951E+00
   0.40000E+04   0.17475E-05   0.15288E-01   0.15265E-01   0.29157E+00
   0.40000E+04   0.18738E-05   0.16792E-01   0.16769E-01   0.30425E+00
   0.40000E+04   0.20092E-05   0.18420E-01   0.18397E-01   0.31760E+00
   0.40000E+04   0.21544E-05   0.20175E-01   0.20152E-01   0.33151E+00
   0.40000E+04   0.23101E-05   0.22052E-01   0.22028E-01   0.34545E+00
   0.40000E+04   0.24771E-05   0.24079E-01   0.24055E-01   0.36011E+00
   0.40000E+04   0.26561E-05   0.26266E-01   0.26242E-01   0.37554E+00
   0.40000E+04   0.28480E-05   0.28623E-01   0.28598E-01   0.39179E+00
   0.40000E+04   0.30539E-05   0.31158E-01   0.31133E-01   0.40891E+00
   0.40000E+04   0.32745E-05   0.33882E-01   0.33856E-01   0.42696E+00
   0.40000E+04   0.35112E-05   0.36771E-01   0.36744E-01   0.44560E+00
   0.40000E+04   0.37649E-05   0.39824E-01   0.39797E-01   0.46474E+00
   0.40000E+04   0.40370E-05   0.43101E-01   0.43074E-01   0.48498E+00
   0.40000E+04   0.43288E-05   0.46613E-01   0.46585E-01   0.50640E+00
   0.40000E+04   0.46416E-05   0.50374E-01   0.50346E-01   0.52909E+00
   0.40000E+04   0.49770E-05   0.54399E-01   0.54370E-01   0.55316E+00
   0.40000E+04   0.53367E-05   0.58701E-01   0.58671E-01   0.57872E+00
   0.40000E+04   0.57224E-05   0.63159E-01   0.63129E-01   0.60492E+00
   0.40000E+04   0.61359E-05   0.67857E-01   0.67827E-01   0.63237E+00
   0.40000E+04   0.65793E-05   0.72870E-01   0.72840E-01   0.66162E+00
   0.40000E+04   0.70548E-05   0.78215E-01   0.78185E-01   0.69285E+00
   0.40000E+04   0.75646E-05   0.83911E-01   0.83881E-01   0.72626E+00
   0.40000E+04   0.81113E-05   0.89979E-01   0.89949E-01   0.76207E+00
   0.40000E+04   0.86975E-05   0.96453E-01   0.96423E-01   0.80063E+00
   0.40000E+04   0.93260E-05   0.10289E+00   0.10286E+00   0.83952E+00
   0.40000E+04   0.10000E-04   0.10971E+00   0.10968E+00   0.88143E+00
   0.40000E+04   0.10723E-04   0.11696E+00   0.11693E+00   0.92671E+00
   0.40000E+04   0.11498E-04   0.12464E+00   0.12461E+00   0.97576E+00
   0.40000E+04   0.12328E-04   0.13278E+00   0.13275E+00   0.10290E+01
   0.40000E+04   0.13219E-04   0.14141E+00   0.14138E+00   0.10871E+01
   0.40000E+04   0.14175E-04   0.15072E+00   0.15069E+00   0.11522E+01
   0.40000E+04   0.15199E-04   0.16120E+00   0.16117E+00   0.12295E+01
   0.40000E+04   0.16298E-04   0.17236E+00   0.17234E+00   0.13151E+01
   0.40000E+04   0.17475E-04   0.18425E+00   0.18423E+00   0.14100E+01
   0.40000E+04   0.18738E-04   0.19692E+00   0.19689E+00   0.15156E+01
   0.40000E+04   0.20092E-04   0.21039E+00   0.21037E+00   0.16335E+01
   0.40000E+04   0.21544E-04   0.22474E+00   0.22471E+00   0.17656E+01
   0.40000E+04   0.23101E-04   0.23800E+00   0.23797E+00   0.18939E+01
   0.40000E+04   0.24771E-04   0.24983E+00   0.24980E+00   0.20145E+01
   0.40000E+04   0.26561E-04   0.26220E+00   0.26217E+00   0.21477E+01
   0.40000E+04   0.28480E-04   0.27512E+00   0.27509E+00   0.22950E+01
   0.40000E+04   0.30539E-04   0.28862E+00   0.28859E+00   0.24582E+01
   0.40000E+04   0.32745E-04   0.30272E+00   0.30269E+00   0.26393E+01
   0.40000E+04   0.35112E-04   0.31744E+00   0.31741E+00   0.28408E+01
   0.40000E+04   0.37649E-04   0.33209E+00   0.33207E+00   0.30480E+01
   0.40000E+04   0.40370E-04   0.34710E+00   0.34708E+00   0.32716E+01
   0.40000E+04   0.43288E-04   0.36272E+00   0.36269E+00   0.35191E+01
   0.40000E+04   0.46416E-04   0.37895E+00   0.37893E+00   0.37934E+01
   0.40000E+04   0.49770E-04   0.39583E+00   0.39580E+00   0.40977E+01
   0.40000E+04   0.53367E-04   0.41336E+00   0.41334E+00   0.44358E+01
   0.40000E+04   0.57224E-04   0.43159E+00   0.43157E+00   0.48081E+01
   0.40000E+04   0.61359E-04   0.45055E+00   0.45053E+00   0.51766E+01
   0.40000E+04   0.65793E-04   0.47022E+00   0.47020E+00   0.55832E+01
   0.40000E+04   0.70548E-04   0.49061E+00   0.49059E+00   0.60318E+01
   0.40000E+04   0.75646E-04   0.51175E+00   0.51173E+00   0.65274E+01
   0.40000E+04   0.81113E-04   0.53365E+00   0.53363E+00   0.70752E+01
   0.40000E+04   0.86975E-04   0.55635E+00   0.55633E+00   0.76812E+01
   0.40000E+04   0.93260E-04   0.58214E+00   0.58212E+00   0.83609E+01
   0.40000E+04   0.10000E-03   0.61352E+00   0.61350E+00   0.91342E+01
   0.40000E+04   0.10723E-03   0.64634E+00   0.64632E+00   0.99944E+01
   0.40000E+04   0.11498E-03   0.68064E+00   0.68062E+00   0.10952E+02
   0.40000E+04   0.12328E-03   0.71647E+00   0.71645E+00   0.12019E+02
   0.40000E+04   0.13219E-03   0.75389E+00   0.75387E+00   0.13208E+02
   0.40000E+04   0.14175E-03   0.79294E+00   0.79292E+00   0.14533E+02
   0.40000E+04   0.15199E-03   0.82625E+00   0.82623E+00   0.15682E+02
   0.40000E+04   0.16298E-03   0.85565E+00   0.85563E+00   0.16708E+02
   0.40000E+04   0.17475E-03   0.88579E+00   0.88577E+00   0.17814E+02
   0.40000E+04   0.18738E-03   0.91667E+00   0.91665E+00   0.19007E+02
   0.40000E+04   0.20092E-03   0.94829E+00   0.94828E+00   0.20293E+02
   0.40000E+04   0.21544E-03   0.98068E+00   0.98066E+00   0.21679E+02
   0.40000E+04   0.23101E-03   0.10138E+01   0.10138E+01   0.23175E+02
   0.40000E+04   0.24771E-03   0.10472E+01   0.10472E+01   0.24427E+02
   0.40000E+04   0.26561E-03   0.10812E+01   0.10812E+01   0.25703E+02
   0.40000E+04   0.28480E-03   0.11159E+01   0.11159E+01   0.27059E+02
   0.40000E+04   0.30539E-03   0.11513E+01   0.11512E+01   0.28500E+02
   0.40000E+04   0.32745E-03   0.11873E+01   0.11873E+01   0.30031E+02
   0.40000E+04   0.35112E-03   0.12241E+01   0.12240E+01   0.31659E+02
   0.40000E+04   0.37649E-03   0.12621E+01   0.12621E+01   0.33298E+02
   0.40000E+04   0.40370E-03   0.13046E+01   0.13046E+01   0.34486E+02
   0.40000E+04   0.43288E-03   0.13480E+01   0.13480E+01   0.35735E+02
   0.40000E+04   0.46416E-03   0.13923E+01   0.13923E+01   0.37049E+02
   0.40000E+04   0.49770E-03   0.14374E+01   0.14374E+01   0.38431E+02
   0.40000E+04   0.53367E-03   0.14834E+01   0.14834E+01   0.39886E+02
   0.40000E+04   0.57224E-03   0.15302E+01   0.15302E+01   0.41419E+02
   0.40000E+04   0.61359E-03   0.15808E+01   0.15808E+01   0.42722E+02
   0.40000E+04   0.65793E-03   0.16365E+01   0.16365E+01   0.43644E+02
   0.40000E+04   0.70548E-03   0.16934E+01   0.16934E+01   0.44617E+02
   0.40000E+04   0.75646E-03   0.17515E+01   0.17515E+01   0.45642E+02
   0.40000E+04   0.81113E-03   0.18107E+01   0.18107E+01   0.46724E+02
   0.40000E+04   0.86975E-03   0.18711E+01   0.18711E+01   0.47864E+02
   0.40000E+04   0.93260E-03   0.19326E+01   0.19326E+01   0.49067E+02
   0.40000E+04   0.10000E-02   0.20001E+01   0.20001E+01   0.49752E+02
