 1.0    1.00000e+02
      37.7     180.0
      75.4     360.0
     110.0     540.0
     138.7     720.0
     166.1     900.0
     192.6    1080.0
     224.5    1260.0
     258.4    1440.0
     292.4    1620.0
     330.9    1800.0
     370.9    1980.0
     410.8    2160.0
     450.7    2340.0
     490.6    2520.0
     530.5    2700.0
     570.4    2880.0
     627.8    3060.0
     734.9    3240.0
     865.3    3420.0
    1040.4    3600.0
    1259.1    3780.0
    1500.7    3960.0
    1743.0    4140.0
    1881.2    4320.0
    1987.3    4500.0
    2007.8    4680.0
    2016.8    4860.0
    2025.7    5040.0
    2034.6    5220.0
    2043.5    5400.0
    2052.4    5580.0
    2061.3    5760.0
    2070.2    5940.0
    2079.1    6120.0
    2088.0    6300.0
    2096.9    6480.0
    2105.8    6660.0
    2114.7    6840.0
    2123.6    7020.0
    2132.6    7200.0
    2141.5    7380.0
    2150.4    7560.0
    2159.3    7740.0
    2168.2    7920.0
    2177.1    8100.0
    2186.0    8280.0
    2194.9    8460.0
    2202.7    8640.0
    2209.1    8820.0
    2215.5    9000.0
    2221.9    9180.0
    2228.3    9360.0
    2234.7    9540.0
    2241.0    9720.0
    2247.4    9900.0
    2253.8   10080.0
    2260.2   10260.0
    2266.6   10440.0
    2273.0   10620.0
    2279.4   10800.0
    2285.7   10980.0
    2292.1   11160.0
    2298.5   11340.0
    2304.9   11520.0
    2311.3   11700.0
    2317.7   11880.0
    2324.0   12060.0
    2330.4   12240.0
    2336.8   12420.0
    2343.2   12600.0
    2349.6   12780.0
    2356.0   12960.0
    2362.4   13140.0
    2368.7   13320.0
    2375.1   13500.0
    2381.5   13680.0
    2387.9   13860.0
    2394.3   14040.0
    2402.5   14220.0
    2426.5   14400.0
    2450.5   14580.0
    2474.5   14760.0
    2498.5   14940.0
    2522.5   15120.0
    2546.5   15300.0
    2570.5   15480.0
    2594.5   15660.0
    2646.6   15840.0
    2707.1   16020.0
    2767.7   16200.0
    2825.8   16380.0
    2881.1   16560.0
    2936.3   16740.0
    2991.6   16920.0
    3044.8   17100.0
    3097.6   17280.0
    3150.5   17460.0
    3204.0   17640.0
    3268.1   17820.0
    3332.1   18000.0
 1.0    1.08393e+02
      38.8     180.0
      76.5     360.0
     112.1     540.0
     140.8     720.0
     169.3     900.0
     195.8    1080.0
     230.7    1260.0
     264.7    1440.0
     298.6    1620.0
     341.3    1800.0
     381.2    1980.0
     421.1    2160.0
     461.0    2340.0
     501.0    2520.0
     540.9    2700.0
     580.8    2880.0
     645.2    3060.0
     752.3    3240.0
     887.1    3420.0
    1065.1    3600.0
    1284.2    3780.0
    1523.2    3960.0
    1765.4    4140.0
    1897.2    4320.0
    2003.3    4500.0
    2027.7    4680.0
    2036.6    4860.0
    2045.5    5040.0
    2054.4    5220.0
    2063.3    5400.0
    2072.2    5580.0
    2081.1    5760.0
    2090.0    5940.0
    2099.0    6120.0
    2107.9    6300.0
    2116.8    6480.0
    2125.7    6660.0
    2134.6    6840.0
    2143.5    7020.0
    2152.4    7200.0
    2161.3    7380.0
    2170.2    7560.0
    2179.1    7740.0
    2188.0    7920.0
    2196.9    8100.0
    2205.9    8280.0
    2214.8    8460.0
    2222.7    8640.0
    2229.1    8820.0
    2235.5    9000.0
    2241.8    9180.0
    2248.2    9360.0
    2254.6    9540.0
    2261.0    9720.0
    2267.4    9900.0
    2273.8   10080.0
    2280.1   10260.0
    2286.5   10440.0
    2292.9   10620.0
    2299.3   10800.0
    2305.7   10980.0
    2312.1   11160.0
    2318.5   11340.0
    2324.8   11520.0
    2331.2   11700.0
    2337.6   11880.0
    2344.0   12060.0
    2350.4   12240.0
    2356.8   12420.0
    2363.1   12600.0
    2369.5   12780.0
    2375.9   12960.0
    2382.3   13140.0
    2388.7   13320.0
    2395.1   13500.0
    2401.5   13680.0
    2407.8   13860.0
    2414.3   14040.0
    2428.3   14220.0
    2452.3   14400.0
    2476.3   14580.0
    2500.3   14760.0
    2524.3   14940.0
    2548.3   15120.0
    2572.3   15300.0
    2596.3   15480.0
    2620.3   15660.0
    2679.8   15840.0
    2740.3   16020.0
    2800.9   16200.0
    2861.2   16380.0
    2916.4   16560.0
    2971.7   16740.0
    3027.0   16920.0
    3080.1   17100.0
    3133.0   17280.0
    3185.8   17460.0
    3240.9   17640.0
    3305.0   17820.0
    3369.0   18000.0
 1.0    1.17490e+02
      39.9     180.0
      77.6     360.0
     114.1     540.0
     142.9     720.0
     172.5     900.0
     199.0    1080.0
     237.0    1260.0
     271.0    1440.0
     304.9    1620.0
     351.6    1800.0
     391.6    1980.0
     431.5    2160.0
     471.4    2340.0
     511.3    2520.0
     551.2    2700.0
     591.1    2880.0
     662.6    3060.0
     769.8    3240.0
     908.8    3420.0
    1089.9    3600.0
    1309.3    3780.0
    1545.6    3960.0
    1787.9    4140.0
    1913.2    4320.0
    2019.4    4500.0
    2047.5    4680.0
    2056.5    4860.0
    2065.4    5040.0
    2074.3    5220.0
    2083.2    5400.0
    2092.1    5580.0
    2101.0    5760.0
    2109.9    5940.0
    2118.8    6120.0
    2127.7    6300.0
    2136.6    6480.0
    2145.5    6660.0
    2154.4    6840.0
    2163.3    7020.0
    2172.3    7200.0
    2181.2    7380.0
    2190.1    7560.0
    2199.0    7740.0
    2207.9    7920.0
    2216.8    8100.0
    2225.7    8280.0
    2234.8    8460.0
    2242.6    8640.0
    2249.0    8820.0
    2255.4    9000.0
    2261.8    9180.0
    2268.2    9360.0
    2274.5    9540.0
    2280.9    9720.0
    2287.3    9900.0
    2293.7   10080.0
    2300.1   10260.0
    2306.5   10440.0
    2312.9   10620.0
    2319.2   10800.0
    2325.6   10980.0
    2332.0   11160.0
    2338.4   11340.0
    2344.8   11520.0
    2351.2   11700.0
    2357.6   11880.0
    2363.9   12060.0
    2370.3   12240.0
    2376.7   12420.0
    2383.1   12600.0
    2389.5   12780.0
    2395.9   12960.0
    2402.2   13140.0
    2408.6   13320.0
    2415.0   13500.0
    2421.4   13680.0
    2427.8   13860.0
    2436.7   14040.0
    2456.0   14220.0
    2478.1   14400.0
    2502.1   14580.0
    2526.1   14760.0
    2550.1   14940.0
    2574.1   15120.0
    2598.1   15300.0
    2622.0   15480.0
    2651.8   15660.0
    2712.9   15840.0
    2773.5   16020.0
    2834.0   16200.0
    2896.5   16380.0
    2951.8   16560.0
    3007.1   16740.0
    3062.3   16920.0
    3115.5   17100.0
    3168.3   17280.0
    3221.2   17460.0
    3277.8   17640.0
    3341.9   17820.0
    3406.0   18000.0
 1.0    1.27350e+02
      41.0     180.0
      78.7     360.0
     116.2     540.0
     145.0     720.0
     175.7     900.0
     202.2    1080.0
     243.3    1260.0
     277.2    1440.0
     311.2    1620.0
     362.0    1800.0
     401.9    1980.0
     441.8    2160.0
     481.7    2340.0
     521.7    2520.0
     561.6    2700.0
     601.5    2880.0
     680.1    3060.0
     787.2    3240.0
     930.5    3420.0
    1114.7    3600.0
    1334.4    3780.0
    1568.1    3960.0
    1810.3    4140.0
    1929.2    4320.0
    2035.4    4500.0
    2067.4    4680.0
    2076.3    4860.0
    2085.2    5040.0
    2094.1    5220.0
    2103.0    5400.0
    2111.9    5580.0
    2120.8    5760.0
    2129.7    5940.0
    2138.7    6120.0
    2147.6    6300.0
    2156.5    6480.0
    2165.4    6660.0
    2174.3    6840.0
    2183.2    7020.0
    2192.1    7200.0
    2201.0    7380.0
    2209.9    7560.0
    2218.8    7740.0
    2227.7    7920.0
    2236.6    8100.0
    2245.7    8280.0
    2255.4    8460.0
    2263.0    8640.0
    2269.0    8820.0
    2275.3    9000.0
    2281.7    9180.0
    2288.1    9360.0
    2294.5    9540.0
    2300.9    9720.0
    2307.3    9900.0
    2313.6   10080.0
    2320.0   10260.0
    2326.4   10440.0
    2332.8   10620.0
    2339.2   10800.0
    2345.6   10980.0
    2352.0   11160.0
    2358.3   11340.0
    2364.7   11520.0
    2371.1   11700.0
    2377.5   11880.0
    2383.9   12060.0
    2390.3   12240.0
    2396.6   12420.0
    2403.0   12600.0
    2409.4   12780.0
    2415.8   12960.0
    2422.2   13140.0
    2428.6   13320.0
    2435.0   13500.0
    2441.3   13680.0
    2450.1   13860.0
    2459.1   14040.0
    2484.0   14220.0
    2503.9   14400.0
    2527.9   14580.0
    2551.9   14760.0
    2575.8   14940.0
    2599.8   15120.0
    2623.8   15300.0
    2647.8   15480.0
    2684.4   15660.0
    2746.1   15840.0
    2806.6   16020.0
    2867.2   16200.0
    2931.9   16380.0
    2987.2   16560.0
    3042.4   16740.0
    3097.7   16920.0
    3150.9   17100.0
    3203.7   17280.0
    3256.5   17460.0
    3314.7   17640.0
    3378.8   17820.0
    3442.9   18000.0
 1.0    1.38038e+02
      42.2     180.0
      79.8     360.0
     118.3     540.0
     147.0     720.0
     178.9     900.0
     205.4    1080.0
     249.5    1260.0
     283.5    1440.0
     317.4    1620.0
     372.4    1800.0
     412.3    1980.0
     452.2    2160.0
     492.1    2340.0
     532.0    2520.0
     571.9    2700.0
     611.8    2880.0
     697.5    3060.0
     804.7    3240.0
     952.3    3420.0
    1139.5    3600.0
    1359.4    3780.0
    1590.5    3960.0
    1832.8    4140.0
    1945.3    4320.0
    2051.4    4500.0
    2087.2    4680.0
    2096.1    4860.0
    2105.1    5040.0
    2114.0    5220.0
    2122.9    5400.0
    2131.8    5580.0
    2140.7    5760.0
    2149.6    5940.0
    2158.5    6120.0
    2167.4    6300.0
    2176.3    6480.0
    2185.2    6660.0
    2194.1    6840.0
    2203.0    7020.0
    2212.0    7200.0
    2220.9    7380.0
    2229.8    7560.0
    2238.7    7740.0
    2247.6    7920.0
    2256.5    8100.0
    2265.7    8280.0
    2276.1    8460.0
    2284.0    8640.0
    2288.9    8820.0
    2295.3    9000.0
    2301.7    9180.0
    2308.1    9360.0
    2314.4    9540.0
    2320.8    9720.0
    2327.2    9900.0
    2333.6   10080.0
    2340.0   10260.0
    2346.4   10440.0
    2352.7   10620.0
    2359.1   10800.0
    2365.5   10980.0
    2371.9   11160.0
    2378.3   11340.0
    2384.7   11520.0
    2391.1   11700.0
    2397.4   11880.0
    2403.8   12060.0
    2410.2   12240.0
    2416.6   12420.0
    2423.0   12600.0
    2429.4   12780.0
    2435.7   12960.0
    2442.1   13140.0
    2448.5   13320.0
    2454.9   13500.0
    2463.5   13680.0
    2472.5   13860.0
    2481.5   14040.0
    2512.0   14220.0
    2529.6   14400.0
    2553.6   14580.0
    2577.6   14760.0
    2601.6   14940.0
    2625.6   15120.0
    2649.6   15300.0
    2673.6   15480.0
    2717.5   15660.0
    2779.2   15840.0
    2839.8   16020.0
    2900.4   16200.0
    2967.2   16380.0
    3022.5   16560.0
    3077.8   16740.0
    3133.1   16920.0
    3186.2   17100.0
    3239.0   17280.0
    3291.9   17460.0
    3351.7   17640.0
    3415.7   17820.0
    3479.8   18000.0
 1.0    1.49624e+02
      43.3     180.0
      81.0     360.0
     120.4     540.0
     149.1     720.0
     182.1     900.0
     208.6    1080.0
     255.8    1260.0
     289.8    1440.0
     323.7    1620.0
     379.0    1800.0
     422.6    1980.0
     462.5    2160.0
     502.5    2340.0
     542.4    2520.0
     582.3    2700.0
     622.2    2880.0
     715.0    3060.0
     822.1    3240.0
     974.0    3420.0
    1164.2    3600.0
    1384.5    3780.0
    1613.0    3960.0
    1855.2    4140.0
    1961.3    4320.0
    2067.4    4500.0
    2107.1    4680.0
    2116.0    4860.0
    2124.9    5040.0
    2133.8    5220.0
    2142.7    5400.0
    2151.6    5580.0
    2160.5    5760.0
    2169.4    5940.0
    2178.4    6120.0
    2187.3    6300.0
    2196.2    6480.0
    2205.1    6660.0
    2214.0    6840.0
    2222.9    7020.0
    2231.8    7200.0
    2240.7    7380.0
    2249.6    7560.0
    2258.5    7740.0
    2267.4    7920.0
    2276.5    8100.0
    2285.7    8280.0
    2296.7    8460.0
    2305.0    8640.0
    2308.8    8820.0
    2315.2    9000.0
    2321.6    9180.0
    2328.0    9360.0
    2334.4    9540.0
    2340.8    9720.0
    2347.2    9900.0
    2353.5   10080.0
    2359.9   10260.0
    2366.3   10440.0
    2372.7   10620.0
    2379.1   10800.0
    2385.5   10980.0
    2391.8   11160.0
    2398.2   11340.0
    2404.6   11520.0
    2411.0   11700.0
    2417.4   11880.0
    2423.8   12060.0
    2430.2   12240.0
    2436.5   12420.0
    2442.9   12600.0
    2449.3   12780.0
    2455.7   12960.0
    2462.1   13140.0
    2468.5   13320.0
    2476.9   13500.0
    2485.9   13680.0
    2494.9   13860.0
    2503.9   14040.0
    2540.0   14220.0
    2555.4   14400.0
    2579.4   14580.0
    2603.4   14760.0
    2627.4   14940.0
    2651.4   15120.0
    2675.4   15300.0
    2699.4   15480.0
    2750.5   15660.0
    2812.4   15840.0
    2873.0   16020.0
    2933.5   16200.0
    3002.2   16380.0
    3057.9   16560.0
    3113.2   16740.0
    3168.4   16920.0
    3221.6   17100.0
    3274.4   17280.0
    3327.2   17460.0
    3388.6   17640.0
    3452.7   17820.0
    3511.3   18000.0
 1.0    1.62181e+02
      44.4     180.0
      82.1     360.0
     122.4     540.0
     151.2     720.0
     185.3     900.0
     211.8    1080.0
     262.1    1260.0
     296.0    1440.0
     330.0    1620.0
     383.8    1800.0
     433.0    1980.0
     472.9    2160.0
     512.8    2340.0
     552.7    2520.0
     592.6    2700.0
     632.6    2880.0
     732.4    3060.0
     839.6    3240.0
     995.7    3420.0
    1189.0    3600.0
    1409.6    3780.0
    1635.4    3960.0
    1877.7    4140.0
    1977.3    4320.0
    2083.5    4500.0
    2126.9    4680.0
    2135.8    4860.0
    2144.8    5040.0
    2153.7    5220.0
    2162.6    5400.0
    2171.5    5580.0
    2180.4    5760.0
    2189.3    5940.0
    2198.2    6120.0
    2207.1    6300.0
    2216.0    6480.0
    2224.9    6660.0
    2233.8    6840.0
    2242.7    7020.0
    2251.7    7200.0
    2260.6    7380.0
    2269.5    7560.0
    2278.4    7740.0
    2287.4    7920.0
    2296.6    8100.0
    2305.9    8280.0
    2317.4    8460.0
    2326.0    8640.0
    2328.8    8820.0
    2335.2    9000.0
    2341.6    9180.0
    2347.9    9360.0
    2354.3    9540.0
    2360.7    9720.0
    2367.1    9900.0
    2373.5   10080.0
    2379.9   10260.0
    2386.2   10440.0
    2392.6   10620.0
    2399.0   10800.0
    2405.4   10980.0
    2411.8   11160.0
    2418.2   11340.0
    2424.6   11520.0
    2430.9   11700.0
    2437.3   11880.0
    2443.7   12060.0
    2450.1   12240.0
    2456.5   12420.0
    2462.9   12600.0
    2469.3   12780.0
    2475.6   12960.0
    2482.0   13140.0
    2490.2   13320.0
    2499.3   13500.0
    2508.3   13680.0
    2517.3   13860.0
    2527.7   14040.0
    2568.0   14220.0
    2581.2   14400.0
    2605.2   14580.0
    2629.2   14760.0
    2653.2   14940.0
    2677.2   15120.0
    2701.2   15300.0
    2725.2   15480.0
    2783.6   15660.0
    2845.6   15840.0
    2906.1   16020.0
    2966.7   16200.0
    3037.2   16380.0
    3093.3   16560.0
    3148.6   16740.0
    3203.8   16920.0
    3256.9   17100.0
    3309.8   17280.0
    3362.6   17460.0
    3425.5   17640.0
    3489.6   17820.0
    3540.9   18000.0
 1.0    1.75792e+02
      45.5     180.0
      83.2     360.0
     124.5     540.0
     153.3     720.0
     188.5     900.0
     215.0    1080.0
     268.3    1260.0
     302.3    1440.0
     337.6    1620.0
     388.6    1800.0
     443.3    1980.0
     483.3    2160.0
     523.2    2340.0
     563.1    2520.0
     603.0    2700.0
     642.9    2880.0
     749.9    3060.0
     857.0    3240.0
    1017.5    3420.0
    1213.8    3600.0
    1434.7    3780.0
    1657.9    3960.0
    1898.5    4140.0
    1993.3    4320.0
    2098.0    4500.0
    2146.2    4680.0
    2155.7    4860.0
    2164.6    5040.0
    2173.5    5220.0
    2182.4    5400.0
    2191.3    5580.0
    2200.2    5760.0
    2209.1    5940.0
    2218.1    6120.0
    2227.0    6300.0
    2235.9    6480.0
    2244.8    6660.0
    2253.7    6840.0
    2262.6    7020.0
    2271.5    7200.0
    2280.4    7380.0
    2289.3    7560.0
    2298.2    7740.0
    2307.4    7920.0
    2316.6    8100.0
    2326.6    8280.0
    2338.1    8460.0
    2347.0    8640.0
    2348.7    8820.0
    2355.1    9000.0
    2361.5    9180.0
    2367.9    9360.0
    2374.3    9540.0
    2380.7    9720.0
    2387.0    9900.0
    2393.4   10080.0
    2399.8   10260.0
    2406.2   10440.0
    2412.6   10620.0
    2419.0   10800.0
    2425.3   10980.0
    2431.7   11160.0
    2438.1   11340.0
    2444.5   11520.0
    2450.9   11700.0
    2457.3   11880.0
    2463.7   12060.0
    2470.0   12240.0
    2476.4   12420.0
    2482.8   12600.0
    2489.2   12780.0
    2495.6   12960.0
    2503.6   13140.0
    2512.6   13320.0
    2521.7   13500.0
    2530.7   13680.0
    2539.7   13860.0
    2555.5   14040.0
    2596.0   14220.0
    2607.0   14400.0
    2631.0   14580.0
    2655.0   14760.0
    2679.0   14940.0
    2703.0   15120.0
    2727.0   15300.0
    2756.7   15480.0
    2816.7   15660.0
    2878.7   15840.0
    2939.3   16020.0
    3001.2   16200.0
    3072.2   16380.0
    3128.7   16560.0
    3183.9   16740.0
    3239.2   16920.0
    3292.3   17100.0
    3345.1   17280.0
    3398.4   17460.0
    3462.4   17640.0
    3526.5   17820.0
    3570.4   18000.0
 1.0    1.90546e+02
      46.6     180.0
      84.3     360.0
     126.6     540.0
     155.3     720.0
     191.7     900.0
     218.2    1080.0
     274.6    1260.0
     308.6    1440.0
     349.5    1620.0
     393.5    1800.0
     453.7    1980.0
     493.6    2160.0
     533.5    2340.0
     573.4    2520.0
     613.4    2700.0
     653.3    2880.0
     769.1    3060.0
     874.5    3240.0
    1039.2    3420.0
    1238.6    3600.0
    1459.8    3780.0
    1680.3    3960.0
    1914.6    4140.0
    2009.4    4320.0
    2112.0    4500.0
    2162.7    4680.0
    2175.5    4860.0
    2184.5    5040.0
    2193.4    5220.0
    2202.3    5400.0
    2211.2    5580.0
    2220.1    5760.0
    2229.0    5940.0
    2237.9    6120.0
    2246.8    6300.0
    2255.7    6480.0
    2264.6    6660.0
    2273.5    6840.0
    2282.4    7020.0
    2291.3    7200.0
    2300.3    7380.0
    2309.2    7560.0
    2318.3    7740.0
    2327.4    7920.0
    2336.6    8100.0
    2347.3    8280.0
    2358.7    8460.0
    2368.0    8640.0
    2368.7    8820.0
    2375.1    9000.0
    2381.4    9180.0
    2387.8    9360.0
    2394.2    9540.0
    2400.6    9720.0
    2407.0    9900.0
    2413.4   10080.0
    2419.8   10260.0
    2426.1   10440.0
    2432.5   10620.0
    2438.9   10800.0
    2445.3   10980.0
    2451.7   11160.0
    2458.1   11340.0
    2464.4   11520.0
    2470.8   11700.0
    2477.2   11880.0
    2483.6   12060.0
    2490.0   12240.0
    2496.4   12420.0
    2502.8   12600.0
    2509.1   12780.0
    2517.0   12960.0
    2526.0   13140.0
    2535.0   13320.0
    2544.1   13500.0
    2553.1   13680.0
    2562.1   13860.0
    2583.4   14040.0
    2624.0   14220.0
    2632.8   14400.0
    2656.8   14580.0
    2680.8   14760.0
    2704.8   14940.0
    2728.8   15120.0
    2752.8   15300.0
    2789.3   15480.0
    2849.7   15660.0
    2911.9   15840.0
    2972.4   16020.0
    3036.2   16200.0
    3107.2   16380.0
    3164.0   16560.0
    3219.3   16740.0
    3274.6   16920.0
    3327.6   17100.0
    3380.5   17280.0
    3435.3   17460.0
    3499.3   17640.0
    3563.4   17820.0
    3600.0   18000.0
 1.0    2.06538e+02
      47.7     180.0
      85.4     360.0
     128.6     540.0
     157.4     720.0
     194.9     900.0
     222.7    1080.0
     280.9    1260.0
     314.8    1440.0
     361.4    1620.0
     398.3    1800.0
     464.1    1980.0
     504.0    2160.0
     543.9    2340.0
     583.8    2520.0
     623.7    2700.0
     664.6    2880.0
     795.5    3060.0
     891.9    3240.0
    1060.9    3420.0
    1263.4    3600.0
    1484.9    3780.0
    1702.8    3960.0
    1930.7    4140.0
    2025.4    4320.0
    2126.0    4500.0
    2179.2    4680.0
    2195.4    4860.0
    2204.3    5040.0
    2213.2    5220.0
    2222.1    5400.0
    2231.0    5580.0
    2239.9    5760.0
    2248.8    5940.0
    2257.8    6120.0
    2266.7    6300.0
    2275.6    6480.0
    2284.5    6660.0
    2293.4    6840.0
    2302.3    7020.0
    2311.2    7200.0
    2320.1    7380.0
    2329.1    7560.0
    2338.3    7740.0
    2347.5    7920.0
    2356.7    8100.0
    2367.9    8280.0
    2379.3    8460.0
    2389.0    8640.0
    2389.0    8820.0
    2395.0    9000.0
    2401.4    9180.0
    2407.8    9360.0
    2414.2    9540.0
    2420.5    9720.0
    2426.9    9900.0
    2433.3   10080.0
    2439.7   10260.0
    2446.1   10440.0
    2452.5   10620.0
    2458.9   10800.0
    2465.2   10980.0
    2471.6   11160.0
    2478.0   11340.0
    2484.4   11520.0
    2490.8   11700.0
    2497.2   11880.0
    2503.5   12060.0
    2509.9   12240.0
    2516.3   12420.0
    2522.7   12600.0
    2530.4   12780.0
    2539.4   12960.0
    2548.4   13140.0
    2557.5   13320.0
    2566.5   13500.0
    2575.5   13680.0
    2584.5   13860.0
    2611.2   14040.0
    2652.0   14220.0
    2658.6   14400.0
    2682.6   14580.0
    2706.6   14760.0
    2730.6   14940.0
    2754.6   15120.0
    2778.6   15300.0
    2821.9   15480.0
    2882.8   15660.0
    2945.1   15840.0
    3005.6   16020.0
    3071.2   16200.0
    3142.2   16380.0
    3199.4   16560.0
    3254.7   16740.0
    3309.9   16920.0
    3363.0   17100.0
    3415.8   17280.0
    3472.2   17460.0
    3536.3   17640.0
    3595.1   17820.0
    3629.5   18000.0
 1.0    2.23872e+02
      48.8     180.0
      86.5     360.0
     130.7     540.0
     159.5     720.0
     198.1     900.0
     228.8    1080.0
     287.1    1260.0
     321.1    1440.0
     373.3    1620.0
     406.0    1800.0
     473.9    1980.0
     514.3    2160.0
     554.2    2340.0
     594.2    2520.0
     634.1    2700.0
     680.1    2880.0
     822.0    3060.0
     909.4    3240.0
    1082.7    3420.0
    1288.1    3600.0
    1510.0    3780.0
    1725.2    3960.0
    1946.8    4140.0
    2041.4    4320.0
    2140.0    4500.0
    2195.7    4680.0
    2215.2    4860.0
    2224.2    5040.0
    2233.1    5220.0
    2242.0    5400.0
    2250.9    5580.0
    2259.8    5760.0
    2268.7    5940.0
    2277.6    6120.0
    2286.5    6300.0
    2295.4    6480.0
    2304.3    6660.0
    2313.2    6840.0
    2322.1    7020.0
    2331.0    7200.0
    2340.0    7380.0
    2349.1    7560.0
    2358.3    7740.0
    2367.5    7920.0
    2377.1    8100.0
    2388.6    8280.0
    2399.9    8460.0
    2410.0    8640.0
    2410.0    8820.0
    2414.9    9000.0
    2421.3    9180.0
    2427.7    9360.0
    2434.1    9540.0
    2440.5    9720.0
    2446.9    9900.0
    2453.3   10080.0
    2459.6   10260.0
    2466.0   10440.0
    2472.4   10620.0
    2478.8   10800.0
    2485.2   10980.0
    2491.6   11160.0
    2498.0   11340.0
    2504.3   11520.0
    2510.7   11700.0
    2517.1   11880.0
    2523.5   12060.0
    2529.9   12240.0
    2536.3   12420.0
    2543.7   12600.0
    2552.8   12780.0
    2561.8   12960.0
    2570.8   13140.0
    2579.9   13320.0
    2588.9   13500.0
    2597.9   13680.0
    2606.9   13860.0
    2639.0   14040.0
    2680.0   14220.0
    2684.4   14400.0
    2708.4   14580.0
    2732.4   14760.0
    2756.4   14940.0
    2780.4   15120.0
    2804.4   15300.0
    2854.5   15480.0
    2915.8   15660.0
    2978.2   15840.0
    3038.8   16020.0
    3106.2   16200.0
    3177.2   16380.0
    3234.8   16560.0
    3290.0   16740.0
    3345.3   16920.0
    3398.3   17100.0
    3451.2   17280.0
    3509.1   17460.0
    3573.2   17640.0
    3624.6   17820.0
    3659.1   18000.0
 1.0    2.42661e+02
      50.0     180.0
      87.7     360.0
     132.8     540.0
     161.6     720.0
     201.3     900.0
     234.9    1080.0
     293.4    1260.0
     327.4    1440.0
     385.2    1620.0
     419.3    1800.0
     478.8    1980.0
     524.7    2160.0
     564.6    2340.0
     604.5    2520.0
     644.4    2700.0
     695.6    2880.0
     848.5    3060.0
     926.8    3240.0
    1103.5    3420.0
    1312.9    3600.0
    1535.1    3780.0
    1747.7    3960.0
    1962.9    4140.0
    2057.4    4320.0
    2154.0    4500.0
    2212.3    4680.0
    2235.1    4860.0
    2244.0    5040.0
    2252.9    5220.0
    2261.8    5400.0
    2270.7    5580.0
    2279.6    5760.0
    2288.5    5940.0
    2297.4    6120.0
    2306.4    6300.0
    2315.3    6480.0
    2324.2    6660.0
    2333.1    6840.0
    2342.0    7020.0
    2350.9    7200.0
    2360.0    7380.0
    2369.2    7560.0
    2378.3    7740.0
    2387.5    7920.0
    2397.8    8100.0
    2409.2    8280.0
    2420.4    8460.0
    2430.9    8640.0
    2431.0    8820.0
    2434.9    9000.0
    2441.3    9180.0
    2447.7    9360.0
    2454.0    9540.0
    2460.4    9720.0
    2466.8    9900.0
    2473.2   10080.0
    2479.6   10260.0
    2486.0   10440.0
    2492.4   10620.0
    2498.7   10800.0
    2505.1   10980.0
    2511.5   11160.0
    2517.9   11340.0
    2524.3   11520.0
    2530.7   11700.0
    2537.0   11880.0
    2543.4   12060.0
    2549.8   12240.0
    2557.1   12420.0
    2566.1   12600.0
    2575.2   12780.0
    2584.2   12960.0
    2593.2   13140.0
    2602.3   13320.0
    2611.3   13500.0
    2620.3   13680.0
    2629.4   13860.0
    2666.8   14040.0
    2708.0   14220.0
    2710.2   14400.0
    2734.2   14580.0
    2758.2   14760.0
    2782.2   14940.0
    2806.2   15120.0
    2830.2   15300.0
    2887.1   15480.0
    2948.9   15660.0
    3011.4   15840.0
    3071.9   16020.0
    3141.2   16200.0
    3212.2   16380.0
    3270.1   16560.0
    3325.4   16740.0
    3380.7   16920.0
    3433.7   17100.0
    3486.5   17280.0
    3546.0   17460.0
    3610.1   17640.0
    3654.2   17820.0
    3688.6   18000.0
 1.0    2.63027e+02
      51.1     180.0
      88.8     360.0
     134.9     540.0
     163.6     720.0
     204.5     900.0
     241.1    1080.0
     299.7    1260.0
     333.6    1440.0
     397.1    1620.0
     432.7    1800.0
     483.6    1980.0
     535.0    2160.0
     574.9    2340.0
     614.9    2520.0
     654.8    2700.0
     711.2    2880.0
     875.0    3060.0
     944.2    3240.0
    1123.7    3420.0
    1337.7    3600.0
    1560.1    3780.0
    1770.1    3960.0
    1978.9    4140.0
    2073.5    4320.0
    2168.0    4500.0
    2228.8    4680.0
    2254.9    4860.0
    2263.9    5040.0
    2272.8    5220.0
    2281.7    5400.0
    2290.6    5580.0
    2299.5    5760.0
    2308.4    5940.0
    2317.3    6120.0
    2326.2    6300.0
    2335.1    6480.0
    2344.0    6660.0
    2352.9    6840.0
    2361.8    7020.0
    2370.8    7200.0
    2380.0    7380.0
    2389.2    7560.0
    2398.4    7740.0
    2407.6    7920.0
    2418.4    8100.0
    2429.9    8280.0
    2441.0    8460.0
    2451.5    8640.0
    2452.0    8820.0
    2454.8    9000.0
    2461.2    9180.0
    2467.6    9360.0
    2474.0    9540.0
    2480.4    9720.0
    2486.8    9900.0
    2493.1   10080.0
    2499.5   10260.0
    2505.9   10440.0
    2512.3   10620.0
    2518.7   10800.0
    2525.1   10980.0
    2531.5   11160.0
    2537.8   11340.0
    2544.2   11520.0
    2550.6   11700.0
    2557.0   11880.0
    2563.4   12060.0
    2570.5   12240.0
    2579.5   12420.0
    2588.6   12600.0
    2597.6   12780.0
    2606.6   12960.0
    2615.6   13140.0
    2624.7   13320.0
    2633.7   13500.0
    2642.7   13680.0
    2651.8   13860.0
    2694.7   14040.0
    2736.0   14220.0
    2736.0   14400.0
    2760.0   14580.0
    2784.0   14760.0
    2808.0   14940.0
    2831.9   15120.0
    2861.6   15300.0
    2919.7   15480.0
    2982.0   15660.0
    3044.5   15840.0
    3105.1   16020.0
    3176.2   16200.0
    3247.2   16380.0
    3305.5   16560.0
    3360.8   16740.0
    3416.0   16920.0
    3469.1   17100.0
    3521.9   17280.0
    3583.0   17460.0
    3647.0   17640.0
    3683.7   17820.0
    3718.2   18000.0
 1.0    2.85102e+02
      52.2     180.0
      89.9     360.0
     136.9     540.0
     165.7     720.0
     207.7     900.0
     247.2    1080.0
     306.0    1260.0
     339.9    1440.0
     409.0    1620.0
     446.0    1800.0
     488.4    1980.0
     545.4    2160.0
     585.3    2340.0
     625.2    2520.0
     665.1    2700.0
     726.7    2880.0
     901.5    3060.0
     961.7    3240.0
    1143.9    3420.0
    1360.7    3600.0
    1585.2    3780.0
    1792.6    3960.0
    1995.0    4140.0
    2089.5    4320.0
    2182.0    4500.0
    2245.3    4680.0
    2274.8    4860.0
    2283.7    5040.0
    2292.6    5220.0
    2301.5    5400.0
    2310.4    5580.0
    2319.3    5760.0
    2328.2    5940.0
    2337.1    6120.0
    2346.1    6300.0
    2355.0    6480.0
    2363.9    6660.0
    2372.8    6840.0
    2381.7    7020.0
    2390.9    7200.0
    2400.0    7380.0
    2409.2    7560.0
    2418.4    7740.0
    2427.6    7920.0
    2439.1    8100.0
    2450.6    8280.0
    2461.6    8460.0
    2472.1    8640.0
    2473.0    8820.0
    2474.8    9000.0
    2481.2    9180.0
    2487.6    9360.0
    2493.9    9540.0
    2500.3    9720.0
    2506.7    9900.0
    2513.1   10080.0
    2519.5   10260.0
    2525.9   10440.0
    2532.2   10620.0
    2538.6   10800.0
    2545.0   10980.0
    2551.4   11160.0
    2557.8   11340.0
    2564.2   11520.0
    2570.6   11700.0
    2576.9   11880.0
    2583.9   12060.0
    2592.9   12240.0
    2601.9   12420.0
    2611.0   12600.0
    2620.0   12780.0
    2629.0   12960.0
    2638.0   13140.0
    2647.1   13320.0
    2656.1   13500.0
    2665.1   13680.0
    2678.7   13860.0
    2722.8   14040.0
    2764.0   14220.0
    2764.0   14400.0
    2785.7   14580.0
    2809.7   14760.0
    2833.7   14940.0
    2857.7   15120.0
    2894.1   15300.0
    2952.2   15480.0
    3015.0   15660.0
    3077.7   15840.0
    3138.3   16020.0
    3211.2   16200.0
    3282.2   16380.0
    3340.6   16560.0
    3396.2   16740.0
    3451.4   16920.0
    3504.4   17100.0
    3557.2   17280.0
    3619.9   17460.0
    3678.9   17640.0
    3713.3   17820.0
    3747.7   18000.0
 1.0    3.09030e+02
      53.3     180.0
      91.0     360.0
     139.0     540.0
     167.8     720.0
     210.9     900.0
     253.3    1080.0
     312.2    1260.0
     346.2    1440.0
     421.0    1620.0
     459.4    1800.0
     493.2    1980.0
     555.7    2160.0
     595.7    2340.0
     635.6    2520.0
     675.5    2700.0
     742.2    2880.0
     928.0    3060.0
     979.1    3240.0
    1164.1    3420.0
    1381.8    3600.0
    1610.3    3780.0
    1815.0    3960.0
    2011.1    4140.0
    2105.5    4320.0
    2196.0    4500.0
    2261.8    4680.0
    2294.6    4860.0
    2303.6    5040.0
    2312.5    5220.0
    2321.4    5400.0
    2330.3    5580.0
    2339.2    5760.0
    2348.1    5940.0
    2357.0    6120.0
    2365.9    6300.0
    2374.8    6480.0
    2383.7    6660.0
    2392.6    6840.0
    2401.7    7020.0
    2410.9    7200.0
    2420.1    7380.0
    2429.3    7560.0
    2438.4    7740.0
    2448.3    7920.0
    2459.7    8100.0
    2471.2    8280.0
    2482.2    8460.0
    2492.7    8640.0
    2494.0    8820.0
    2494.7    9000.0
    2501.1    9180.0
    2507.5    9360.0
    2513.9    9540.0
    2520.3    9720.0
    2526.7    9900.0
    2533.0   10080.0
    2539.4   10260.0
    2545.8   10440.0
    2552.2   10620.0
    2558.6   10800.0
    2565.0   10980.0
    2571.3   11160.0
    2577.7   11340.0
    2584.1   11520.0
    2590.5   11700.0
    2597.2   11880.0
    2606.3   12060.0
    2615.3   12240.0
    2624.3   12420.0
    2633.4   12600.0
    2642.4   12780.0
    2651.4   12960.0
    2660.5   13140.0
    2669.5   13320.0
    2678.5   13500.0
    2687.5   13680.0
    2706.5   13860.0
    2750.9   14040.0
    2792.0   14220.0
    2792.0   14400.0
    2811.5   14580.0
    2835.5   14760.0
    2859.5   14940.0
    2883.5   15120.0
    2926.7   15300.0
    2984.8   15480.0
    3048.1   15660.0
    3110.9   15840.0
    3171.4   16020.0
    3246.2   16200.0
    3317.2   16380.0
    3375.6   16560.0
    3431.5   16740.0
    3486.8   16920.0
    3539.8   17100.0
    3592.7   17280.0
    3656.8   17460.0
    3708.4   17640.0
    3742.9   17820.0
    3777.3   18000.0
 1.0    3.34966e+02
      54.4     180.0
      92.1     360.0
     141.1     540.0
     169.6     720.0
     214.1     900.0
     259.4    1080.0
     318.5    1260.0
     352.4    1440.0
     432.9    1620.0
     472.7    1800.0
     498.0    1980.0
     566.1    2160.0
     606.0    2340.0
     645.9    2520.0
     685.8    2700.0
     757.7    2880.0
     954.4    3060.0
     996.6    3240.0
    1184.3    3420.0
    1402.9    3600.0
    1635.4    3780.0
    1837.5    3960.0
    2027.2    4140.0
    2121.5    4320.0
    2210.9    4500.0
    2278.4    4680.0
    2313.0    4860.0
    2323.4    5040.0
    2332.3    5220.0
    2341.2    5400.0
    2350.1    5580.0
    2359.0    5760.0
    2367.9    5940.0
    2376.8    6120.0
    2385.8    6300.0
    2394.7    6480.0
    2403.6    6660.0
    2412.6    6840.0
    2421.7    7020.0
    2430.9    7200.0
    2440.1    7380.0
    2449.3    7560.0
    2458.5    7740.0
    2468.9    7920.0
    2480.4    8100.0
    2491.9    8280.0
    2502.8    8460.0
    2513.3    8640.0
    2515.0    8820.0
    2515.0    9000.0
    2521.1    9180.0
    2527.4    9360.0
    2533.8    9540.0
    2540.2    9720.0
    2546.6    9900.0
    2553.0   10080.0
    2559.4   10260.0
    2565.7   10440.0
    2572.1   10620.0
    2578.5   10800.0
    2584.9   10980.0
    2591.3   11160.0
    2597.7   11340.0
    2604.1   11520.0
    2610.6   11700.0
    2619.7   11880.0
    2628.7   12060.0
    2637.7   12240.0
    2646.7   12420.0
    2655.8   12600.0
    2664.8   12780.0
    2673.8   12960.0
    2682.9   13140.0
    2691.9   13320.0
    2700.9   13500.0
    2710.0   13680.0
    2734.3   13860.0
    2778.9   14040.0
    2820.0   14220.0
    2820.0   14400.0
    2837.3   14580.0
    2861.3   14760.0
    2885.3   14940.0
    2909.3   15120.0
    2959.3   15300.0
    3017.4   15480.0
    3081.1   15660.0
    3144.0   15840.0
    3204.6   16020.0
    3281.2   16200.0
    3352.2   16380.0
    3410.6   16560.0
    3466.9   16740.0
    3522.2   16920.0
    3575.1   17100.0
    3629.6   17280.0
    3693.7   17460.0
    3738.0   17640.0
    3772.4   17820.0
    3806.8   18000.0
 1.0    3.63078e+02
      55.6     180.0
      93.2     360.0
     143.2     540.0
     171.4     720.0
     217.3     900.0
     265.5    1080.0
     324.8    1260.0
     358.7    1440.0
     444.8    1620.0
     486.1    1800.0
     502.8    1980.0
     573.7    2160.0
     616.4    2340.0
     656.3    2520.0
     696.2    2700.0
     773.3    2880.0
     980.9    3060.0
    1014.0    3240.0
    1204.6    3420.0
    1424.0    3600.0
    1660.5    3780.0
    1859.9    3960.0
    2043.3    4140.0
    2137.6    4320.0
    2226.6    4500.0
    2294.9    4680.0
    2329.5    4860.0
    2343.2    5040.0
    2352.2    5220.0
    2361.1    5400.0
    2370.0    5580.0
    2378.9    5760.0
    2387.8    5940.0
    2396.7    6120.0
    2405.6    6300.0
    2414.5    6480.0
    2423.4    6660.0
    2432.6    6840.0
    2441.8    7020.0
    2450.9    7200.0
    2460.1    7380.0
    2469.3    7560.0
    2478.5    7740.0
    2489.6    7920.0
    2501.1    8100.0
    2512.5    8280.0
    2523.4    8460.0
    2533.9    8640.0
    2536.0    8820.0
    2536.0    9000.0
    2541.0    9180.0
    2547.4    9360.0
    2553.8    9540.0
    2560.2    9720.0
    2566.5    9900.0
    2572.9   10080.0
    2579.3   10260.0
    2585.7   10440.0
    2592.1   10620.0
    2598.5   10800.0
    2604.8   10980.0
    2611.2   11160.0
    2617.6   11340.0
    2624.0   11520.0
    2633.0   11700.0
    2642.1   11880.0
    2651.1   12060.0
    2660.1   12240.0
    2669.2   12420.0
    2678.2   12600.0
    2687.2   12780.0
    2696.2   12960.0
    2705.3   13140.0
    2714.3   13320.0
    2723.3   13500.0
    2732.4   13680.0
    2762.2   13860.0
    2807.0   14040.0
    2848.0   14220.0
    2848.0   14400.0
    2863.1   14580.0
    2887.1   14760.0
    2911.1   14940.0
    2935.1   15120.0
    2991.9   15300.0
    3050.2   15480.0
    3114.2   15660.0
    3177.2   15840.0
    3237.7   16020.0
    3316.2   16200.0
    3387.2   16380.0
    3445.6   16560.0
    3502.3   16740.0
    3557.5   16920.0
    3610.5   17100.0
    3666.6   17280.0
    3730.6   17460.0
    3767.5   17640.0
    3802.0   17820.0
    3835.7   18000.0
 1.0    3.93550e+02
      56.7     180.0
      94.3     360.0
     145.2     540.0
     173.3     720.0
     220.5     900.0
     271.7    1080.0
     330.5    1260.0
     365.0    1440.0
     456.7    1620.0
     499.4    1800.0
     507.7    1980.0
     578.5    2160.0
     626.7    2340.0
     666.6    2520.0
     706.6    2700.0
     788.8    2880.0
    1007.4    3060.0
    1031.5    3240.0
    1224.8    3420.0
    1445.1    3600.0
    1685.6    3780.0
    1882.4    3960.0
    2059.4    4140.0
    2153.6    4320.0
    2242.3    4500.0
    2311.4    4680.0
    2346.1    4860.0
    2363.1    5040.0
    2372.0    5220.0
    2380.9    5400.0
    2389.8    5580.0
    2398.7    5760.0
    2407.6    5940.0
    2416.5    6120.0
    2425.5    6300.0
    2434.4    6480.0
    2443.4    6660.0
    2452.6    6840.0
    2461.8    7020.0
    2471.0    7200.0
    2480.2    7380.0
    2489.3    7560.0
    2498.8    7740.0
    2510.3    7920.0
    2521.7    8100.0
    2533.2    8280.0
    2543.9    8460.0
    2554.4    8640.0
    2557.0    8820.0
    2557.0    9000.0
    2560.9    9180.0
    2567.3    9360.0
    2573.7    9540.0
    2580.1    9720.0
    2586.5    9900.0
    2592.9   10080.0
    2599.3   10260.0
    2605.6   10440.0
    2612.0   10620.0
    2618.4   10800.0
    2624.8   10980.0
    2631.2   11160.0
    2637.6   11340.0
    2646.4   11520.0
    2655.4   11700.0
    2664.5   11880.0
    2673.5   12060.0
    2682.5   12240.0
    2691.6   12420.0
    2700.6   12600.0
    2709.6   12780.0
    2718.6   12960.0
    2727.7   13140.0
    2736.7   13320.0
    2745.7   13500.0
    2754.8   13680.0
    2790.0   13860.0
    2835.1   14040.0
    2876.0   14220.0
    2876.0   14400.0
    2888.9   14580.0
    2912.9   14760.0
    2936.9   14940.0
    2966.4   15120.0
    3024.5   15300.0
    3083.3   15480.0
    3147.3   15660.0
    3210.3   15840.0
    3270.9   16020.0
    3351.2   16200.0
    3422.2   16380.0
    3480.6   16560.0
    3537.6   16740.0
    3592.9   16920.0
    3645.8   17100.0
    3703.5   17280.0
    3762.7   17460.0
    3797.1   17640.0
    3831.5   17820.0
    3864.4   18000.0
 1.0    4.26580e+02
      57.9     180.0
      95.5     360.0
     147.3     540.0
     175.1     720.0
     223.7     900.0
     277.8    1080.0
     335.2    1260.0
     371.2    1440.0
     468.2    1620.0
     512.8    1800.0
     512.5    1980.0
     583.3    2160.0
     637.1    2340.0
     677.0    2520.0
     716.9    2700.0
     804.3    2880.0
    1033.9    3060.0
    1048.9    3240.0
    1245.0    3420.0
    1466.2    3600.0
    1710.7    3780.0
    1904.8    3960.0
    2075.4    4140.0
    2169.6    4320.0
    2258.0    4500.0
    2327.9    4680.0
    2362.6    4860.0
    2382.9    5040.0
    2391.9    5220.0
    2400.8    5400.0
    2409.7    5580.0
    2418.6    5760.0
    2427.5    5940.0
    2436.4    6120.0
    2445.3    6300.0
    2454.3    6480.0
    2463.5    6660.0
    2472.6    6840.0
    2481.8    7020.0
    2491.0    7200.0
    2500.2    7380.0
    2509.4    7560.0
    2519.4    7740.0
    2530.9    7920.0
    2542.4    8100.0
    2553.9    8280.0
    2564.5    8460.0
    2575.0    8640.0
    2578.0    8820.0
    2578.0    9000.0
    2580.9    9180.0
    2587.3    9360.0
    2593.7    9540.0
    2600.0    9720.0
    2606.4    9900.0
    2612.8   10080.0
    2619.2   10260.0
    2625.6   10440.0
    2632.0   10620.0
    2638.4   10800.0
    2644.7   10980.0
    2651.1   11160.0
    2659.8   11340.0
    2668.8   11520.0
    2677.8   11700.0
    2686.9   11880.0
    2695.9   12060.0
    2704.9   12240.0
    2714.0   12420.0
    2723.0   12600.0
    2732.0   12780.0
    2741.1   12960.0
    2750.1   13140.0
    2759.1   13320.0
    2768.1   13500.0
    2777.2   13680.0
    2817.8   13860.0
    2863.2   14040.0
    2904.0   14220.0
    2904.0   14400.0
    2914.7   14580.0
    2938.7   14760.0
    2962.7   14940.0
    2999.0   15120.0
    3057.1   15300.0
    3116.4   15480.0
    3180.3   15660.0
    3243.5   15840.0
    3304.1   16020.0
    3386.2   16200.0
    3457.2   16380.0
    3515.6   16560.0
    3573.0   16740.0
    3628.3   16920.0
    3681.2   17100.0
    3740.4   17280.0
    3792.2   17460.0
    3826.6   17640.0
    3860.6   17820.0
    3893.0   18000.0
 1.0    4.62381e+02
      59.1     180.0
      96.6     360.0
     149.4     540.0
     176.9     720.0
     226.9     900.0
     283.9    1080.0
     339.9    1260.0
     377.5    1440.0
     479.0    1620.0
     526.1    1800.0
     517.3    1980.0
     588.2    2160.0
     647.4    2340.0
     687.4    2520.0
     727.3    2700.0
     819.8    2880.0
    1060.4    3060.0
    1067.0    3240.0
    1265.2    3420.0
    1487.3    3600.0
    1735.8    3780.0
    1923.4    3960.0
    2091.5    4140.0
    2185.6    4320.0
    2273.7    4500.0
    2344.5    4680.0
    2379.1    4860.0
    2402.8    5040.0
    2411.7    5220.0
    2420.6    5400.0
    2429.5    5580.0
    2438.4    5760.0
    2447.3    5940.0
    2456.2    6120.0
    2465.2    6300.0
    2474.3    6480.0
    2483.5    6660.0
    2492.7    6840.0
    2501.9    7020.0
    2511.0    7200.0
    2520.2    7380.0
    2529.4    7560.0
    2540.1    7740.0
    2551.6    7920.0
    2563.0    8100.0
    2574.5    8280.0
    2585.1    8460.0
    2595.6    8640.0
    2599.0    8820.0
    2599.0    9000.0
    2600.8    9180.0
    2607.2    9360.0
    2613.6    9540.0
    2620.0    9720.0
    2626.4    9900.0
    2632.8   10080.0
    2639.1   10260.0
    2645.5   10440.0
    2651.9   10620.0
    2658.3   10800.0
    2664.7   10980.0
    2673.2   11160.0
    2682.2   11340.0
    2691.2   11520.0
    2700.3   11700.0
    2709.3   11880.0
    2718.3   12060.0
    2727.3   12240.0
    2736.4   12420.0
    2745.4   12600.0
    2754.4   12780.0
    2763.5   12960.0
    2772.5   13140.0
    2781.5   13320.0
    2790.6   13500.0
    2801.8   13680.0
    2845.6   13860.0
    2891.3   14040.0
    2932.0   14220.0
    2932.0   14400.0
    2940.5   14580.0
    2964.5   14760.0
    2988.5   14940.0
    3031.6   15120.0
    3089.7   15300.0
    3149.4   15480.0
    3213.4   15660.0
    3276.7   15840.0
    3339.1   16020.0
    3421.2   16200.0
    3492.2   16380.0
    3550.6   16560.0
    3608.4   16740.0
    3663.7   16920.0
    3716.5   17100.0
    3777.3   17280.0
    3821.8   17460.0
    3856.2   17640.0
    3889.2   17820.0
    3921.7   18000.0
 1.0    5.01187e+02
      60.3     180.0
      97.7     360.0
     151.5     540.0
     178.8     720.0
     230.1     900.0
     290.0    1080.0
     344.6    1260.0
     383.8    1440.0
     489.8    1620.0
     539.5    1800.0
     522.1    1980.0
     593.0    2160.0
     657.8    2340.0
     697.7    2520.0
     737.6    2700.0
     835.4    2880.0
    1086.8    3060.0
    1090.5    3240.0
    1285.4    3420.0
    1508.4    3600.0
    1760.8    3780.0
    1941.4    3960.0
    2107.6    4140.0
    2201.7    4320.0
    2289.4    4500.0
    2361.0    4680.0
    2395.6    4860.0
    2422.6    5040.0
    2431.6    5220.0
    2440.5    5400.0
    2449.4    5580.0
    2458.3    5760.0
    2467.2    5940.0
    2476.1    6120.0
    2485.2    6300.0
    2494.3    6480.0
    2503.5    6660.0
    2512.7    6840.0
    2521.9    7020.0
    2531.1    7200.0
    2540.3    7380.0
    2549.4    7560.0
    2560.8    7740.0
    2572.2    7920.0
    2583.7    8100.0
    2595.2    8280.0
    2605.7    8460.0
    2616.2    8640.0
    2620.0    8820.0
    2620.0    9000.0
    2620.8    9180.0
    2627.2    9360.0
    2633.5    9540.0
    2639.9    9720.0
    2646.3    9900.0
    2652.7   10080.0
    2659.1   10260.0
    2665.5   10440.0
    2671.9   10620.0
    2678.2   10800.0
    2686.5   10980.0
    2695.6   11160.0
    2704.6   11340.0
    2713.6   11520.0
    2722.7   11700.0
    2731.7   11880.0
    2740.7   12060.0
    2749.7   12240.0
    2758.8   12420.0
    2767.8   12600.0
    2776.8   12780.0
    2785.9   12960.0
    2794.9   13140.0
    2803.9   13320.0
    2813.0   13500.0
    2829.6   13680.0
    2873.5   13860.0
    2919.3   14040.0
    2960.0   14220.0
    2960.0   14400.0
    2966.3   14580.0
    2990.3   14760.0
    3014.3   14940.0
    3064.2   15120.0
    3122.3   15300.0
    3182.5   15480.0
    3246.4   15660.0
    3309.8   15840.0
    3374.1   16020.0
    3456.2   16200.0
    3527.2   16380.0
    3585.6   16560.0
    3643.8   16740.0
    3699.0   16920.0
    3751.9   17100.0
    3814.2   17280.0
    3851.3   17460.0
    3885.4   17640.0
    3917.9   17820.0
    3923.7   18000.0
 1.0    5.43250e+02
      61.4     180.0
      98.8     360.0
     151.7     540.0
     180.6     720.0
     233.3     900.0
     296.1    1080.0
     349.3    1260.0
     390.0    1440.0
     500.7    1620.0
     552.8    1800.0
     526.9    1980.0
     597.8    2160.0
     668.2    2340.0
     708.1    2520.0
     749.5    2700.0
     850.9    2880.0
    1113.3    3060.0
    1114.1    3240.0
    1305.6    3420.0
    1529.5    3600.0
    1776.4    3780.0
    1959.4    3960.0
    2123.7    4140.0
    2217.7    4320.0
    2305.1    4500.0
    2377.5    4680.0
    2412.2    4860.0
    2442.5    5040.0
    2451.4    5220.0
    2460.3    5400.0
    2469.2    5580.0
    2478.1    5760.0
    2487.0    5940.0
    2496.0    6120.0
    2505.2    6300.0
    2514.4    6480.0
    2523.6    6660.0
    2532.7    6840.0
    2541.9    7020.0
    2551.1    7200.0
    2560.3    7380.0
    2570.0    7560.0
    2581.4    7740.0
    2592.9    7920.0
    2604.4    8100.0
    2615.8    8280.0
    2626.3    8460.0
    2636.8    8640.0
    2641.0    8820.0
    2641.0    9000.0
    2641.0    9180.0
    2647.1    9360.0
    2653.5    9540.0
    2659.9    9720.0
    2666.3    9900.0
    2672.6   10080.0
    2679.0   10260.0
    2685.4   10440.0
    2691.8   10620.0
    2699.9   10800.0
    2708.9   10980.0
    2718.0   11160.0
    2727.0   11340.0
    2736.0   11520.0
    2745.1   11700.0
    2754.1   11880.0
    2763.1   12060.0
    2772.2   12240.0
    2781.2   12420.0
    2790.2   12600.0
    2799.2   12780.0
    2808.3   12960.0
    2817.3   13140.0
    2826.3   13320.0
    2835.4   13500.0
    2857.5   13680.0
    2901.3   13860.0
    2947.4   14040.0
    2988.0   14220.0
    2988.0   14400.0
    2992.1   14580.0
    3016.1   14760.0
    3040.1   14940.0
    3096.8   15120.0
    3154.9   15300.0
    3215.5   15480.0
    3279.5   15660.0
    3343.0   15840.0
    3409.1   16020.0
    3491.2   16200.0
    3562.2   16380.0
    3620.6   16560.0
    3679.0   16740.0
    3734.4   16920.0
    3787.3   17100.0
    3846.5   17280.0
    3880.9   17460.0
    3914.1   17640.0
    3946.6   17820.0
    3896.5   18000.0
 1.0    5.88844e+02
      62.6     180.0
      99.9     360.0
     151.6     540.0
     182.4     720.0
     236.5     900.0
     302.3    1080.0
     354.0    1260.0
     396.3    1440.0
     511.5    1620.0
     566.2    1800.0
     531.7    1980.0
     602.6    2160.0
     673.5    2340.0
     718.4    2520.0
     765.0    2700.0
     866.4    2880.0
    1136.9    3060.0
    1137.6    3240.0
    1325.8    3420.0
    1550.6    3600.0
    1788.0    3780.0
    1977.4    3960.0
    2139.8    4140.0
    2233.7    4320.0
    2320.7    4500.0
    2394.0    4680.0
    2428.7    4860.0
    2462.3    5040.0
    2471.3    5220.0
    2480.2    5400.0
    2489.1    5580.0
    2498.0    5760.0
    2506.9    5940.0
    2516.0    6120.0
    2525.2    6300.0
    2534.4    6480.0
    2543.6    6660.0
    2552.8    6840.0
    2561.9    7020.0
    2571.1    7200.0
    2580.3    7380.0
    2590.6    7560.0
    2602.1    7740.0
    2613.6    7920.0
    2625.0    8100.0
    2636.4    8280.0
    2646.9    8460.0
    2657.4    8640.0
    2662.0    8820.0
    2662.0    9000.0
    2662.0    9180.0
    2667.1    9360.0
    2673.4    9540.0
    2679.8    9720.0
    2686.2    9900.0
    2692.6   10080.0
    2699.0   10260.0
    2705.4   10440.0
    2713.3   10620.0
    2722.3   10800.0
    2731.4   10980.0
    2740.4   11160.0
    2749.4   11340.0
    2758.4   11520.0
    2767.5   11700.0
    2776.5   11880.0
    2785.5   12060.0
    2794.6   12240.0
    2803.6   12420.0
    2812.6   12600.0
    2821.7   12780.0
    2830.7   12960.0
    2839.7   13140.0
    2848.7   13320.0
    2857.8   13500.0
    2885.3   13680.0
    2929.1   13860.0
    2975.5   14040.0
    3016.0   14220.0
    3016.0   14400.0
    3017.9   14580.0
    3041.8   14760.0
    3071.3   14940.0
    3129.4   15120.0
    3187.5   15300.0
    3248.6   15480.0
    3312.5   15660.0
    3376.2   15840.0
    3444.1   16020.0
    3526.2   16200.0
    3597.2   16380.0
    3655.6   16560.0
    3714.0   16740.0
    3769.8   16920.0
    3824.0   17100.0
    3876.0   17280.0
    3910.3   17460.0
    3942.8   17640.0
    3920.5   17820.0
 1.0    6.38264e+02
      63.8     180.0
     101.7     360.0
     151.6     540.0
     184.3     720.0
     239.7     900.0
     308.4    1080.0
     358.7    1260.0
     402.6    1440.0
     522.3    1620.0
     579.5    1800.0
     544.0    1980.0
     607.4    2160.0
     678.3    2340.0
     728.8    2520.0
     780.5    2700.0
     882.0    2880.0
    1156.4    3060.0
    1161.2    3240.0
    1346.0    3420.0
    1571.7    3600.0
    1799.7    3780.0
    1995.3    3960.0
    2155.9    4140.0
    2249.7    4320.0
    2336.4    4500.0
    2410.5    4680.0
    2445.2    4860.0
    2479.9    5040.0
    2491.1    5220.0
    2500.0    5400.0
    2508.9    5580.0
    2517.8    5760.0
    2526.9    5940.0
    2536.1    6120.0
    2545.2    6300.0
    2554.4    6480.0
    2563.6    6660.0
    2572.8    6840.0
    2582.0    7020.0
    2591.2    7200.0
    2600.3    7380.0
    2611.3    7560.0
    2622.7    7740.0
    2634.2    7920.0
    2645.7    8100.0
    2657.0    8280.0
    2667.5    8460.0
    2677.9    8640.0
    2683.0    8820.0
    2683.0    9000.0
    2683.0    9180.0
    2687.0    9360.0
    2693.4    9540.0
    2699.8    9720.0
    2706.1    9900.0
    2712.5   10080.0
    2718.9   10260.0
    2726.7   10440.0
    2735.7   10620.0
    2744.7   10800.0
    2753.8   10980.0
    2762.8   11160.0
    2771.8   11340.0
    2780.9   11520.0
    2789.9   11700.0
    2798.9   11880.0
    2807.9   12060.0
    2817.0   12240.0
    2826.0   12420.0
    2835.0   12600.0
    2844.1   12780.0
    2853.1   12960.0
    2862.1   13140.0
    2871.1   13320.0
    2880.2   13500.0
    2913.1   13680.0
    2956.9   13860.0
    3003.6   14040.0
    3044.0   14220.0
    3044.0   14400.0
    3044.0   14580.0
    3067.6   14760.0
    3103.9   14940.0
    3162.0   15120.0
    3220.1   15300.0
    3281.7   15480.0
    3345.6   15660.0
    3409.3   15840.0
    3479.1   16020.0
    3561.2   16200.0
    3632.2   16380.0
    3690.6   16560.0
    3749.0   16740.0
    3805.1   16920.0
    3860.9   17100.0
    3905.6   17280.0
    3939.0   17460.0
    3944.5   17640.0
    3893.4   17820.0
 1.0    6.91831e+02
      65.0     180.0
     103.5     360.0
     151.5     540.0
     186.1     720.0
     242.9     900.0
     314.5    1080.0
     363.4    1260.0
     408.9    1440.0
     533.1    1620.0
     592.9    1800.0
     557.3    1980.0
     612.2    2160.0
     683.1    2340.0
     739.1    2520.0
     796.1    2700.0
     897.5    2880.0
    1175.9    3060.0
    1184.7    3240.0
    1366.2    3420.0
    1592.7    3600.0
    1811.3    3780.0
    2013.3    3960.0
    2171.9    4140.0
    2265.8    4320.0
    2352.1    4500.0
    2427.1    4680.0
    2461.7    4860.0
    2496.4    5040.0
    2511.0    5220.0
    2519.9    5400.0
    2528.8    5580.0
    2537.7    5760.0
    2546.9    5940.0
    2556.1    6120.0
    2565.3    6300.0
    2574.5    6480.0
    2583.6    6660.0
    2592.8    6840.0
    2602.0    7020.0
    2611.2    7200.0
    2620.5    7380.0
    2631.9    7560.0
    2643.4    7740.0
    2654.9    7920.0
    2666.3    8100.0
    2677.6    8280.0
    2688.0    8460.0
    2698.5    8640.0
    2704.0    8820.0
    2704.0    9000.0
    2704.0    9180.0
    2706.9    9360.0
    2713.3    9540.0
    2719.7    9720.0
    2726.1    9900.0
    2732.5   10080.0
    2740.0   10260.0
    2749.1   10440.0
    2758.1   10620.0
    2767.1   10800.0
    2776.2   10980.0
    2785.2   11160.0
    2794.2   11340.0
    2803.3   11520.0
    2812.3   11700.0
    2821.3   11880.0
    2830.3   12060.0
    2839.4   12240.0
    2848.4   12420.0
    2857.4   12600.0
    2866.5   12780.0
    2875.5   12960.0
    2884.5   13140.0
    2893.6   13320.0
    2902.6   13500.0
    2941.0   13680.0
    2984.8   13860.0
    3031.7   14040.0
    3072.0   14220.0
    3072.0   14400.0
    3072.0   14580.0
    3093.4   14760.0
    3136.5   14940.0
    3194.6   15120.0
    3252.7   15300.0
    3314.7   15480.0
    3378.7   15660.0
    3442.5   15840.0
    3514.1   16020.0
    3596.2   16200.0
    3667.2   16380.0
    3725.6   16560.0
    3784.0   16740.0
    3840.5   16920.0
    3897.9   17100.0
    3935.1   17280.0
    3967.6   17460.0
    3917.4   17640.0
 1.0    7.49894e+02
      66.1     180.0
     105.3     360.0
     151.5     540.0
     187.9     720.0
     246.1     900.0
     320.6    1080.0
     368.1    1260.0
     415.1    1440.0
     543.9    1620.0
     606.2    1800.0
     570.7    1980.0
     617.1    2160.0
     687.9    2340.0
     749.5    2520.0
     811.6    2700.0
     913.0    2880.0
    1195.3    3060.0
    1208.3    3240.0
    1386.4    3420.0
    1613.8    3600.0
    1822.9    3780.0
    2031.3    3960.0
    2188.0    4140.0
    2281.8    4320.0
    2367.8    4500.0
    2443.6    4680.0
    2478.3    4860.0
    2512.9    5040.0
    2530.8    5220.0
    2539.7    5400.0
    2548.6    5580.0
    2557.8    5760.0
    2566.9    5940.0
    2576.1    6120.0
    2585.3    6300.0
    2594.5    6480.0
    2603.7    6660.0
    2612.9    6840.0
    2622.0    7020.0
    2631.2    7200.0
    2641.1    7380.0
    2652.6    7560.0
    2664.1    7740.0
    2675.5    7920.0
    2687.0    8100.0
    2698.1    8280.0
    2708.6    8460.0
    2719.1    8640.0
    2725.0    8820.0
    2725.0    9000.0
    2725.0    9180.0
    2726.9    9360.0
    2733.3    9540.0
    2739.7    9720.0
    2746.0    9900.0
    2753.4   10080.0
    2762.5   10260.0
    2771.5   10440.0
    2780.5   10620.0
    2789.5   10800.0
    2798.6   10980.0
    2807.6   11160.0
    2816.6   11340.0
    2825.7   11520.0
    2834.7   11700.0
    2843.7   11880.0
    2852.8   12060.0
    2861.8   12240.0
    2870.8   12420.0
    2879.8   12600.0
    2888.9   12780.0
    2897.9   12960.0
    2906.9   13140.0
    2916.0   13320.0
    2925.0   13500.0
    2968.8   13680.0
    3012.6   13860.0
    3059.7   14040.0
    3100.0   14220.0
    3100.0   14400.0
    3100.0   14580.0
    3119.2   14760.0
    3169.1   14940.0
    3227.2   15120.0
    3285.3   15300.0
    3347.8   15480.0
    3411.7   15660.0
    3475.6   15840.0
    3549.1   16020.0
    3631.2   16200.0
    3702.2   16380.0
    3760.6   16560.0
    3819.0   16740.0
    3875.8   16920.0
    3930.3   17100.0
    3963.8   17280.0
    3941.4   17460.0
    3890.3   17640.0
 1.0    8.12830e+02
      67.3     180.0
     107.1     360.0
     151.4     540.0
     189.7     720.0
     249.3     900.0
     326.7    1080.0
     372.8    1260.0
     421.4    1440.0
     554.7    1620.0
     619.6    1800.0
     584.0    1980.0
     621.9    2160.0
     692.7    2340.0
     759.8    2520.0
     827.1    2700.0
     928.5    2880.0
    1214.8    3060.0
    1231.8    3240.0
    1406.7    3420.0
    1634.9    3600.0
    1834.6    3780.0
    2049.3    3960.0
    2204.1    4140.0
    2297.8    4320.0
    2383.5    4500.0
    2460.1    4680.0
    2494.8    4860.0
    2529.4    5040.0
    2550.7    5220.0
    2559.6    5400.0
    2568.6    5580.0
    2577.8    5760.0
    2587.0    5940.0
    2596.2    6120.0
    2605.3    6300.0
    2614.5    6480.0
    2623.7    6660.0
    2632.9    6840.0
    2642.1    7020.0
    2651.2    7200.0
    2661.8    7380.0
    2673.3    7560.0
    2684.7    7740.0
    2696.2    7920.0
    2707.7    8100.0
    2718.7    8280.0
    2729.2    8460.0
    2739.7    8640.0
    2746.0    8820.0
    2746.0    9000.0
    2746.0    9180.0
    2746.8    9360.0
    2753.2    9540.0
    2759.6    9720.0
    2766.8    9900.0
    2775.8   10080.0
    2784.9   10260.0
    2793.9   10440.0
    2802.9   10620.0
    2812.0   10800.0
    2821.0   10980.0
    2830.0   11160.0
    2839.0   11340.0
    2848.1   11520.0
    2857.1   11700.0
    2866.1   11880.0
    2875.2   12060.0
    2884.2   12240.0
    2893.2   12420.0
    2902.3   12600.0
    2911.3   12780.0
    2920.3   12960.0
    2929.3   13140.0
    2938.4   13320.0
    2952.8   13500.0
    2996.6   13680.0
    3040.7   13860.0
    3087.8   14040.0
    3128.0   14220.0
    3128.0   14400.0
    3128.0   14580.0
    3145.0   14760.0
    3201.7   14940.0
    3259.8   15120.0
    3317.9   15300.0
    3380.8   15480.0
    3444.8   15660.0
    3508.7   15840.0
    3584.1   16020.0
    3666.2   16200.0
    3737.2   16380.0
    3795.6   16560.0
    3854.0   16740.0
    3911.2   16920.0
    3959.8   17100.0
    3965.4   17280.0
    3914.3   17460.0
 1.0    8.81049e+02
      68.4     180.0
     108.9     360.0
     151.3     540.0
     191.6     720.0
     252.5     900.0
     332.9    1080.0
     377.5    1260.0
     427.7    1440.0
     565.5    1620.0
     632.9    1800.0
     597.4    1980.0
     626.7    2160.0
     697.6    2340.0
     768.4    2520.0
     842.6    2700.0
     944.1    2880.0
    1234.2    3060.0
    1255.3    3240.0
    1426.9    3420.0
    1656.0    3600.0
    1846.2    3780.0
    2067.2    3960.0
    2220.2    4140.0
    2313.8    4320.0
    2399.2    4500.0
    2476.6    4680.0
    2511.3    4860.0
    2546.0    5040.0
    2570.5    5220.0
    2579.5    5400.0
    2588.6    5580.0
    2597.8    5760.0
    2607.0    5940.0
    2616.2    6120.0
    2625.4    6300.0
    2634.5    6480.0
    2643.7    6660.0
    2652.9    6840.0
    2662.1    7020.0
    2671.3    7200.0
    2682.4    7380.0
    2693.9    7560.0
    2705.4    7740.0
    2716.9    7920.0
    2728.3    8100.0
    2739.3    8280.0
    2749.8    8460.0
    2760.3    8640.0
    2767.0    8820.0
    2767.0    9000.0
    2767.0    9180.0
    2767.0    9360.0
    2773.2    9540.0
    2780.2    9720.0
    2789.2    9900.0
    2798.2   10080.0
    2807.3   10260.0
    2816.3   10440.0
    2825.3   10620.0
    2834.4   10800.0
    2843.4   10980.0
    2852.4   11160.0
    2861.4   11340.0
    2870.5   11520.0
    2879.5   11700.0
    2888.5   11880.0
    2897.6   12060.0
    2906.6   12240.0
    2915.6   12420.0
    2924.7   12600.0
    2933.7   12780.0
    2942.7   12960.0
    2951.7   13140.0
    2960.8   13320.0
    2980.6   13500.0
    3024.4   13680.0
    3068.8   13860.0
    3115.9   14040.0
    3156.0   14220.0
    3156.0   14400.0
    3156.0   14580.0
    3176.2   14760.0
    3234.3   14940.0
    3292.4   15120.0
    3350.5   15300.0
    3413.9   15480.0
    3477.8   15660.0
    3541.8   15840.0
    3619.1   16020.0
    3701.2   16200.0
    3772.2   16380.0
    3830.6   16560.0
    3889.0   16740.0
    3946.6   16920.0
    3988.7   17100.0
    3938.3   17280.0
 1.0    9.54993e+02
      69.2     180.0
     110.7     360.0
     151.3     540.0
     193.4     720.0
     255.7     900.0
     339.0    1080.0
     382.2    1260.0
     433.9    1440.0
     576.3    1620.0
     646.3    1800.0
     610.7    1980.0
     631.5    2160.0
     702.4    2340.0
     773.2    2520.0
     858.2    2700.0
     959.6    2880.0
    1253.7    3060.0
    1278.9    3240.0
    1447.1    3420.0
    1677.1    3600.0
    1857.8    3780.0
    2085.2    3960.0
    2236.3    4140.0
    2329.9    4320.0
    2414.9    4500.0
    2493.2    4680.0
    2527.8    4860.0
    2562.5    5040.0
    2590.3    5220.0
    2599.5    5400.0
    2608.7    5580.0
    2617.8    5760.0
    2627.0    5940.0
    2636.2    6120.0
    2645.4    6300.0
    2654.6    6480.0
    2663.8    6660.0
    2672.9    6840.0
    2682.1    7020.0
    2691.6    7200.0
    2703.1    7380.0
    2714.6    7560.0
    2726.0    7740.0
    2737.5    7920.0
    2749.0    8100.0
    2759.9    8280.0
    2770.4    8460.0
    2780.9    8640.0
    2788.0    8820.0
    2788.0    9000.0
    2788.0    9180.0
    2788.0    9360.0
    2793.6    9540.0
    2802.6    9720.0
    2811.6    9900.0
    2820.6   10080.0
    2829.7   10260.0
    2838.7   10440.0
    2847.7   10620.0
    2856.8   10800.0
    2865.8   10980.0
    2874.8   11160.0
    2883.9   11340.0
    2892.9   11520.0
    2901.9   11700.0
    2910.9   11880.0
    2920.0   12060.0
    2929.0   12240.0
    2938.0   12420.0
    2947.1   12600.0
    2956.1   12780.0
    2965.1   12960.0
    2974.2   13140.0
    2983.2   13320.0
    3008.4   13500.0
    3052.3   13680.0
    3096.8   13860.0
    3144.0   14040.0
    3184.0   14220.0
    3184.0   14400.0
    3184.0   14580.0
    3208.8   14760.0
    3266.9   14940.0
    3325.0   15120.0
    3383.1   15300.0
    3446.9   15480.0
    3510.9   15660.0
    3574.9   15840.0
    3654.1   16020.0
    3736.2   16200.0
    3807.2   16380.0
    3865.6   16560.0
    3924.0   16740.0
    3981.9   16920.0
    3962.3   17100.0
    3911.1   17280.0
 1.0    1.03514e+03
      70.0     180.0
     112.5     360.0
     152.1     540.0
     195.2     720.0
     258.9     900.0
     345.1    1080.0
     387.0    1260.0
     440.2    1440.0
     587.2    1620.0
     659.6    1800.0
     624.1    1980.0
     643.1    2160.0
     714.0    2340.0
     784.9    2520.0
     877.1    2700.0
     978.5    2880.0
    1273.1    3060.0
    1302.4    3240.0
    1467.4    3420.0
    1698.2    3600.0
    1869.5    3780.0
    2103.2    3960.0
    2252.4    4140.0
    2345.9    4320.0
    2430.6    4500.0
    2509.7    4680.0
    2544.3    4860.0
    2579.0    5040.0
    2610.3    5220.0
    2619.5    5400.0
    2628.7    5580.0
    2637.9    5760.0
    2647.1    5940.0
    2656.2    6120.0
    2665.4    6300.0
    2674.6    6480.0
    2683.8    6660.0
    2693.0    6840.0
    2702.2    7020.0
    2712.3    7200.0
    2723.8    7380.0
    2735.2    7560.0
    2746.7    7740.0
    2758.2    7920.0
    2769.6    8100.0
    2780.5    8280.0
    2791.0    8460.0
    2801.5    8640.0
    2809.0    8820.0
    2809.0    9000.0
    2809.0    9180.0
    2809.0    9360.0
    2816.3    9540.0
    2825.4    9720.0
    2834.4    9900.0
    2843.4   10080.0
    2852.5   10260.0
    2861.5   10440.0
    2870.5   10620.0
    2879.5   10800.0
    2888.6   10980.0
    2897.6   11160.0
    2906.6   11340.0
    2915.7   11520.0
    2924.7   11700.0
    2933.7   11880.0
    2942.8   12060.0
    2951.8   12240.0
    2960.8   12420.0
    2969.8   12600.0
    2978.9   12780.0
    2987.9   12960.0
    2996.9   13140.0
    3006.0   13320.0
    3036.3   13500.0
    3080.1   13680.0
    3124.9   13860.0
    3172.1   14040.0
    3212.0   14220.0
    3212.0   14400.0
    3212.0   14580.0
    3241.8   14760.0
    3299.9   14940.0
    3358.0   15120.0
    3416.8   15300.0
    3480.8   15480.0
    3544.7   15660.0
    3609.4   15840.0
    3691.5   16020.0
    3773.7   16200.0
    3840.5   16380.0
    3898.9   16560.0
    3957.2   16740.0
    3986.3   16920.0
    3935.2   17100.0
 1.0    1.12202e+03
      70.8     180.0
     114.3     360.0
     156.4     540.0
     197.1     720.0
     262.1     900.0
     351.2    1080.0
     391.7    1260.0
     446.5    1440.0
     598.0    1620.0
     673.0    1800.0
     637.4    1980.0
     663.8    2160.0
     734.7    2340.0
     805.6    2520.0
     900.4    2700.0
    1001.8    2880.0
    1292.6    3060.0
    1326.0    3240.0
    1487.8    3420.0
    1719.3    3600.0
    1881.1    3780.0
    2121.1    3960.0
    2268.5    4140.0
    2361.9    4320.0
    2446.3    4500.0
    2526.2    4680.0
    2560.9    4860.0
    2595.5    5040.0
    2630.4    5220.0
    2639.5    5400.0
    2648.7    5580.0
    2657.9    5760.0
    2667.1    5940.0
    2676.3    6120.0
    2685.5    6300.0
    2694.6    6480.0
    2703.8    6660.0
    2713.0    6840.0
    2722.2    7020.0
    2733.0    7200.0
    2744.4    7380.0
    2755.9    7560.0
    2767.4    7740.0
    2778.8    7920.0
    2790.3    8100.0
    2801.1    8280.0
    2811.6    8460.0
    2822.0    8640.0
    2830.0    8820.0
    2830.0    9000.0
    2830.0    9180.0
    2830.0    9360.0
    2839.4    9540.0
    2848.6    9720.0
    2857.7    9900.0
    2866.7   10080.0
    2875.7   10260.0
    2884.8   10440.0
    2893.8   10620.0
    2902.8   10800.0
    2911.8   10980.0
    2920.9   11160.0
    2929.9   11340.0
    2938.9   11520.0
    2948.0   11700.0
    2957.0   11880.0
    2966.0   12060.0
    2975.1   12240.0
    2984.1   12420.0
    2993.1   12600.0
    3002.1   12780.0
    3011.2   12960.0
    3020.2   13140.0
    3029.2   13320.0
    3064.1   13500.0
    3107.9   13680.0
    3153.0   13860.0
    3200.1   14040.0
    3240.0   14220.0
    3240.0   14400.0
    3240.0   14580.0
    3275.3   14760.0
    3333.4   14940.0
    3391.5   15120.0
    3451.6   15300.0
    3515.6   15480.0
    3579.5   15660.0
    3650.1   15840.0
    3732.3   16020.0
    3813.1   16200.0
    3871.5   16380.0
    3929.8   16560.0
    3988.2   16740.0
    3959.2   16920.0
    3908.0   17100.0
 1.0    1.21619e+03
      71.6     180.0
     116.1     360.0
     159.9     540.0
     198.9     720.0
     265.3     900.0
     357.3    1080.0
     396.4    1260.0
     452.7    1440.0
     608.8    1620.0
     686.3    1800.0
     650.8    1980.0
     684.5    2160.0
     755.4    2340.0
     826.3    2520.0
     923.8    2700.0
    1025.2    2880.0
    1312.1    3060.0
    1349.5    3240.0
    1508.3    3420.0
    1740.4    3600.0
    1892.7    3780.0
    2139.1    3960.0
    2284.5    4140.0
    2377.9    4320.0
    2461.9    4500.0
    2542.7    4680.0
    2577.4    4860.0
    2612.0    5040.0
    2649.2    5220.0
    2659.6    5400.0
    2668.8    5580.0
    2677.9    5760.0
    2687.1    5940.0
    2696.3    6120.0
    2705.5    6300.0
    2714.7    6480.0
    2723.8    6660.0
    2733.0    6840.0
    2742.2    7020.0
    2753.6    7200.0
    2765.1    7380.0
    2776.6    7560.0
    2788.0    7740.0
    2799.5    7920.0
    2811.0    8100.0
    2821.6    8280.0
    2832.1    8460.0
    2842.6    8640.0
    2851.0    8820.0
    2851.0    9000.0
    2851.0    9180.0
    2851.0    9360.0
    2860.6    9540.0
    2871.9    9720.0
    2880.9    9900.0
    2890.0   10080.0
    2899.0   10260.0
    2908.0   10440.0
    2917.1   10620.0
    2926.1   10800.0
    2935.1   10980.0
    2944.2   11160.0
    2953.2   11340.0
    2962.2   11520.0
    2971.2   11700.0
    2980.3   11880.0
    2989.3   12060.0
    2998.3   12240.0
    3007.4   12420.0
    3016.4   12600.0
    3025.4   12780.0
    3034.4   12960.0
    3043.5   13140.0
    3054.3   13320.0
    3091.9   13500.0
    3135.7   13680.0
    3181.1   13860.0
    3228.2   14040.0
    3268.0   14220.0
    3268.0   14400.0
    3268.0   14580.0
    3308.9   14760.0
    3367.0   14940.0
    3425.1   15120.0
    3486.4   15300.0
    3550.4   15480.0
    3614.3   15660.0
    3690.9   15840.0
    3773.0   16020.0
    3844.1   16200.0
    3902.4   16380.0
    3960.8   16560.0
    3983.2   16740.0
    3932.0   16920.0
 1.0    1.31826e+03
      72.4     180.0
     117.9     360.0
     163.4     540.0
     201.9     720.0
     268.5     900.0
     363.5    1080.0
     401.1    1260.0
     459.0    1440.0
     619.6    1620.0
     699.7    1800.0
     664.1    1980.0
     705.3    2160.0
     776.1    2340.0
     847.0    2520.0
     947.2    2700.0
    1048.6    2880.0
    1331.5    3060.0
    1373.1    3240.0
    1528.7    3420.0
    1761.5    3600.0
    1904.4    3780.0
    2157.1    3960.0
    2300.6    4140.0
    2394.0    4320.0
    2477.6    4500.0
    2559.1    4680.0
    2593.9    4860.0
    2628.6    5040.0
    2667.4    5220.0
    2679.6    5400.0
    2688.8    5580.0
    2698.0    5760.0
    2707.1    5940.0
    2716.3    6120.0
    2725.5    6300.0
    2734.7    6480.0
    2743.9    6660.0
    2753.1    6840.0
    2762.8    7020.0
    2774.3    7200.0
    2785.7    7380.0
    2797.2    7560.0
    2808.7    7740.0
    2820.2    7920.0
    2831.6    8100.0
    2842.2    8280.0
    2852.7    8460.0
    2863.2    8640.0
    2872.0    8820.0
    2872.0    9000.0
    2872.0    9180.0
    2872.0    9360.0
    2881.8    9540.0
    2894.8    9720.0
    2904.2    9900.0
    2913.2   10080.0
    2922.3   10260.0
    2931.3   10440.0
    2940.3   10620.0
    2949.4   10800.0
    2958.4   10980.0
    2967.4   11160.0
    2976.5   11340.0
    2985.5   11520.0
    2994.5   11700.0
    3003.5   11880.0
    3012.6   12060.0
    3021.6   12240.0
    3030.6   12420.0
    3039.7   12600.0
    3048.7   12780.0
    3057.7   12960.0
    3066.8   13140.0
    3080.3   13320.0
    3119.8   13500.0
    3163.6   13680.0
    3209.2   13860.0
    3256.3   14040.0
    3296.0   14220.0
    3296.0   14400.0
    3296.0   14580.0
    3342.4   14760.0
    3400.5   14940.0
    3458.6   15120.0
    3521.2   15300.0
    3585.2   15480.0
    3649.5   15660.0
    3731.6   15840.0
    3813.7   16020.0
    3875.0   16200.0
    3933.4   16380.0
    3991.8   16560.0
    3956.0   16740.0
 1.0    1.42889e+03
      73.2     180.0
     119.7     360.0
     166.9     540.0
     206.0     720.0
     271.7     900.0
     369.6    1080.0
     405.8    1260.0
     465.3    1440.0
     630.4    1620.0
     713.0    1800.0
     677.5    1980.0
     726.0    2160.0
     796.8    2340.0
     867.7    2520.0
     970.6    2700.0
    1072.0    2880.0
    1351.0    3060.0
    1396.6    3240.0
    1549.1    3420.0
    1782.6    3600.0
    1916.0    3780.0
    2175.1    3960.0
    2316.7    4140.0
    2410.0    4320.0
    2493.3    4500.0
    2575.3    4680.0
    2610.4    4860.0
    2645.1    5040.0
    2685.6    5220.0
    2699.6    5400.0
    2708.8    5580.0
    2718.0    5760.0
    2727.2    5940.0
    2736.4    6120.0
    2745.5    6300.0
    2754.7    6480.0
    2763.9    6660.0
    2773.1    6840.0
    2783.5    7020.0
    2794.9    7200.0
    2806.4    7380.0
    2817.9    7560.0
    2829.3    7740.0
    2840.8    7920.0
    2852.3    8100.0
    2862.8    8280.0
    2873.3    8460.0
    2883.8    8640.0
    2893.0    8820.0
    2893.0    9000.0
    2893.0    9180.0
    2893.0    9360.0
    2903.1    9540.0
    2916.0    9720.0
    2927.5    9900.0
    2936.5   10080.0
    2945.5   10260.0
    2954.6   10440.0
    2963.6   10620.0
    2972.6   10800.0
    2981.7   10980.0
    2990.7   11160.0
    2999.7   11340.0
    3008.8   11520.0
    3017.8   11700.0
    3026.8   11880.0
    3035.8   12060.0
    3044.9   12240.0
    3053.9   12420.0
    3062.9   12600.0
    3072.0   12780.0
    3081.0   12960.0
    3090.0   13140.0
    3107.3   13320.0
    3147.6   13500.0
    3191.4   13680.0
    3237.2   13860.0
    3284.4   14040.0
    3324.0   14220.0
    3324.0   14400.0
    3324.0   14580.0
    3376.0   14760.0
    3434.1   14940.0
    3492.2   15120.0
    3556.0   15300.0
    3620.0   15480.0
    3690.2   15660.0
    3772.3   15840.0
    3847.6   16020.0
    3906.0   16200.0
    3964.4   16380.0
    3980.1   16560.0
    3928.9   16740.0
 1.0    1.54882e+03
      74.0     180.0
     121.5     360.0
     170.3     540.0
     210.0     720.0
     274.9     900.0
     375.7    1080.0
     410.5    1260.0
     471.5    1440.0
     641.2    1620.0
     726.4    1800.0
     690.8    1980.0
     746.7    2160.0
     817.5    2340.0
     888.4    2520.0
     994.0    2700.0
    1095.4    2880.0
    1370.4    3060.0
    1420.1    3240.0
    1569.6    3420.0
    1803.7    3600.0
    1927.7    3780.0
    2193.0    3960.0
    2332.8    4140.0
    2426.0    4320.0
    2509.0    4500.0
    2591.6    4680.0
    2627.0    4860.0
    2661.6    5040.0
    2703.8    5220.0
    2719.7    5400.0
    2728.8    5580.0
    2738.0    5760.0
    2747.2    5940.0
    2756.4    6120.0
    2765.6    6300.0
    2774.8    6480.0
    2783.9    6660.0
    2793.1    6840.0
    2804.1    7020.0
    2815.6    7200.0
    2827.1    7380.0
    2838.5    7560.0
    2850.0    7740.0
    2861.5    7920.0
    2872.9    8100.0
    2883.4    8280.0
    2893.9    8460.0
    2904.4    8640.0
    2914.0    8820.0
    2914.0    9000.0
    2914.0    9180.0
    2914.0    9360.0
    2924.4    9540.0
    2937.2    9720.0
    2950.2    9900.0
    2959.8   10080.0
    2968.8   10260.0
    2977.9   10440.0
    2986.9   10620.0
    2995.9   10800.0
    3004.9   10980.0
    3014.0   11160.0
    3023.0   11340.0
    3032.0   11520.0
    3041.1   11700.0
    3050.1   11880.0
    3059.1   12060.0
    3068.1   12240.0
    3077.2   12420.0
    3086.2   12600.0
    3095.2   12780.0
    3104.3   12960.0
    3113.3   13140.0
    3135.2   13320.0
    3175.4   13500.0
    3219.2   13680.0
    3265.3   13860.0
    3312.4   14040.0
    3352.0   14220.0
    3352.0   14400.0
    3352.0   14580.0
    3409.5   14760.0
    3467.6   14940.0
    3526.9   15120.0
    3590.9   15300.0
    3654.8   15480.0
    3730.9   15660.0
    3813.0   15840.0
    3878.6   16020.0
    3937.0   16200.0
    3995.3   16380.0
    3952.9   16560.0
 1.0    1.67880e+03
      74.8     180.0
     123.3     360.0
     173.8     540.0
     214.0     720.0
     278.1     900.0
     381.8    1080.0
     415.2    1260.0
     477.8    1440.0
     652.0    1620.0
     739.7    1800.0
     704.2    1980.0
     767.4    2160.0
     838.3    2340.0
     909.1    2520.0
    1017.3    2700.0
    1118.7    2880.0
    1389.9    3060.0
    1443.7    3240.0
    1590.0    3420.0
    1824.8    3600.0
    1939.3    3780.0
    2211.0    3960.0
    2348.9    4140.0
    2442.0    4320.0
    2524.7    4500.0
    2607.9    4680.0
    2643.5    4860.0
    2678.1    5040.0
    2722.0    5220.0
    2739.7    5400.0
    2748.9    5580.0
    2758.1    5760.0
    2767.2    5940.0
    2776.4    6120.0
    2785.6    6300.0
    2794.8    6480.0
    2804.0    6660.0
    2813.3    6840.0
    2824.8    7020.0
    2836.3    7200.0
    2847.7    7380.0
    2859.2    7560.0
    2870.7    7740.0
    2882.1    7920.0
    2893.5    8100.0
    2904.0    8280.0
    2914.5    8460.0
    2925.0    8640.0
    2935.0    8820.0
    2935.0    9000.0
    2935.0    9180.0
    2935.0    9360.0
    2945.7    9540.0
    2958.4    9720.0
    2971.4    9900.0
    2983.1   10080.0
    2992.1   10260.0
    3001.1   10440.0
    3010.2   10620.0
    3019.2   10800.0
    3028.2   10980.0
    3037.2   11160.0
    3046.3   11340.0
    3055.3   11520.0
    3064.3   11700.0
    3073.4   11880.0
    3082.4   12060.0
    3091.4   12240.0
    3100.5   12420.0
    3109.5   12600.0
    3118.5   12780.0
    3127.5   12960.0
    3138.4   13140.0
    3163.1   13320.0
    3203.2   13500.0
    3247.0   13680.0
    3293.4   13860.0
    3340.5   14040.0
    3380.0   14220.0
    3380.0   14400.0
    3385.0   14580.0
    3443.1   14760.0
    3501.2   14940.0
    3561.7   15120.0
    3625.7   15300.0
    3689.6   15480.0
    3771.6   15660.0
    3851.2   15840.0
    3909.6   16020.0
    3968.0   16200.0
    3976.9   16380.0
    3925.8   16560.0
 1.0    1.81970e+03
      75.6     180.0
     125.1     360.0
     177.3     540.0
     218.1     720.0
     281.3     900.0
     388.5    1080.0
     419.9    1260.0
     484.1    1440.0
     662.8    1620.0
     753.1    1800.0
     717.5    1980.0
     788.1    2160.0
     859.0    2340.0
     929.8    2520.0
    1040.7    2700.0
    1142.1    2880.0
    1409.3    3060.0
    1467.2    3240.0
    1610.5    3420.0
    1845.9    3600.0
    1950.9    3780.0
    2229.0    3960.0
    2365.0    4140.0
    2458.1    4320.0
    2540.4    4500.0
    2624.1    4680.0
    2660.0    4860.0
    2694.7    5040.0
    2739.7    5220.0
    2759.7    5400.0
    2768.9    5580.0
    2778.1    5760.0
    2787.3    5940.0
    2796.4    6120.0
    2805.6    6300.0
    2814.8    6480.0
    2824.0    6660.0
    2834.0    6840.0
    2845.4    7020.0
    2856.9    7200.0
    2868.4    7380.0
    2879.9    7560.0
    2891.3    7740.0
    2902.8    7920.0
    2914.1    8100.0
    2924.6    8280.0
    2935.1    8460.0
    2945.6    8640.0
    2956.0    8820.0
    2956.0    9000.0
    2956.0    9180.0
    2956.0    9360.0
    2966.9    9540.0
    2979.6    9720.0
    2992.6    9900.0
    3005.6   10080.0
    3015.4   10260.0
    3024.4   10440.0
    3033.4   10620.0
    3042.5   10800.0
    3051.5   10980.0
    3060.5   11160.0
    3069.5   11340.0
    3078.6   11520.0
    3087.6   11700.0
    3096.6   11880.0
    3105.7   12060.0
    3114.7   12240.0
    3123.7   12420.0
    3132.8   12600.0
    3141.8   12780.0
    3150.8   12960.0
    3164.4   13140.0
    3190.9   13320.0
    3231.1   13500.0
    3274.9   13680.0
    3321.5   13860.0
    3368.6   14040.0
    3408.0   14220.0
    3408.0   14400.0
    3418.5   14580.0
    3476.6   14760.0
    3534.7   14940.0
    3596.5   15120.0
    3660.5   15300.0
    3730.2   15480.0
    3812.4   15660.0
    3882.2   15840.0
    3940.6   16020.0
    3998.9   16200.0
    3949.8   16380.0
 1.0    1.97242e+03
      76.4     180.0
     126.9     360.0
     180.8     540.0
     222.1     720.0
     284.5     900.0
     397.5    1080.0
     424.6    1260.0
     491.2    1440.0
     673.6    1620.0
     766.5    1800.0
     730.9    1980.0
     808.8    2160.0
     879.7    2340.0
     950.5    2520.0
    1064.1    2700.0
    1165.5    2880.0
    1428.8    3060.0
    1490.8    3240.0
    1630.9    3420.0
    1866.9    3600.0
    1962.6    3780.0
    2247.0    3960.0
    2381.0    4140.0
    2474.1    4320.0
    2556.1    4500.0
    2640.4    4680.0
    2676.5    4860.0
    2711.2    5040.0
    2757.4    5220.0
    2779.7    5400.0
    2788.9    5580.0
    2798.1    5760.0
    2807.3    5940.0
    2816.5    6120.0
    2825.7    6300.0
    2834.8    6480.0
    2844.0    6660.0
    2854.6    6840.0
    2866.1    7020.0
    2877.6    7200.0
    2889.0    7380.0
    2900.5    7560.0
    2912.0    7740.0
    2923.5    7920.0
    2934.7    8100.0
    2945.2    8280.0
    2955.6    8460.0
    2966.1    8640.0
    2976.6    8820.0
    2977.0    9000.0
    2977.0    9180.0
    2977.0    9360.0
    2988.2    9540.0
    3000.7    9720.0
    3013.8    9900.0
    3026.8   10080.0
    3038.6   10260.0
    3047.7   10440.0
    3056.7   10620.0
    3065.7   10800.0
    3074.8   10980.0
    3083.8   11160.0
    3092.8   11340.0
    3101.9   11520.0
    3110.9   11700.0
    3119.9   11880.0
    3128.9   12060.0
    3138.0   12240.0
    3147.0   12420.0
    3156.0   12600.0
    3165.1   12780.0
    3174.1   12960.0
    3190.4   13140.0
    3218.8   13320.0
    3258.9   13500.0
    3302.7   13680.0
    3349.5   13860.0
    3396.7   14040.0
    3436.0   14220.0
    3436.0   14400.0
    3452.1   14580.0
    3510.2   14760.0
    3568.3   14940.0
    3631.3   15120.0
    3695.3   15300.0
    3771.0   15480.0
    3853.1   15660.0
    3913.2   15840.0
    3971.5   16020.0
    3973.8   16200.0
 1.0    2.13796e+03
      77.2     180.0
     128.8     360.0
     184.3     540.0
     226.2     720.0
     289.5     900.0
     406.5    1080.0
     429.3    1260.0
     503.1    1440.0
     684.5    1620.0
     779.8    1800.0
     744.3    1980.0
     829.5    2160.0
     900.4    2340.0
     971.2    2520.0
    1087.5    2700.0
    1188.9    2880.0
    1448.3    3060.0
    1514.3    3240.0
    1651.3    3420.0
    1888.0    3600.0
    1974.2    3780.0
    2264.9    3960.0
    2397.1    4140.0
    2490.1    4320.0
    2571.8    4500.0
    2656.7    4680.0
    2693.0    4860.0
    2727.7    5040.0
    2775.1    5220.0
    2799.8    5400.0
    2809.0    5580.0
    2818.1    5760.0
    2827.3    5940.0
    2836.5    6120.0
    2845.7    6300.0
    2854.9    6480.0
    2864.1    6660.0
    2875.3    6840.0
    2886.8    7020.0
    2898.2    7200.0
    2909.7    7380.0
    2921.2    7560.0
    2932.6    7740.0
    2944.1    7920.0
    2955.3    8100.0
    2965.7    8280.0
    2976.2    8460.0
    2986.7    8640.0
    2997.2    8820.0
    2998.0    9000.0
    2998.0    9180.0
    2998.0    9360.0
    3009.5    9540.0
    3022.0    9720.0
    3035.0    9900.0
    3048.0   10080.0
    3061.0   10260.0
    3070.9   10440.0
    3080.0   10620.0
    3089.0   10800.0
    3098.0   10980.0
    3107.1   11160.0
    3116.1   11340.0
    3125.1   11520.0
    3134.2   11700.0
    3143.2   11880.0
    3152.2   12060.0
    3161.2   12240.0
    3170.3   12420.0
    3179.3   12600.0
    3188.3   12780.0
    3197.4   12960.0
    3216.4   13140.0
    3246.6   13320.0
    3286.7   13500.0
    3330.5   13680.0
    3377.6   13860.0
    3424.8   14040.0
    3464.0   14220.0
    3464.0   14400.0
    3485.6   14580.0
    3543.7   14760.0
    3602.2   14940.0
    3666.1   15120.0
    3730.1   15300.0
    3811.7   15480.0
    3885.8   15660.0
    3944.1   15840.0
    3997.8   16020.0
    3946.7   16200.0
 1.0    2.31739e+03
      77.9     180.0
     130.6     360.0
     187.8     540.0
     230.2     720.0
     294.9     900.0
     415.4    1080.0
     437.9    1260.0
     515.0    1440.0
     695.3    1620.0
     793.2    1800.0
     757.6    1980.0
     850.2    2160.0
     921.1    2340.0
     992.0    2520.0
    1110.8    2700.0
    1212.3    2880.0
    1467.7    3060.0
    1537.8    3240.0
    1671.8    3420.0
    1909.1    3600.0
    1985.8    3780.0
    2282.9    3960.0
    2413.2    4140.0
    2506.1    4320.0
    2587.5    4500.0
    2672.9    4680.0
    2709.6    4860.0
    2744.2    5040.0
    2792.8    5220.0
    2819.8    5400.0
    2829.0    5580.0
    2838.2    5760.0
    2847.4    5940.0
    2856.5    6120.0
    2865.7    6300.0
    2874.9    6480.0
    2884.5    6660.0
    2895.9    6840.0
    2907.4    7020.0
    2918.9    7200.0
    2930.4    7380.0
    2941.8    7560.0
    2953.3    7740.0
    2964.8    7920.0
    2975.8    8100.0
    2986.3    8280.0
    2996.8    8460.0
    3007.3    8640.0
    3017.8    8820.0
    3019.0    9000.0
    3019.0    9180.0
    3019.0    9360.0
    3030.8    9540.0
    3043.3    9720.0
    3056.1    9900.0
    3069.2   10080.0
    3082.2   10260.0
    3094.2   10440.0
    3103.2   10620.0
    3112.3   10800.0
    3121.3   10980.0
    3130.3   11160.0
    3139.4   11340.0
    3148.4   11520.0
    3157.4   11700.0
    3166.5   11880.0
    3175.5   12060.0
    3184.5   12240.0
    3193.5   12420.0
    3202.6   12600.0
    3211.6   12780.0
    3222.6   12960.0
    3242.3   13140.0
    3274.5   13320.0
    3314.5   13500.0
    3358.6   13680.0
    3405.7   13860.0
    3452.8   14040.0
    3492.0   14220.0
    3492.0   14400.0
    3519.2   14580.0
    3577.3   14760.0
    3637.0   14940.0
    3701.0   15120.0
    3770.3   15300.0
    3852.4   15480.0
    3916.7   15660.0
    3975.1   15840.0
    3970.7   16020.0
 1.0    2.51189e+03
      78.7     180.0
     132.5     360.0
     191.3     540.0
     234.2     720.0
     300.3     900.0
     424.4    1080.0
     450.9    1260.0
     526.9    1440.0
     706.1    1620.0
     806.5    1800.0
     771.0    1980.0
     870.9    2160.0
     941.8    2340.0
    1012.7    2520.0
    1134.2    2700.0
    1235.6    2880.0
    1487.2    3060.0
    1561.4    3240.0
    1692.2    3420.0
    1930.2    3600.0
    2005.6    3780.0
    2300.9    3960.0
    2429.3    4140.0
    2522.2    4320.0
    2603.2    4500.0
    2689.2    4680.0
    2726.1    4860.0
    2761.1    5040.0
    2810.5    5220.0
    2839.5    5400.0
    2849.0    5580.0
    2858.2    5760.0
    2867.4    5940.0
    2876.6    6120.0
    2885.7    6300.0
    2894.9    6480.0
    2905.1    6660.0
    2916.6    6840.0
    2928.1    7020.0
    2939.6    7200.0
    2951.0    7380.0
    2962.5    7560.0
    2974.0    7740.0
    2985.4    7920.0
    2996.4    8100.0
    3006.9    8280.0
    3017.4    8460.0
    3027.9    8640.0
    3038.4    8820.0
    3040.0    9000.0
    3040.0    9180.0
    3040.0    9360.0
    3052.1    9540.0
    3064.6    9720.0
    3077.3    9900.0
    3090.3   10080.0
    3103.4   10260.0
    3116.4   10440.0
    3126.5   10620.0
    3135.6   10800.0
    3144.6   10980.0
    3153.6   11160.0
    3162.6   11340.0
    3171.7   11520.0
    3180.7   11700.0
    3189.7   11880.0
    3198.8   12060.0
    3207.8   12240.0
    3216.8   12420.0
    3225.8   12600.0
    3234.9   12780.0
    3248.6   12960.0
    3268.3   13140.0
    3302.3   13320.0
    3342.4   13500.0
    3386.7   13680.0
    3433.8   13860.0
    3480.9   14040.0
    3520.0   14220.0
    3520.0   14400.0
    3552.7   14580.0
    3610.8   14760.0
    3671.8   14940.0
    3735.8   15120.0
    3811.0   15300.0
    3889.3   15480.0
    3947.7   15660.0
    3994.7   15840.0
    3943.5   16020.0
 1.0    2.72270e+03
      79.5     180.0
     134.4     360.0
     194.8     540.0
     238.3     720.0
     306.0     900.0
     433.4    1080.0
     463.8    1260.0
     538.8    1440.0
     716.9    1620.0
     819.9    1800.0
     784.3    1980.0
     895.9    2160.0
     962.5    2340.0
    1033.4    2520.0
    1157.6    2700.0
    1259.0    2880.0
    1507.5    3060.0
    1584.9    3240.0
    1712.7    3420.0
    1951.3    3600.0
    2026.1    3780.0
    2318.9    3960.0
    2445.4    4140.0
    2538.2    4320.0
    2618.8    4500.0
    2705.5    4680.0
    2742.6    4860.0
    2778.6    5040.0
    2828.2    5220.0
    2857.7    5400.0
    2869.0    5580.0
    2878.2    5760.0
    2887.4    5940.0
    2896.6    6120.0
    2905.8    6300.0
    2915.0    6480.0
    2925.8    6660.0
    2937.3    6840.0
    2948.7    7020.0
    2960.2    7200.0
    2971.7    7380.0
    2983.2    7560.0
    2994.6    7740.0
    3006.1    7920.0
    3017.0    8100.0
    3027.5    8280.0
    3038.0    8460.0
    3048.5    8640.0
    3059.0    8820.0
    3061.0    9000.0
    3061.0    9180.0
    3061.0    9360.0
    3073.4    9540.0
    3085.9    9720.0
    3098.5    9900.0
    3111.5   10080.0
    3124.5   10260.0
    3137.6   10440.0
    3149.8   10620.0
    3158.8   10800.0
    3167.9   10980.0
    3176.9   11160.0
    3185.9   11340.0
    3194.9   11520.0
    3204.0   11700.0
    3213.0   11880.0
    3222.0   12060.0
    3231.1   12240.0
    3240.1   12420.0
    3249.1   12600.0
    3258.2   12780.0
    3274.5   12960.0
    3294.3   13140.0
    3330.2   13320.0
    3370.2   13500.0
    3414.7   13680.0
    3461.9   13860.0
    3509.0   14040.0
    3548.0   14220.0
    3548.0   14400.0
    3586.2   14580.0
    3644.3   14760.0
    3706.6   14940.0
    3770.6   15120.0
    3851.7   15300.0
    3920.3   15480.0
    3978.7   15660.0
    3967.5   15840.0
 1.0    2.95121e+03
      80.3     180.0
     136.2     360.0
     198.3     540.0
     242.3     720.0
     312.7     900.0
     442.4    1080.0
     476.8    1260.0
     550.8    1440.0
     727.7    1620.0
     833.2    1800.0
     797.7    1980.0
     921.1    2160.0
     983.2    2340.0
    1054.1    2520.0
    1181.0    2700.0
    1283.0    2880.0
    1528.8    3060.0
    1608.5    3240.0
    1733.1    3420.0
    1972.4    3600.0
    2046.7    3780.0
    2336.8    3960.0
    2461.5    4140.0
    2554.2    4320.0
    2634.5    4500.0
    2721.7    4680.0
    2759.1    4860.0
    2796.2    5040.0
    2845.8    5220.0
    2875.9    5400.0
    2889.1    5580.0
    2898.3    5760.0
    2907.4    5940.0
    2916.6    6120.0
    2925.8    6300.0
    2935.0    6480.0
    2946.5    6660.0
    2957.9    6840.0
    2969.4    7020.0
    2980.9    7200.0
    2992.3    7380.0
    3003.8    7560.0
    3015.3    7740.0
    3026.8    7920.0
    3037.6    8100.0
    3048.1    8280.0
    3058.6    8460.0
    3069.1    8640.0
    3079.5    8820.0
    3082.0    9000.0
    3082.0    9180.0
    3082.2    9360.0
    3094.7    9540.0
    3107.2    9720.0
    3119.7    9900.0
    3132.7   10080.0
    3145.7   10260.0
    3158.8   10440.0
    3171.8   10620.0
    3182.1   10800.0
    3191.1   10980.0
    3200.2   11160.0
    3209.2   11340.0
    3218.2   11520.0
    3227.2   11700.0
    3236.3   11880.0
    3245.3   12060.0
    3254.3   12240.0
    3263.4   12420.0
    3272.4   12600.0
    3281.4   12780.0
    3300.5   12960.0
    3322.0   13140.0
    3358.1   13320.0
    3398.0   13500.0
    3442.8   13680.0
    3489.9   13860.0
    3537.1   14040.0
    3576.0   14220.0
    3576.0   14400.0
    3619.8   14580.0
    3677.9   14760.0
    3741.4   14940.0
    3810.3   15120.0
    3892.4   15300.0
    3951.3   15480.0
    3991.6   15660.0
 1.0    3.19890e+03
      81.1     180.0
     138.1     360.0
     201.8     540.0
     246.3     720.0
     320.0     900.0
     451.3    1080.0
     489.7    1260.0
     562.7    1440.0
     738.5    1620.0
     846.6    1800.0
     811.0    1980.0
     946.3    2160.0
    1003.9    2340.0
    1082.9    2520.0
    1204.4    2700.0
    1310.1    2880.0
    1550.1    3060.0
    1632.0    3240.0
    1753.5    3420.0
    1993.5    3600.0
    2067.2    3780.0
    2354.8    3960.0
    2477.6    4140.0
    2570.2    4320.0
    2650.2    4500.0
    2738.0    4680.0
    2775.7    4860.0
    2813.7    5040.0
    2863.5    5220.0
    2894.1    5400.0
    2909.1    5580.0
    2918.3    5760.0
    2927.5    5940.0
    2936.7    6120.0
    2945.8    6300.0
    2955.6    6480.0
    2967.1    6660.0
    2978.6    6840.0
    2990.1    7020.0
    3001.5    7200.0
    3013.0    7380.0
    3024.5    7560.0
    3035.9    7740.0
    3047.4    7920.0
    3058.2    8100.0
    3068.7    8280.0
    3079.2    8460.0
    3089.6    8640.0
    3100.1    8820.0
    3103.0    9000.0
    3103.0    9180.0
    3103.5    9360.0
    3116.0    9540.0
    3128.4    9720.0
    3140.9    9900.0
    3153.9   10080.0
    3166.9   10260.0
    3179.9   10440.0
    3193.0   10620.0
    3205.4   10800.0
    3214.4   10980.0
    3223.4   11160.0
    3232.5   11340.0
    3241.5   11520.0
    3250.5   11700.0
    3259.6   11880.0
    3268.6   12060.0
    3277.6   12240.0
    3286.6   12420.0
    3295.7   12600.0
    3306.7   12780.0
    3326.5   12960.0
    3349.8   13140.0
    3385.9   13320.0
    3425.8   13500.0
    3470.9   13680.0
    3518.0   13860.0
    3565.2   14040.0
    3604.0   14220.0
    3604.0   14400.0
    3653.3   14580.0
    3712.3   14760.0
    3776.2   14940.0
    3851.1   15120.0
    3923.9   15300.0
    3982.2   15480.0
    3964.4   15660.0
 1.0    3.46737e+03
      81.9     180.0
     139.7     360.0
     205.3     540.0
     250.4     720.0
     328.1     900.0
     460.3    1080.0
     502.7    1260.0
     577.6    1440.0
     749.3    1620.0
     859.9    1800.0
     824.4    1980.0
     971.5    2160.0
    1024.6    2340.0
    1114.6    2520.0
    1232.8    2700.0
    1337.1    2880.0
    1571.5    3060.0
    1655.6    3240.0
    1774.0    3420.0
    2014.6    3600.0
    2087.7    3780.0
    2372.8    3960.0
    2493.6    4140.0
    2586.3    4320.0
    2665.9    4500.0
    2754.3    4680.0
    2792.2    4860.0
    2831.3    5040.0
    2881.2    5220.0
    2912.3    5400.0
    2929.1    5580.0
    2938.3    5760.0
    2947.5    5940.0
    2956.7    6120.0
    2965.9    6300.0
    2976.3    6480.0
    2987.8    6660.0
    2999.3    6840.0
    3010.7    7020.0
    3022.2    7200.0
    3033.7    7380.0
    3045.1    7560.0
    3056.6    7740.0
    3068.1    7920.0
    3078.8    8100.0
    3089.3    8280.0
    3099.7    8460.0
    3110.2    8640.0
    3120.7    8820.0
    3124.0    9000.0
    3124.0    9180.0
    3124.8    9360.0
    3137.3    9540.0
    3149.7    9720.0
    3162.2    9900.0
    3175.1   10080.0
    3188.1   10260.0
    3201.1   10440.0
    3214.1   10620.0
    3227.2   10800.0
    3237.7   10980.0
    3246.7   11160.0
    3255.7   11340.0
    3264.8   11520.0
    3273.8   11700.0
    3282.8   11880.0
    3291.9   12060.0
    3300.9   12240.0
    3309.9   12420.0
    3318.9   12600.0
    3332.7   12780.0
    3352.5   12960.0
    3377.7   13140.0
    3413.8   13320.0
    3453.7   13500.0
    3499.0   13680.0
    3546.1   13860.0
    3593.2   14040.0
    3632.0   14220.0
    3632.0   14400.0
    3686.9   14580.0
    3747.1   14760.0
    3811.1   14940.0
    3891.8   15120.0
    3954.8   15300.0
    3988.4   15480.0
 1.0    3.75837e+03
      82.7     180.0
     141.2     360.0
     208.7     540.0
     254.4     720.0
     336.1     900.0
     469.3    1080.0
     515.6    1260.0
     593.7    1440.0
     760.1    1620.0
     870.4    1800.0
     837.7    1980.0
     996.7    2160.0
    1045.3    2340.0
    1146.3    2520.0
    1261.7    2700.0
    1364.2    2880.0
    1592.8    3060.0
    1679.1    3240.0
    1794.4    3420.0
    2035.7    3600.0
    2108.2    3780.0
    2390.7    3960.0
    2509.7    4140.0
    2602.3    4320.0
    2681.6    4500.0
    2770.5    4680.0
    2808.7    4860.0
    2848.8    5040.0
    2898.9    5220.0
    2930.5    5400.0
    2949.2    5580.0
    2958.3    5760.0
    2967.5    5940.0
    2976.7    6120.0
    2985.9    6300.0
    2997.0    6480.0
    3008.4    6660.0
    3019.9    6840.0
    3031.4    7020.0
    3042.9    7200.0
    3054.3    7380.0
    3065.8    7560.0
    3077.3    7740.0
    3088.7    7920.0
    3099.3    8100.0
    3109.8    8280.0
    3120.3    8460.0
    3130.8    8640.0
    3141.3    8820.0
    3145.0    9000.0
    3145.0    9180.0
    3146.1    9360.0
    3158.6    9540.0
    3171.0    9720.0
    3183.5    9900.0
    3196.3   10080.0
    3209.3   10260.0
    3222.3   10440.0
    3235.3   10620.0
    3248.3   10800.0
    3260.9   10980.0
    3270.0   11160.0
    3279.0   11340.0
    3288.0   11520.0
    3297.1   11700.0
    3306.1   11880.0
    3315.1   12060.0
    3324.2   12240.0
    3333.2   12420.0
    3342.2   12600.0
    3358.7   12780.0
    3378.4   12960.0
    3405.6   13140.0
    3441.6   13320.0
    3481.5   13500.0
    3527.0   13680.0
    3574.2   13860.0
    3621.3   14040.0
    3660.0   14220.0
    3662.3   14400.0
    3720.4   14580.0
    3781.9   14760.0
    3850.4   14940.0
    3927.4   15120.0
    3985.8   15300.0
    3961.3   15480.0
 1.0    4.07380e+03
      83.5     180.0
     142.7     360.0
     212.2     540.0
     258.4     720.0
     344.2     900.0
     478.2    1080.0
     528.6    1260.0
     607.2    1440.0
     771.0    1620.0
     879.3    1800.0
     851.1    1980.0
    1021.9    2160.0
    1066.1    2340.0
    1178.1    2520.0
    1290.6    2700.0
    1391.2    2880.0
    1614.1    3060.0
    1702.6    3240.0
    1814.9    3420.0
    2056.8    3600.0
    2128.8    3780.0
    2408.7    3960.0
    2525.8    4140.0
    2618.3    4320.0
    2697.3    4500.0
    2786.8    4680.0
    2825.2    4860.0
    2866.4    5040.0
    2916.6    5220.0
    2948.7    5400.0
    2969.2    5580.0
    2978.4    5760.0
    2987.6    5940.0
    2996.7    6120.0
    3006.2    6300.0
    3017.6    6480.0
    3029.1    6660.0
    3040.6    6840.0
    3052.0    7020.0
    3063.5    7200.0
    3075.0    7380.0
    3086.5    7560.0
    3097.9    7740.0
    3109.4    7920.0
    3119.9    8100.0
    3130.4    8280.0
    3140.9    8460.0
    3151.4    8640.0
    3161.9    8820.0
    3166.0    9000.0
    3166.0    9180.0
    3167.4    9360.0
    3179.8    9540.0
    3192.3    9720.0
    3204.8    9900.0
    3217.4   10080.0
    3230.5   10260.0
    3243.5   10440.0
    3256.5   10620.0
    3269.5   10800.0
    3282.6   10980.0
    3293.3   11160.0
    3302.3   11340.0
    3311.3   11520.0
    3320.3   11700.0
    3329.4   11880.0
    3338.4   12060.0
    3347.4   12240.0
    3356.5   12420.0
    3365.5   12600.0
    3384.6   12780.0
    3404.4   12960.0
    3433.4   13140.0
    3469.5   13320.0
    3509.3   13500.0
    3555.1   13680.0
    3602.3   13860.0
    3649.4   14040.0
    3688.0   14220.0
    3695.9   14400.0
    3754.0   14580.0
    3816.7   14760.0
    3891.1   14940.0
    3958.4   15120.0
    3985.3   15300.0
 1.0    4.41570e+03
      84.3     180.0
     144.2     360.0
     215.7     540.0
     262.5     720.0
     352.2     900.0
     487.2    1080.0
     541.5    1260.0
     620.5    1440.0
     781.8    1620.0
     888.1    1800.0
     864.4    1980.0
    1047.1    2160.0
    1086.8    2340.0
    1209.8    2520.0
    1319.5    2700.0
    1418.3    2880.0
    1635.4    3060.0
    1726.2    3240.0
    1835.3    3420.0
    2077.9    3600.0
    2149.3    3780.0
    2426.7    3960.0
    2541.9    4140.0
    2634.3    4320.0
    2713.0    4500.0
    2803.1    4680.0
    2841.8    4860.0
    2884.0    5040.0
    2934.3    5220.0
    2966.8    5400.0
    2989.2    5580.0
    2998.4    5760.0
    3007.6    5940.0
    3016.8    6120.0
    3026.8    6300.0
    3038.3    6480.0
    3049.8    6660.0
    3061.2    6840.0
    3072.7    7020.0
    3084.2    7200.0
    3095.6    7380.0
    3107.1    7560.0
    3118.6    7740.0
    3130.0    7920.0
    3140.5    8100.0
    3151.0    8280.0
    3161.5    8460.0
    3172.0    8640.0
    3182.5    8820.0
    3187.0    9000.0
    3187.0    9180.0
    3188.7    9360.0
    3201.1    9540.0
    3213.6    9720.0
    3226.1    9900.0
    3238.6   10080.0
    3251.7   10260.0
    3264.7   10440.0
    3277.7   10620.0
    3290.7   10800.0
    3303.7   10980.0
    3316.5   11160.0
    3325.6   11340.0
    3334.6   11520.0
    3343.6   11700.0
    3352.6   11880.0
    3361.7   12060.0
    3370.7   12240.0
    3379.7   12420.0
    3390.9   12600.0
    3410.6   12780.0
    3430.4   12960.0
    3461.3   13140.0
    3497.3   13320.0
    3537.2   13500.0
    3583.2   13680.0
    3630.3   13860.0
    3677.5   14040.0
    3716.0   14220.0
    3729.4   14400.0
    3787.6   14580.0
    3851.5   14760.0
    3931.0   14940.0
    3989.4   15120.0
 1.0    4.78630e+03
      85.1     180.0
     145.7     360.0
     219.2     540.0
     266.5     720.0
     360.2     900.0
     496.2    1080.0
     554.4    1260.0
     633.9    1440.0
     792.6    1620.0
     897.0    1800.0
     877.8    1980.0
    1072.3    2160.0
    1107.5    2340.0
    1241.5    2520.0
    1348.3    2700.0
    1445.4    2880.0
    1656.7    3060.0
    1750.1    3240.0
    1855.7    3420.0
    2099.0    3600.0
    2169.8    3780.0
    2444.7    3960.0
    2558.0    4140.0
    2650.4    4320.0
    2729.1    4500.0
    2819.3    4680.0
    2858.3    4860.0
    2901.5    5040.0
    2951.9    5220.0
    2985.0    5400.0
    3009.3    5580.0
    3018.4    5760.0
    3027.6    5940.0
    3036.8    6120.0
    3047.5    6300.0
    3058.9    6480.0
    3070.4    6660.0
    3081.9    6840.0
    3093.4    7020.0
    3104.8    7200.0
    3116.3    7380.0
    3127.8    7560.0
    3139.2    7740.0
    3150.6    7920.0
    3161.1    8100.0
    3171.6    8280.0
    3182.1    8460.0
    3192.6    8640.0
    3203.1    8820.0
    3208.0    9000.0
    3208.0    9180.0
    3210.0    9360.0
    3222.4    9540.0
    3234.9    9720.0
    3247.4    9900.0
    3259.8   10080.0
    3272.8   10260.0
    3285.9   10440.0
    3298.9   10620.0
    3311.9   10800.0
    3324.9   10980.0
    3337.9   11160.0
    3348.8   11340.0
    3357.9   11520.0
    3366.9   11700.0
    3375.9   11880.0
    3384.9   12060.0
    3394.0   12240.0
    3403.0   12420.0
    3416.8   12600.0
    3436.6   12780.0
    3456.4   12960.0
    3489.1   13140.0
    3525.2   13320.0
    3565.0   13500.0
    3611.3   13680.0
    3658.4   13860.0
    3705.5   14040.0
    3744.0   14220.0
    3763.0   14400.0
    3822.4   14580.0
    3890.4   14760.0
    3962.0   14940.0
    3982.2   15120.0
 1.0    5.18800e+03
      85.9     180.0
     147.2     360.0
     222.7     540.0
     270.6     720.0
     368.3     900.0
     505.2    1080.0
     567.4    1260.0
     647.2    1440.0
     803.4    1620.0
     905.8    1800.0
     891.1    1980.0
    1097.4    2160.0
    1128.2    2340.0
    1273.2    2520.0
    1377.2    2700.0
    1472.4    2880.0
    1678.0    3060.0
    1774.4    3240.0
    1876.2    3420.0
    2120.1    3600.0
    2190.3    3780.0
    2462.6    3960.0
    2574.1    4140.0
    2666.4    4320.0
    2745.6    4500.0
    2835.6    4680.0
    2874.8    4860.0
    2919.1    5040.0
    2969.6    5220.0
    3003.2    5400.0
    3029.3    5580.0
    3038.5    5760.0
    3047.6    5940.0
    3056.8    6120.0
    3068.1    6300.0
    3079.6    6480.0
    3091.1    6660.0
    3102.6    6840.0
    3114.0    7020.0
    3125.5    7200.0
    3137.0    7380.0
    3148.4    7560.0
    3159.9    7740.0
    3171.2    7920.0
    3181.7    8100.0
    3192.2    8280.0
    3202.7    8460.0
    3213.2    8640.0
    3223.6    8820.0
    3229.0    9000.0
    3229.0    9180.0
    3231.3    9360.0
    3243.7    9540.0
    3256.2    9720.0
    3268.7    9900.0
    3281.1   10080.0
    3294.0   10260.0
    3307.0   10440.0
    3320.1   10620.0
    3333.1   10800.0
    3346.1   10980.0
    3359.1   11160.0
    3372.1   11340.0
    3381.1   11520.0
    3390.2   11700.0
    3399.2   11880.0
    3408.2   12060.0
    3417.3   12240.0
    3426.3   12420.0
    3442.8   12600.0
    3462.6   12780.0
    3482.3   12960.0
    3517.0   13140.0
    3553.1   13320.0
    3592.8   13500.0
    3639.4   13680.0
    3686.5   13860.0
    3733.6   14040.0
    3772.0   14220.0
    3796.5   14400.0
    3857.2   14580.0
    3931.1   14760.0
    3992.9   14940.0
 1.0    5.62341e+03
      86.7     180.0
     148.7     360.0
     226.2     540.0
     274.6     720.0
     376.3     900.0
     514.1    1080.0
     580.3    1260.0
     660.5    1440.0
     814.2    1620.0
     914.6    1800.0
     910.3    1980.0
    1122.6    2160.0
    1148.9    2340.0
    1304.9    2520.0
    1406.1    2700.0
    1499.5    2880.0
    1699.3    3060.0
    1798.6    3240.0
    1896.6    3420.0
    2141.2    3600.0
    2210.9    3780.0
    2480.6    3960.0
    2590.1    4140.0
    2682.4    4320.0
    2762.0    4500.0
    2851.9    4680.0
    2891.3    4860.0
    2936.6    5040.0
    2987.3    5220.0
    3021.4    5400.0
    3048.0    5580.0
    3058.5    5760.0
    3067.7    5940.0
    3077.3    6120.0
    3088.8    6300.0
    3100.3    6480.0
    3111.7    6660.0
    3123.2    6840.0
    3134.7    7020.0
    3146.2    7200.0
    3157.6    7380.0
    3169.1    7560.0
    3180.6    7740.0
    3191.8    7920.0
    3202.3    8100.0
    3212.8    8280.0
    3223.3    8460.0
    3233.7    8640.0
    3244.2    8820.0
    3250.0    9000.0
    3250.0    9180.0
    3252.5    9360.0
    3265.0    9540.0
    3277.5    9720.0
    3289.9    9900.0
    3302.4   10080.0
    3315.2   10260.0
    3328.2   10440.0
    3341.2   10620.0
    3354.3   10800.0
    3367.3   10980.0
    3380.3   11160.0
    3393.3   11340.0
    3404.4   11520.0
    3413.4   11700.0
    3422.5   11880.0
    3431.5   12060.0
    3440.5   12240.0
    3449.6   12420.0
    3468.8   12600.0
    3488.5   12780.0
    3508.8   12960.0
    3544.8   13140.0
    3580.9   13320.0
    3620.6   13500.0
    3667.4   13680.0
    3714.6   13860.0
    3761.7   14040.0
    3800.0   14220.0
    3830.1   14400.0
    3892.0   14580.0
    3965.5   14760.0
    3979.0   14940.0
 1.0    6.09537e+03
      87.4     180.0
     150.2     360.0
     229.7     540.0
     281.0     720.0
     383.6     900.0
     523.1    1080.0
     593.3    1260.0
     673.8    1440.0
     825.0    1620.0
     923.5    1800.0
     931.3    1980.0
    1147.8    2160.0
    1169.6    2340.0
    1336.7    2520.0
    1435.0    2700.0
    1526.5    2880.0
    1720.6    3060.0
    1822.9    3240.0
    1917.1    3420.0
    2162.2    3600.0
    2231.4    3780.0
    2498.6    3960.0
    2606.2    4140.0
    2698.4    4320.0
    2778.5    4500.0
    2868.2    4680.0
    2907.8    4860.0
    2954.2    5040.0
    3005.0    5220.0
    3039.6    5400.0
    3066.2    5580.0
    3078.5    5760.0
    3087.7    5940.0
    3098.0    6120.0
    3109.5    6300.0
    3120.9    6480.0
    3132.4    6660.0
    3143.9    6840.0
    3155.3    7020.0
    3166.8    7200.0
    3178.3    7380.0
    3189.8    7560.0
    3201.2    7740.0
    3212.4    7920.0
    3222.9    8100.0
    3233.3    8280.0
    3243.8    8460.0
    3254.3    8640.0
    3264.8    8820.0
    3271.0    9000.0
    3271.0    9180.0
    3273.8    9360.0
    3286.3    9540.0
    3298.8    9720.0
    3311.2    9900.0
    3323.7   10080.0
    3336.4   10260.0
    3349.4   10440.0
    3362.4   10620.0
    3375.5   10800.0
    3388.5   10980.0
    3401.5   11160.0
    3414.5   11340.0
    3427.5   11520.0
    3436.7   11700.0
    3445.7   11880.0
    3454.8   12060.0
    3463.8   12240.0
    3475.0   12420.0
    3494.8   12600.0
    3514.5   12780.0
    3536.6   12960.0
    3572.7   13140.0
    3608.8   13320.0
    3648.5   13500.0
    3695.5   13680.0
    3742.7   13860.0
    3789.8   14040.0
    3828.0   14220.0
    3863.6   14400.0
    3930.5   14580.0
    3996.5   14760.0
 1.0    6.60693e+03
      88.1     180.0
     151.7     360.0
     233.2     540.0
     287.5     720.0
     390.6     900.0
     532.1    1080.0
     606.2    1260.0
     687.1    1440.0
     835.8    1620.0
     932.3    1800.0
     952.2    1980.0
    1173.0    2160.0
    1190.3    2340.0
    1368.4    2520.0
    1463.9    2700.0
    1553.6    2880.0
    1741.9    3060.0
    1847.1    3240.0
    1937.5    3420.0
    2183.3    3600.0
    2251.9    3780.0
    2516.6    3960.0
    2622.3    4140.0
    2714.5    4320.0
    2794.9    4500.0
    2884.4    4680.0
    2924.4    4860.0
    2971.7    5040.0
    3022.7    5220.0
    3057.8    5400.0
    3084.4    5580.0
    3098.6    5760.0
    3107.7    5940.0
    3118.6    6120.0
    3130.1    6300.0
    3141.6    6480.0
    3153.1    6660.0
    3164.5    6840.0
    3176.0    7020.0
    3187.5    7200.0
    3198.9    7380.0
    3210.4    7560.0
    3221.9    7740.0
    3233.0    7920.0
    3243.4    8100.0
    3253.9    8280.0
    3264.4    8460.0
    3274.9    8640.0
    3285.4    8820.0
    3292.0    9000.0
    3292.0    9180.0
    3295.1    9360.0
    3307.6    9540.0
    3320.1    9720.0
    3332.5    9900.0
    3345.0   10080.0
    3357.6   10260.0
    3370.6   10440.0
    3383.6   10620.0
    3396.6   10800.0
    3409.7   10980.0
    3422.7   11160.0
    3435.7   11340.0
    3448.7   11520.0
    3460.0   11700.0
    3469.0   11880.0
    3478.0   12060.0
    3487.1   12240.0
    3501.0   12420.0
    3520.7   12600.0
    3540.5   12780.0
    3564.5   12960.0
    3600.6   13140.0
    3636.6   13320.0
    3676.5   13500.0
    3723.6   13680.0
    3770.7   13860.0
    3817.9   14040.0
    3856.0   14220.0
    3897.7   14400.0
    3969.1   14580.0
 1.0    7.16143e+03
      88.8     180.0
     153.1     360.0
     236.7     540.0
     294.1     720.0
     397.6     900.0
     541.0    1080.0
     619.2    1260.0
     700.4    1440.0
     846.6    1620.0
     941.2    1800.0
     973.1    1980.0
    1198.2    2160.0
    1211.0    2340.0
    1398.3    2520.0
    1492.8    2700.0
    1580.7    2880.0
    1763.3    3060.0
    1871.4    3240.0
    1958.0    3420.0
    2204.4    3600.0
    2272.4    3780.0
    2534.5    3960.0
    2638.4    4140.0
    2730.5    4320.0
    2811.4    4500.0
    2900.7    4680.0
    2940.9    4860.0
    2989.3    5040.0
    3040.4    5220.0
    3076.0    5400.0
    3102.6    5580.0
    3118.6    5760.0
    3127.8    5940.0
    3139.3    6120.0
    3150.8    6300.0
    3162.2    6480.0
    3173.7    6660.0
    3185.2    6840.0
    3196.7    7020.0
    3208.1    7200.0
    3219.6    7380.0
    3231.1    7560.0
    3242.5    7740.0
    3253.5    7920.0
    3264.0    8100.0
    3274.5    8280.0
    3285.0    8460.0
    3295.5    8640.0
    3306.0    8820.0
    3313.0    9000.0
    3313.0    9180.0
    3316.4    9360.0
    3328.9    9540.0
    3341.4    9720.0
    3353.8    9900.0
    3366.3   10080.0
    3378.8   10260.0
    3391.8   10440.0
    3404.8   10620.0
    3417.8   10800.0
    3430.8   10980.0
    3443.9   11160.0
    3456.9   11340.0
    3469.9   11520.0
    3482.9   11700.0
    3492.3   11880.0
    3501.3   12060.0
    3510.3   12240.0
    3526.9   12420.0
    3546.7   12600.0
    3566.5   12780.0
    3592.3   12960.0
    3628.4   13140.0
    3664.5   13320.0
    3704.5   13500.0
    3751.7   13680.0
    3798.8   13860.0
    3845.9   14040.0
    3884.0   14220.0
    3932.5   14400.0
    3999.9   14580.0
 1.0    7.76247e+03
      89.5     180.0
     154.6     360.0
     240.2     540.0
     300.7     720.0
     404.5     900.0
     550.0    1080.0
     632.1    1260.0
     713.7    1440.0
     857.5    1620.0
     950.0    1800.0
     994.1    1980.0
    1217.0    2160.0
    1231.7    2340.0
    1422.1    2520.0
    1521.6    2700.0
    1607.7    2880.0
    1784.6    3060.0
    1895.7    3240.0
    1978.4    3420.0
    2225.5    3600.0
    2292.9    3780.0
    2552.5    3960.0
    2654.5    4140.0
    2746.5    4320.0
    2827.8    4500.0
    2917.0    4680.0
    2958.0    4860.0
    3006.9    5040.0
    3058.0    5220.0
    3094.2    5400.0
    3120.8    5580.0
    3138.6    5760.0
    3148.5    5940.0
    3160.0    6120.0
    3171.4    6300.0
    3182.9    6480.0
    3194.4    6660.0
    3205.9    6840.0
    3217.3    7020.0
    3228.8    7200.0
    3240.3    7380.0
    3251.7    7560.0
    3263.2    7740.0
    3274.1    7920.0
    3284.6    8100.0
    3295.1    8280.0
    3305.6    8460.0
    3316.1    8640.0
    3326.6    8820.0
    3334.0    9000.0
    3334.0    9180.0
    3337.7    9360.0
    3350.2    9540.0
    3362.6    9720.0
    3375.1    9900.0
    3387.6   10080.0
    3400.0   10260.0
    3413.0   10440.0
    3426.0   10620.0
    3439.0   10800.0
    3452.0   10980.0
    3465.0   11160.0
    3478.1   11340.0
    3491.1   11520.0
    3504.1   11700.0
    3515.6   11880.0
    3524.6   12060.0
    3533.6   12240.0
    3552.9   12420.0
    3572.7   12600.0
    3592.4   12780.0
    3620.2   12960.0
    3656.3   13140.0
    3692.3   13320.0
    3732.6   13500.0
    3779.8   13680.0
    3826.9   13860.0
    3874.0   14040.0
    3912.0   14220.0
    3970.5   14400.0
 1.0    8.41396e+03
      90.2     180.0
     156.1     360.0
     243.6     540.0
     307.2     720.0
     411.5     900.0
     559.0    1080.0
     645.1    1260.0
     727.1    1440.0
     870.5    1620.0
     958.8    1800.0
    1015.0    1980.0
    1230.9    2160.0
    1252.4    2340.0
    1445.8    2520.0
    1550.5    2700.0
    1634.8    2880.0
    1805.9    3060.0
    1919.9    3240.0
    1998.8    3420.0
    2246.6    3600.0
    2313.5    3780.0
    2570.1    3960.0
    2670.6    4140.0
    2762.5    4320.0
    2844.3    4500.0
    2933.2    4680.0
    2975.5    4860.0
    3024.4    5040.0
    3075.7    5220.0
    3112.3    5400.0
    3139.0    5580.0
    3158.6    5760.0
    3169.2    5940.0
    3180.6    6120.0
    3192.1    6300.0
    3203.6    6480.0
    3215.0    6660.0
    3226.5    6840.0
    3238.0    7020.0
    3249.5    7200.0
    3260.9    7380.0
    3272.4    7560.0
    3283.9    7740.0
    3294.7    7920.0
    3305.2    8100.0
    3315.7    8280.0
    3326.2    8460.0
    3336.7    8640.0
    3347.2    8820.0
    3355.0    9000.0
    3355.0    9180.0
    3359.0    9360.0
    3371.5    9540.0
    3383.9    9720.0
    3396.4    9900.0
    3408.9   10080.0
    3421.3   10260.0
    3434.1   10440.0
    3447.2   10620.0
    3460.2   10800.0
    3473.2   10980.0
    3486.2   11160.0
    3499.3   11340.0
    3512.3   11520.0
    3525.3   11700.0
    3538.3   11880.0
    3547.9   12060.0
    3559.1   12240.0
    3578.9   12420.0
    3598.7   12600.0
    3618.4   12780.0
    3648.1   12960.0
    3684.1   13140.0
    3720.2   13320.0
    3760.7   13500.0
    3807.8   13680.0
    3855.0   13860.0
    3902.1   14040.0
    3940.0   14220.0
    3996.8   14400.0
 1.0    9.12011e+03
      90.9     180.0
     157.6     360.0
     247.1     540.0
     313.8     720.0
     418.5     900.0
     568.0    1080.0
     658.0    1260.0
     740.4    1440.0
     886.7    1620.0
     967.7    1800.0
    1035.9    1980.0
    1244.9    2160.0
    1273.2    2340.0
    1469.5    2520.0
    1579.4    2700.0
    1661.8    2880.0
    1827.2    3060.0
    1944.2    3240.0
    2021.7    3420.0
    2267.7    3600.0
    2334.0    3780.0
    2585.3    3960.0
    2686.6    4140.0
    2778.6    4320.0
    2860.7    4500.0
    2949.5    4680.0
    2993.1    4860.0
    3042.0    5040.0
    3093.4    5220.0
    3130.5    5400.0
    3157.1    5580.0
    3178.7    5760.0
    3189.8    5940.0
    3201.3    6120.0
    3212.8    6300.0
    3224.2    6480.0
    3235.7    6660.0
    3247.2    6840.0
    3258.6    7020.0
    3270.1    7200.0
    3281.6    7380.0
    3293.1    7560.0
    3304.5    7740.0
    3315.3    7920.0
    3325.8    8100.0
    3336.3    8280.0
    3346.8    8460.0
    3357.3    8640.0
    3367.7    8820.0
    3376.0    9000.0
    3376.0    9180.0
    3380.3    9360.0
    3392.8    9540.0
    3405.2    9720.0
    3417.7    9900.0
    3430.2   10080.0
    3442.6   10260.0
    3455.3   10440.0
    3468.3   10620.0
    3481.4   10800.0
    3494.4   10980.0
    3507.4   11160.0
    3520.4   11340.0
    3533.5   11520.0
    3546.5   11700.0
    3559.5   11880.0
    3571.1   12060.0
    3585.1   12240.0
    3604.9   12420.0
    3624.6   12600.0
    3644.4   12780.0
    3675.9   12960.0
    3712.0   13140.0
    3748.1   13320.0
    3788.8   13500.0
    3835.9   13680.0
    3883.0   13860.0
    3930.2   14040.0
    3973.2   14220.0
 1.0    9.88553e+03
      91.6     180.0
     159.1     360.0
     250.6     540.0
     320.1     720.0
     425.5     900.0
     576.9    1080.0
     671.0    1260.0
     753.7    1440.0
     902.9    1620.0
     976.5    1800.0
    1056.9    1980.0
    1258.9    2160.0
    1293.9    2340.0
    1493.3    2520.0
    1608.3    2700.0
    1688.9    2880.0
    1848.5    3060.0
    1968.4    3240.0
    2048.6    3420.0
    2288.8    3600.0
    2354.5    3780.0
    2600.4    3960.0
    2702.7    4140.0
    2794.7    4320.0
    2877.1    4500.0
    2965.5    4680.0
    3010.7    4860.0
    3059.5    5040.0
    3111.1    5220.0
    3148.7    5400.0
    3175.3    5580.0
    3199.0    5760.0
    3210.5    5940.0
    3221.9    6120.0
    3233.4    6300.0
    3244.9    6480.0
    3256.4    6660.0
    3267.8    6840.0
    3279.3    7020.0
    3290.8    7200.0
    3302.2    7380.0
    3313.7    7560.0
    3325.2    7740.0
    3335.9    7920.0
    3346.4    8100.0
    3356.9    8280.0
    3367.3    8460.0
    3377.8    8640.0
    3388.3    8820.0
    3397.0    9000.0
    3397.0    9180.0
    3401.6    9360.0
    3414.0    9540.0
    3426.5    9720.0
    3439.0    9900.0
    3451.5   10080.0
    3463.9   10260.0
    3476.5   10440.0
    3489.5   10620.0
    3502.6   10800.0
    3515.6   10980.0
    3528.6   11160.0
    3541.6   11340.0
    3554.6   11520.0
    3567.7   11700.0
    3580.7   11880.0
    3593.7   12060.0
    3611.1   12240.0
    3630.8   12420.0
    3650.6   12600.0
    3670.4   12780.0
    3703.8   12960.0
    3739.8   13140.0
    3775.9   13320.0
    3816.9   13500.0
    3864.0   13680.0
    3911.1   13860.0
    3958.3   14040.0
 1.0    1.07152e+04
      92.3     180.0
     160.6     360.0
     254.1     540.0
     324.8     720.0
     432.5     900.0
     585.9    1080.0
     683.9    1260.0
     767.0    1440.0
     919.1    1620.0
     985.4    1800.0
    1077.8    1980.0
    1272.8    2160.0
    1314.6    2340.0
    1517.0    2520.0
    1628.3    2700.0
    1715.9    2880.0
    1869.8    3060.0
    1992.7    3240.0
    2075.5    3420.0
    2310.3    3600.0
    2375.0    3780.0
    2615.7    3960.0
    2718.8    4140.0
    2810.8    4320.0
    2893.6    4500.0
    2981.5    4680.0
    3028.2    4860.0
    3077.1    5040.0
    3128.8    5220.0
    3166.9    5400.0
    3193.5    5580.0
    3218.9    5760.0
    3231.1    5940.0
    3242.6    6120.0
    3254.1    6300.0
    3265.6    6480.0
    3277.0    6660.0
    3288.5    6840.0
    3300.0    7020.0
    3311.4    7200.0
    3322.9    7380.0
    3334.4    7560.0
    3345.8    7740.0
    3356.5    7920.0
    3367.0    8100.0
    3377.4    8280.0
    3387.9    8460.0
    3398.4    8640.0
    3408.9    8820.0
    3418.0    9000.0
    3418.0    9180.0
    3422.9    9360.0
    3435.3    9540.0
    3447.8    9720.0
    3460.3    9900.0
    3472.7   10080.0
    3485.2   10260.0
    3497.7   10440.0
    3510.7   10620.0
    3523.7   10800.0
    3536.8   10980.0
    3549.8   11160.0
    3562.8   11340.0
    3575.8   11520.0
    3588.8   11700.0
    3601.9   11880.0
    3616.5   12060.0
    3637.1   12240.0
    3656.8   12420.0
    3676.6   12600.0
    3696.3   12780.0
    3731.6   12960.0
    3767.7   13140.0
    3803.8   13320.0
    3848.2   13500.0
    3895.3   13680.0
    3942.5   13860.0
    3989.6   14040.0
 1.0    1.16145e+04
      93.0     180.0
     162.1     360.0
     257.6     540.0
     329.4     720.0
     439.5     900.0
     594.9    1080.0
     696.9    1260.0
     780.3    1440.0
     935.3    1620.0
     994.2    1800.0
    1098.7    1980.0
    1286.8    2160.0
    1335.3    2340.0
    1540.8    2520.0
    1647.3    2700.0
    1743.0    2880.0
    1891.1    3060.0
    2016.9    3240.0
    2102.4    3420.0
    2331.9    3600.0
    2395.6    3780.0
    2631.4    3960.0
    2734.9    4140.0
    2826.9    4320.0
    2910.0    4500.0
    2997.5    4680.0
    3045.8    4860.0
    3094.6    5040.0
    3146.5    5220.0
    3185.1    5400.0
    3211.7    5580.0
    3237.9    5760.0
    3251.4    5940.0
    3263.3    6120.0
    3274.7    6300.0
    3286.2    6480.0
    3297.7    6660.0
    3309.2    6840.0
    3320.6    7020.0
    3332.1    7200.0
    3343.6    7380.0
    3355.0    7560.0
    3366.5    7740.0
    3377.0    7920.0
    3387.5    8100.0
    3398.0    8280.0
    3408.5    8460.0
    3419.0    8640.0
    3429.5    8820.0
    3439.0    9000.0
    3439.0    9180.0
    3444.2    9360.0
    3456.6    9540.0
    3469.1    9720.0
    3481.6    9900.0
    3494.0   10080.0
    3506.5   10260.0
    3519.0   10440.0
    3531.9   10620.0
    3544.9   10800.0
    3557.9   10980.0
    3571.0   11160.0
    3584.0   11340.0
    3597.0   11520.0
    3610.0   11700.0
    3623.1   11880.0
    3642.1   12060.0
    3663.0   12240.0
    3682.8   12420.0
    3702.6   12600.0
    3723.4   12780.0
    3759.5   12960.0
    3795.6   13140.0
    3833.0   13320.0
    3880.1   13500.0
    3927.2   13680.0
    3974.4   13860.0
 1.0    1.25893e+04
      93.7     180.0
     163.6     360.0
     261.1     540.0
     334.1     720.0
     446.4     900.0
     603.8    1080.0
     709.8    1260.0
     793.6    1440.0
     951.5    1620.0
    1003.0    1800.0
    1119.7    1980.0
    1300.7    2160.0
    1356.0    2340.0
    1564.5    2520.0
    1666.2    2700.0
    1770.1    2880.0
    1912.4    3060.0
    2041.2    3240.0
    2129.3    3420.0
    2353.5    3600.0
    2416.1    3780.0
    2647.2    3960.0
    2751.0    4140.0
    2842.9    4320.0
    2926.5    4500.0
    3013.4    4680.0
    3063.3    4860.0
    3112.2    5040.0
    3164.1    5220.0
    3203.3    5400.0
    3229.9    5580.0
    3256.5    5760.0
    3270.8    5940.0
    3283.9    6120.0
    3295.4    6300.0
    3306.9    6480.0
    3318.3    6660.0
    3329.8    6840.0
    3341.3    7020.0
    3352.8    7200.0
    3364.2    7380.0
    3375.7    7560.0
    3387.1    7740.0
    3397.6    7920.0
    3408.1    8100.0
    3418.6    8280.0
    3429.1    8460.0
    3439.6    8640.0
    3450.1    8820.0
    3460.0    9000.0
    3460.0    9180.0
    3465.4    9360.0
    3477.9    9540.0
    3490.4    9720.0
    3502.9    9900.0
    3515.3   10080.0
    3527.8   10260.0
    3540.3   10440.0
    3553.1   10620.0
    3566.1   10800.0
    3579.1   10980.0
    3592.1   11160.0
    3605.2   11340.0
    3618.2   11520.0
    3631.2   11700.0
    3645.8   11880.0
    3667.7   12060.0
    3689.0   12240.0
    3708.8   12420.0
    3728.5   12600.0
    3751.3   12780.0
    3787.3   12960.0
    3823.4   13140.0
    3864.9   13320.0
    3912.0   13500.0
    3959.1   13680.0
 1.0    1.36458e+04
      94.4     180.0
     165.1     360.0
     264.6     540.0
     338.7     720.0
     453.4     900.0
     612.8    1080.0
     722.8    1260.0
     806.9    1440.0
     967.7    1620.0
    1011.9    1800.0
    1140.6    1980.0
    1314.7    2160.0
    1376.7    2340.0
    1588.2    2520.0
    1685.2    2700.0
    1797.0    2880.0
    1933.7    3060.0
    2065.4    3240.0
    2156.2    3420.0
    2375.2    3600.0
    2436.6    3780.0
    2663.0    3960.0
    2767.1    4140.0
    2859.0    4320.0
    2942.9    4500.0
    3029.4    4680.0
    3080.9    4860.0
    3129.8    5040.0
    3181.8    5220.0
    3221.5    5400.0
    3248.1    5580.0
    3275.1    5760.0
    3290.2    5940.0
    3303.3    6120.0
    3316.1    6300.0
    3327.5    6480.0
    3339.0    6660.0
    3350.5    6840.0
    3361.9    7020.0
    3373.4    7200.0
    3384.9    7380.0
    3396.4    7560.0
    3407.7    7740.0
    3418.2    7920.0
    3428.7    8100.0
    3439.2    8280.0
    3449.7    8460.0
    3460.2    8640.0
    3470.7    8820.0
    3481.0    9000.0
    3481.0    9180.0
    3486.7    9360.0
    3499.2    9540.0
    3511.7    9720.0
    3524.1    9900.0
    3536.6   10080.0
    3549.1   10260.0
    3561.6   10440.0
    3574.3   10620.0
    3587.3   10800.0
    3600.3   10980.0
    3613.3   11160.0
    3626.4   11340.0
    3639.4   11520.0
    3652.4   11700.0
    3671.4   11880.0
    3693.3   12060.0
    3715.0   12240.0
    3734.7   12420.0
    3754.5   12600.0
    3779.1   12780.0
    3815.2   12960.0
    3851.3   13140.0
    3896.8   13320.0
    3943.9   13500.0
    3991.0   13680.0
 1.0    1.47911e+04
      95.1     180.0
     166.5     360.0
     268.1     540.0
     343.3     720.0
     460.4     900.0
     621.8    1080.0
     735.7    1260.0
     820.3    1440.0
     983.9    1620.0
    1020.7    1800.0
    1161.5    1980.0
    1328.7    2160.0
    1397.4    2340.0
    1612.0    2520.0
    1704.2    2700.0
    1823.9    2880.0
    1955.0    3060.0
    2089.7    3240.0
    2183.1    3420.0
    2396.8    3600.0
    2457.1    3780.0
    2678.8    3960.0
    2783.2    4140.0
    2875.0    4320.0
    2959.4    4500.0
    3045.4    4680.0
    3098.4    4860.0
    3147.3    5040.0
    3199.5    5220.0
    3239.7    5400.0
    3266.3    5580.0
    3293.7    5760.0
    3309.6    5940.0
    3322.7    6120.0
    3335.9    6300.0
    3348.2    6480.0
    3359.7    6660.0
    3371.1    6840.0
    3382.6    7020.0
    3394.1    7200.0
    3405.5    7380.0
    3417.0    7560.0
    3428.3    7740.0
    3438.8    7920.0
    3449.3    8100.0
    3459.8    8280.0
    3470.3    8460.0
    3480.8    8640.0
    3491.2    8820.0
    3501.7    9000.0
    3502.0    9180.0
    3508.0    9360.0
    3520.5    9540.0
    3533.0    9720.0
    3545.4    9900.0
    3557.9   10080.0
    3570.4   10260.0
    3582.8   10440.0
    3595.5   10620.0
    3608.5   10800.0
    3621.5   10980.0
    3634.5   11160.0
    3647.5   11340.0
    3660.6   11520.0
    3675.2   11700.0
    3697.0   11880.0
    3718.9   12060.0
    3740.8   12240.0
    3760.7   12420.0
    3780.5   12600.0
    3807.0   12780.0
    3843.1   12960.0
    3881.5   13140.0
    3928.7   13320.0
    3975.8   13500.0
 1.0    1.60325e+04
      95.8     180.0
     168.0     360.0
     271.6     540.0
     348.0     720.0
     467.4     900.0
     630.8    1080.0
     748.7    1260.0
     833.6    1440.0
    1000.1    1620.0
    1029.5    1800.0
    1182.5    1980.0
    1342.6    2160.0
    1418.1    2340.0
    1635.7    2520.0
    1723.1    2700.0
    1850.9    2880.0
    1976.4    3060.0
    2114.0    3240.0
    2210.0    3420.0
    2418.4    3600.0
    2477.7    3780.0
    2694.5    3960.0
    2799.2    4140.0
    2891.0    4320.0
    2975.8    4500.0
    3061.4    4680.0
    3116.0    4860.0
    3164.9    5040.0
    3217.2    5220.0
    3257.8    5400.0
    3284.5    5580.0
    3312.3    5760.0
    3329.0    5940.0
    3342.1    6120.0
    3355.3    6300.0
    3368.4    6480.0
    3380.3    6660.0
    3391.8    6840.0
    3403.3    7020.0
    3414.7    7200.0
    3426.2    7380.0
    3437.7    7560.0
    3448.9    7740.0
    3459.4    7920.0
    3469.9    8100.0
    3480.4    8280.0
    3490.9    8460.0
    3501.3    8640.0
    3511.8    8820.0
    3522.3    9000.0
    3523.0    9180.0
    3529.3    9360.0
    3541.8    9540.0
    3554.3    9720.0
    3566.7    9900.0
    3579.2   10080.0
    3591.7   10260.0
    3604.1   10440.0
    3616.6   10620.0
    3629.7   10800.0
    3642.7   10980.0
    3655.7   11160.0
    3668.7   11340.0
    3681.7   11520.0
    3700.8   11700.0
    3722.7   11880.0
    3744.5   12060.0
    3766.4   12240.0
    3786.7   12420.0
    3806.5   12600.0
    3834.8   12780.0
    3870.9   12960.0
    3913.4   13140.0
    3960.6   13320.0
 1.0    1.73780e+04
      96.5     180.0
     169.5     360.0
     275.1     540.0
     352.6     720.0
     474.4     900.0
     639.7    1080.0
     760.9    1260.0
     846.9    1440.0
    1016.3    1620.0
    1041.1    1800.0
    1203.4    1980.0
    1356.6    2160.0
    1439.8    2340.0
    1659.4    2520.0
    1742.1    2700.0
    1877.8    2880.0
    1997.7    3060.0
    2138.2    3240.0
    2236.9    3420.0
    2440.0    3600.0
    2498.2    3780.0
    2710.3    3960.0
    2815.3    4140.0
    2907.0    4320.0
    2992.3    4500.0
    3077.4    4680.0
    3133.6    4860.0
    3182.4    5040.0
    3234.9    5220.0
    3276.0    5400.0
    3302.8    5580.0
    3331.0    5760.0
    3348.4    5940.0
    3361.5    6120.0
    3374.7    6300.0
    3387.8    6480.0
    3401.0    6660.0
    3412.5    6840.0
    3423.9    7020.0
    3435.4    7200.0
    3446.9    7380.0
    3458.3    7560.0
    3469.5    7740.0
    3480.0    7920.0
    3490.5    8100.0
    3501.0    8280.0
    3511.4    8460.0
    3521.9    8640.0
    3532.4    8820.0
    3542.9    9000.0
    3544.0    9180.0
    3550.6    9360.0
    3563.1    9540.0
    3575.5    9720.0
    3588.0    9900.0
    3600.5   10080.0
    3613.0   10260.0
    3625.4   10440.0
    3637.9   10620.0
    3650.8   10800.0
    3663.9   10980.0
    3676.9   11160.0
    3689.9   11340.0
    3704.5   11520.0
    3726.4   11700.0
    3748.3   11880.0
    3770.1   12060.0
    3792.0   12240.0
    3812.7   12420.0
    3832.4   12600.0
    3862.7   12780.0
    3898.8   12960.0
    3945.3   13140.0
    3992.5   13320.0
 1.0    1.88365e+04
      97.2     180.0
     171.0     360.0
     278.5     540.0
     357.2     720.0
     481.4     900.0
     648.7    1080.0
     772.6    1260.0
     860.2    1440.0
    1032.5    1620.0
    1062.8    1800.0
    1224.3    1980.0
    1370.6    2160.0
    1465.0    2340.0
    1683.2    2520.0
    1761.0    2700.0
    1904.8    2880.0
    2019.0    3060.0
    2162.5    3240.0
    2263.8    3420.0
    2461.6    3600.0
    2518.7    3780.0
    2726.1    3960.0
    2831.4    4140.0
    2923.0    4320.0
    3008.7    4500.0
    3093.4    4680.0
    3151.1    4860.0
    3200.0    5040.0
    3252.6    5220.0
    3294.2    5400.0
    3321.2    5580.0
    3349.6    5760.0
    3367.8    5940.0
    3380.9    6120.0
    3394.1    6300.0
    3407.2    6480.0
    3420.3    6660.0
    3433.1    6840.0
    3444.6    7020.0
    3456.1    7200.0
    3467.5    7380.0
    3479.0    7560.0
    3490.1    7740.0
    3500.6    7920.0
    3511.0    8100.0
    3521.5    8280.0
    3532.0    8460.0
    3542.5    8640.0
    3553.0    8820.0
    3563.5    9000.0
    3565.0    9180.0
    3571.9    9360.0
    3584.4    9540.0
    3596.8    9720.0
    3609.3    9900.0
    3621.8   10080.0
    3634.2   10260.0
    3646.7   10440.0
    3659.2   10620.0
    3672.0   10800.0
    3685.0   10980.0
    3698.1   11160.0
    3711.1   11340.0
    3730.1   11520.0
    3752.0   11700.0
    3773.9   11880.0
    3795.8   12060.0
    3817.6   12240.0
    3838.6   12420.0
    3858.4   12600.0
    3890.6   12780.0
    3930.1   12960.0
    3977.2   13140.0
 1.0    2.04174e+04
      97.9     180.0
     172.5     360.0
     282.0     540.0
     361.9     720.0
     488.3     900.0
     657.7    1080.0
     784.2    1260.0
     873.5    1440.0
    1048.7    1620.0
    1084.5    1800.0
    1245.3    1980.0
    1384.5    2160.0
    1490.2    2340.0
    1706.9    2520.0
    1781.9    2700.0
    1931.7    2880.0
    2040.3    3060.0
    2186.7    3240.0
    2290.7    3420.0
    2483.2    3600.0
    2539.2    3780.0
    2741.9    3960.0
    2847.5    4140.0
    2939.1    4320.0
    3025.2    4500.0
    3109.4    4680.0
    3168.7    4860.0
    3217.5    5040.0
    3270.3    5220.0
    3312.4    5400.0
    3339.7    5580.0
    3368.2    5760.0
    3387.2    5940.0
    3400.3    6120.0
    3413.4    6300.0
    3426.6    6480.0
    3439.7    6660.0
    3452.9    6840.0
    3465.2    7020.0
    3476.7    7200.0
    3488.2    7380.0
    3499.7    7560.0
    3510.7    7740.0
    3521.1    7920.0
    3531.6    8100.0
    3542.1    8280.0
    3552.6    8460.0
    3563.1    8640.0
    3573.6    8820.0
    3584.1    9000.0
    3586.0    9180.0
    3593.2    9360.0
    3605.7    9540.0
    3618.1    9720.0
    3630.6    9900.0
    3643.1   10080.0
    3655.5   10260.0
    3668.0   10440.0
    3680.5   10620.0
    3693.2   10800.0
    3706.2   10980.0
    3719.3   11160.0
    3733.9   11340.0
    3755.7   11520.0
    3777.6   11700.0
    3799.5   11880.0
    3821.4   12060.0
    3843.3   12240.0
    3864.6   12420.0
    3884.4   12600.0
    3918.4   12780.0
    3962.0   12960.0
 1.0    2.21310e+04
      98.6     180.0
     174.0     360.0
     285.5     540.0
     366.5     720.0
     496.0     900.0
     666.6    1080.0
     795.9    1260.0
     886.8    1440.0
    1065.0    1620.0
    1106.3    1800.0
    1266.2    1980.0
    1398.5    2160.0
    1515.4    2340.0
    1730.7    2520.0
    1805.7    2700.0
    1958.7    2880.0
    2061.6    3060.0
    2211.0    3240.0
    2317.6    3420.0
    2504.8    3600.0
    2559.7    3780.0
    2757.6    3960.0
    2863.6    4140.0
    2955.1    4320.0
    3041.6    4500.0
    3125.4    4680.0
    3186.0    4860.0
    3235.1    5040.0
    3287.9    5220.0
    3330.6    5400.0
    3358.1    5580.0
    3386.8    5760.0
    3406.3    5940.0
    3419.7    6120.0
    3432.8    6300.0
    3446.0    6480.0
    3459.1    6660.0
    3472.3    6840.0
    3485.4    7020.0
    3497.4    7200.0
    3508.8    7380.0
    3520.3    7560.0
    3531.2    7740.0
    3541.7    7920.0
    3552.2    8100.0
    3562.7    8280.0
    3573.2    8460.0
    3583.7    8640.0
    3594.2    8820.0
    3604.7    9000.0
    3607.0    9180.0
    3614.5    9360.0
    3626.9    9540.0
    3639.4    9720.0
    3651.9    9900.0
    3664.4   10080.0
    3676.8   10260.0
    3689.3   10440.0
    3701.8   10620.0
    3714.4   10800.0
    3727.4   10980.0
    3740.4   11160.0
    3759.5   11340.0
    3781.4   11520.0
    3803.2   11700.0
    3825.1   11880.0
    3847.0   12060.0
    3868.9   12240.0
    3890.6   12420.0
    3910.4   12600.0
    3946.8   12780.0
    3993.9   12960.0
 1.0    2.39883e+04
      99.5     180.0
     175.5     360.0
     289.0     540.0
     371.2     720.0
     506.3     900.0
     675.6    1080.0
     807.5    1260.0
     900.1    1440.0
    1081.2    1620.0
    1128.0    1800.0
    1287.1    1980.0
    1412.4    2160.0
    1540.6    2340.0
    1754.4    2520.0
    1829.4    2700.0
    1985.6    2880.0
    2082.9    3060.0
    2235.2    3240.0
    2344.5    3420.0
    2526.4    3600.0
    2580.3    3780.0
    2773.4    3960.0
    2879.7    4140.0
    2971.1    4320.0
    3058.1    4500.0
    3141.3    4680.0
    3203.1    4860.0
    3252.6    5040.0
    3305.6    5220.0
    3348.8    5400.0
    3376.6    5580.0
    3405.2    5760.0
    3424.9    5940.0
    3439.1    6120.0
    3452.2    6300.0
    3465.4    6480.0
    3478.5    6660.0
    3491.7    6840.0
    3504.8    7020.0
    3518.0    7200.0
    3529.5    7380.0
    3541.0    7560.0
    3551.8    7740.0
    3562.3    7920.0
    3572.8    8100.0
    3583.3    8280.0
    3593.8    8460.0
    3604.3    8640.0
    3614.8    8820.0
    3625.2    9000.0
    3628.0    9180.0
    3635.8    9360.0
    3648.2    9540.0
    3660.7    9720.0
    3673.2    9900.0
    3685.6   10080.0
    3698.1   10260.0
    3710.6   10440.0
    3723.1   10620.0
    3735.6   10800.0
    3748.6   10980.0
    3763.2   11160.0
    3785.1   11340.0
    3807.0   11520.0
    3828.8   11700.0
    3850.7   11880.0
    3872.6   12060.0
    3894.5   12240.0
    3916.4   12420.0
    3938.1   12600.0
    3978.7   12780.0
 1.0    2.60016e+04
     100.7     180.0
     177.0     360.0
     292.5     540.0
     375.8     720.0
     516.6     900.0
     684.6    1080.0
     819.2    1260.0
     913.5    1440.0
    1097.4    1620.0
    1149.7    1800.0
    1309.0    1980.0
    1426.4    2160.0
    1565.7    2340.0
    1778.1    2520.0
    1853.2    2700.0
    2012.5    2880.0
    2104.2    3060.0
    2259.5    3240.0
    2371.4    3420.0
    2548.0    3600.0
    2600.8    3780.0
    2789.2    3960.0
    2895.7    4140.0
    2987.1    4320.0
    3074.5    4500.0
    3157.3    4680.0
    3220.2    4860.0
    3270.2    5040.0
    3323.3    5220.0
    3367.0    5400.0
    3395.1    5580.0
    3423.7    5760.0
    3443.6    5940.0
    3458.5    6120.0
    3471.6    6300.0
    3484.8    6480.0
    3497.9    6660.0
    3511.1    6840.0
    3524.2    7020.0
    3537.4    7200.0
    3550.2    7380.0
    3561.6    7560.0
    3572.4    7740.0
    3582.9    7920.0
    3593.4    8100.0
    3603.9    8280.0
    3614.4    8460.0
    3624.9    8640.0
    3635.3    8820.0
    3645.8    9000.0
    3649.0    9180.0
    3657.1    9360.0
    3669.5    9540.0
    3682.0    9720.0
    3694.5    9900.0
    3706.9   10080.0
    3719.4   10260.0
    3731.9   10440.0
    3744.3   10620.0
    3756.8   10800.0
    3769.8   10980.0
    3788.8   11160.0
    3810.7   11340.0
    3832.6   11520.0
    3854.5   11700.0
    3876.3   11880.0
    3898.2   12060.0
    3920.1   12240.0
    3942.0   12420.0
    3965.9   12600.0
 1.0    2.81838e+04
     101.9     180.0
     178.5     360.0
     296.0     540.0
     380.4     720.0
     526.9     900.0
     693.6    1080.0
     830.8    1260.0
     926.8    1440.0
    1113.6    1620.0
    1171.4    1800.0
    1335.3    1980.0
    1440.4    2160.0
    1590.9    2340.0
    1801.9    2520.0
    1876.9    2700.0
    2039.5    2880.0
    2125.5    3060.0
    2283.8    3240.0
    2398.3    3420.0
    2569.6    3600.0
    2621.3    3780.0
    2805.0    3960.0
    2911.8    4140.0
    3003.1    4320.0
    3091.0    4500.0
    3173.3    4680.0
    3237.2    4860.0
    3287.8    5040.0
    3341.0    5220.0
    3385.0    5400.0
    3413.5    5580.0
    3442.1    5760.0
    3462.2    5940.0
    3477.9    6120.0
    3491.0    6300.0
    3504.2    6480.0
    3517.3    6660.0
    3530.5    6840.0
    3543.6    7020.0
    3556.7    7200.0
    3569.9    7380.0
    3582.3    7560.0
    3593.0    7740.0
    3603.5    7920.0
    3614.0    8100.0
    3624.5    8280.0
    3635.0    8460.0
    3645.4    8640.0
    3655.9    8820.0
    3666.4    9000.0
    3670.0    9180.0
    3678.4    9360.0
    3690.8    9540.0
    3703.3    9720.0
    3715.8    9900.0
    3728.2   10080.0
    3740.7   10260.0
    3753.2   10440.0
    3765.6   10620.0
    3778.1   10800.0
    3792.6   10980.0
    3814.4   11160.0
    3836.3   11340.0
    3858.2   11520.0
    3880.1   11700.0
    3902.0   11880.0
    3923.8   12060.0
    3945.7   12240.0
    3967.6   12420.0
    3995.3   12600.0
 1.0    3.05492e+04
     103.0     180.0
     179.9     360.0
     299.5     540.0
     385.1     720.0
     537.2     900.0
     702.5    1080.0
     842.5    1260.0
     940.1    1440.0
    1129.8    1620.0
    1193.2    1800.0
    1361.7    1980.0
    1454.3    2160.0
    1616.1    2340.0
    1825.6    2520.0
    1900.7    2700.0
    2066.4    2880.0
    2146.8    3060.0
    2308.0    3240.0
    2425.2    3420.0
    2591.2    3600.0
    2641.8    3780.0
    2820.8    3960.0
    2927.9    4140.0
    3019.2    4320.0
    3107.4    4500.0
    3189.3    4680.0
    3254.3    4860.0
    3305.3    5040.0
    3358.7    5220.0
    3402.7    5400.0
    3432.0    5580.0
    3460.6    5760.0
    3480.8    5940.0
    3497.3    6120.0
    3510.4    6300.0
    3523.6    6480.0
    3536.7    6660.0
    3549.9    6840.0
    3563.0    7020.0
    3576.1    7200.0
    3589.3    7380.0
    3602.4    7560.0
    3613.6    7740.0
    3624.1    7920.0
    3634.6    8100.0
    3645.0    8280.0
    3655.5    8460.0
    3666.0    8640.0
    3676.5    8820.0
    3687.0    9000.0
    3691.0    9180.0
    3699.6    9360.0
    3712.1    9540.0
    3724.6    9720.0
    3737.0    9900.0
    3749.5   10080.0
    3762.0   10260.0
    3774.5   10440.0
    3786.9   10620.0
    3799.4   10800.0
    3818.5   10980.0
    3840.4   11160.0
    3862.3   11340.0
    3884.2   11520.0
    3906.1   11700.0
    3927.9   11880.0
    3949.8   12060.0
    3971.7   12240.0
    3993.6   12420.0
 1.0    3.31131e+04
     104.2     180.0
     181.4     360.0
     303.0     540.0
     389.7     720.0
     547.5     900.0
     711.5    1080.0
     854.2    1260.0
     953.4    1440.0
    1146.0    1620.0
    1214.9    1800.0
    1388.0    1980.0
    1468.3    2160.0
    1641.3    2340.0
    1849.3    2520.0
    1924.4    2700.0
    2093.4    2880.0
    2168.1    3060.0
    2332.3    3240.0
    2452.1    3420.0
    2612.8    3600.0
    2662.4    3780.0
    2836.5    3960.0
    2944.0    4140.0
    3035.2    4320.0
    3123.9    4500.0
    3205.3    4680.0
    3271.4    4860.0
    3322.9    5040.0
    3376.4    5220.0
    3419.8    5400.0
    3450.4    5580.0
    3479.0    5760.0
    3499.4    5940.0
    3516.7    6120.0
    3529.8    6300.0
    3543.0    6480.0
    3556.1    6660.0
    3569.2    6840.0
    3582.4    7020.0
    3595.5    7200.0
    3608.7    7380.0
    3620.8    7560.0
    3634.2    7740.0
    3644.7    7920.0
    3655.1    8100.0
    3665.6    8280.0
    3676.1    8460.0
    3686.6    8640.0
    3697.1    8820.0
    3707.6    9000.0
    3712.0    9180.0
    3720.9    9360.0
    3733.4    9540.0
    3745.9    9720.0
    3758.3    9900.0
    3770.8   10080.0
    3783.3   10260.0
    3795.7   10440.0
    3808.2   10620.0
    3823.9   10800.0
    3845.8   10980.0
    3867.7   11160.0
    3889.6   11340.0
    3911.4   11520.0
    3933.3   11700.0
    3955.2   11880.0
    3977.1   12060.0
    3998.9   12240.0
 1.0    3.58922e+04
     105.4     180.0
     182.9     360.0
     306.5     540.0
     394.4     720.0
     557.7     900.0
     720.5    1080.0
     865.8    1260.0
     966.7    1440.0
    1162.2    1620.0
    1236.6    1800.0
    1414.3    1980.0
    1485.8    2160.0
    1666.5    2340.0
    1873.1    2520.0
    1948.2    2700.0
    2120.3    2880.0
    2189.5    3060.0
    2356.5    3240.0
    2479.0    3420.0
    2631.2    3600.0
    2682.9    3780.0
    2852.3    3960.0
    2960.1    4140.0
    3051.2    4320.0
    3140.3    4500.0
    3221.3    4680.0
    3288.5    4860.0
    3340.4    5040.0
    3394.0    5220.0
    3437.0    5400.0
    3468.9    5580.0
    3497.5    5760.0
    3518.0    5940.0
    3536.1    6120.0
    3549.2    6300.0
    3562.3    6480.0
    3575.5    6660.0
    3588.6    6840.0
    3601.8    7020.0
    3614.9    7200.0
    3628.1    7380.0
    3639.4    7560.0
    3653.2    7740.0
    3665.2    7920.0
    3675.7    8100.0
    3686.2    8280.0
    3696.7    8460.0
    3707.2    8640.0
    3717.7    8820.0
    3728.2    9000.0
    3733.0    9180.0
    3742.2    9360.0
    3754.7    9540.0
    3767.2    9720.0
    3779.6    9900.0
    3792.1   10080.0
    3804.6   10260.0
    3817.0   10440.0
    3829.5   10620.0
    3851.2   10800.0
    3873.1   10980.0
    3894.9   11160.0
    3916.8   11340.0
    3938.7   11520.0
    3960.6   11700.0
    3982.4   11880.0
 1.0    3.89045e+04
     106.6     180.0
     184.4     360.0
     310.0     540.0
     399.0     720.0
     567.4     900.0
     729.4    1080.0
     877.5    1260.0
     980.0    1440.0
    1178.4    1620.0
    1258.4    1800.0
    1440.7    1980.0
    1512.9    2160.0
    1691.7    2340.0
    1896.8    2520.0
    1972.0    2700.0
    2147.2    2880.0
    2210.8    3060.0
    2380.8    3240.0
    2505.9    3420.0
    2647.3    3600.0
    2703.4    3780.0
    2868.1    3960.0
    2976.2    4140.0
    3067.2    4320.0
    3156.8    4500.0
    3237.3    4680.0
    3305.5    4860.0
    3358.0    5040.0
    3411.7    5220.0
    3454.1    5400.0
    3487.3    5580.0
    3515.9    5760.0
    3536.6    5940.0
    3555.5    6120.0
    3568.6    6300.0
    3581.7    6480.0
    3594.9    6660.0
    3608.0    6840.0
    3621.2    7020.0
    3634.3    7200.0
    3644.8    7380.0
    3658.0    7560.0
    3671.8    7740.0
    3685.7    7920.0
    3696.3    8100.0
    3706.8    8280.0
    3717.3    8460.0
    3727.8    8640.0
    3738.3    8820.0
    3748.8    9000.0
    3754.0    9180.0
    3763.5    9360.0
    3776.0    9540.0
    3788.5    9720.0
    3800.9    9900.0
    3813.4   10080.0
    3825.9   10260.0
    3838.3   10440.0
    3856.6   10620.0
    3878.4   10800.0
    3900.3   10980.0
    3922.2   11160.0
    3944.1   11340.0
    3965.9   11520.0
    3987.8   11700.0
 1.0    4.21696e+04
     107.7     180.0
     185.9     360.0
     313.5     540.0
     403.6     720.0
     577.1     900.0
     738.4    1080.0
     889.1    1260.0
     993.3    1440.0
    1194.6    1620.0
    1280.1    1800.0
    1467.0    1980.0
    1542.2    2160.0
    1716.9    2340.0
    1920.6    2520.0
    1995.7    2700.0
    2174.2    2880.0
    2232.1    3060.0
    2405.0    3240.0
    2532.8    3420.0
    2663.5    3600.0
    2723.9    3780.0
    2883.8    3960.0
    2992.2    4140.0
    3083.1    4320.0
    3173.2    4500.0
    3253.3    4680.0
    3322.6    4860.0
    3375.5    5040.0
    3429.4    5220.0
    3471.3    5400.0
    3505.8    5580.0
    3534.4    5760.0
    3555.2    5940.0
    3574.8    6120.0
    3588.0    6300.0
    3601.1    6480.0
    3614.3    6660.0
    3627.4    6840.0
    3640.6    7020.0
    3653.7    7200.0
    3662.9    7380.0
    3676.7    7560.0
    3690.5    7740.0
    3704.3    7920.0
    3716.9    8100.0
    3727.4    8280.0
    3737.9    8460.0
    3748.4    8640.0
    3758.9    8820.0
    3769.3    9000.0
    3775.0    9180.0
    3784.8    9360.0
    3797.3    9540.0
    3809.7    9720.0
    3822.2    9900.0
    3834.7   10080.0
    3847.2   10260.0
    3861.9   10440.0
    3883.8   10620.0
    3905.7   10800.0
    3927.6   10980.0
    3949.4   11160.0
    3971.3   11340.0
    3993.2   11520.0
 1.0    4.57088e+04
     108.9     180.0
     187.4     360.0
     316.9     540.0
     408.3     720.0
     586.8     900.0
     750.4    1080.0
     900.8    1260.0
    1006.7    1440.0
    1210.8    1620.0
    1301.8    1800.0
    1493.3    1980.0
    1571.6    2160.0
    1742.1    2340.0
    1944.3    2520.0
    2019.5    2700.0
    2201.1    2880.0
    2253.4    3060.0
    2429.3    3240.0
    2556.8    3420.0
    2679.6    3600.0
    2744.4    3780.0
    2899.5    3960.0
    3008.3    4140.0
    3099.1    4320.0
    3189.7    4500.0
    3269.2    4680.0
    3339.7    4860.0
    3393.1    5040.0
    3447.1    5220.0
    3488.4    5400.0
    3524.2    5580.0
    3552.8    5760.0
    3573.8    5940.0
    3593.4    6120.0
    3607.4    6300.0
    3620.5    6480.0
    3633.7    6660.0
    3646.8    6840.0
    3660.0    7020.0
    3671.2    7200.0
    3681.5    7380.0
    3695.3    7560.0
    3709.1    7740.0
    3722.9    7920.0
    3736.7    8100.0
    3748.0    8280.0
    3758.5    8460.0
    3769.0    8640.0
    3779.4    8820.0
    3789.9    9000.0
    3796.0    9180.0
    3806.1    9360.0
    3818.6    9540.0
    3831.0    9720.0
    3843.5    9900.0
    3856.0   10080.0
    3868.4   10260.0
    3889.2   10440.0
    3911.1   10620.0
    3932.9   10800.0
    3954.8   10980.0
    3976.7   11160.0
    3998.6   11340.0
 1.0    4.95450e+04
     110.1     180.0
     188.9     360.0
     320.4     540.0
     412.9     720.0
     596.5     900.0
     764.2    1080.0
     912.4    1260.0
    1020.0    1440.0
    1227.0    1620.0
    1323.5    1800.0
    1519.7    1980.0
    1601.0    2160.0
    1767.3    2340.0
    1968.0    2520.0
    2043.2    2700.0
    2228.1    2880.0
    2274.7    3060.0
    2453.5    3240.0
    2573.6    3420.0
    2695.7    3600.0
    2765.0    3780.0
    2915.2    3960.0
    3024.4    4140.0
    3115.0    4320.0
    3206.1    4500.0
    3285.2    4680.0
    3356.8    4860.0
    3410.7    5040.0
    3464.8    5220.0
    3505.6    5400.0
    3542.7    5580.0
    3571.3    5760.0
    3592.5    5940.0
    3612.0    6120.0
    3626.8    6300.0
    3639.9    6480.0
    3653.1    6660.0
    3666.2    6840.0
    3679.4    7020.0
    3686.8    7200.0
    3700.1    7380.0
    3713.9    7560.0
    3727.7    7740.0
    3741.5    7920.0
    3755.3    8100.0
    3768.6    8280.0
    3779.0    8460.0
    3789.5    8640.0
    3800.0    8820.0
    3810.5    9000.0
    3817.0    9180.0
    3827.4    9360.0
    3839.9    9540.0
    3852.3    9720.0
    3864.8    9900.0
    3877.3   10080.0
    3894.6   10260.0
    3916.4   10440.0
    3938.3   10620.0
    3960.2   10800.0
    3982.1   10980.0
 1.0    5.37032e+04
     111.1     180.0
     190.4     360.0
     323.9     540.0
     417.5     720.0
     606.2     900.0
     778.0    1080.0
     924.1    1260.0
    1033.3    1440.0
    1243.2    1620.0
    1345.3    1800.0
    1546.0    1980.0
    1630.3    2160.0
    1794.8    2340.0
    1993.9    2520.0
    2067.0    2700.0
    2255.0    2880.0
    2296.0    3060.0
    2477.8    3240.0
    2590.4    3420.0
    2711.9    3600.0
    2785.5    3780.0
    2930.8    3960.0
    3040.5    4140.0
    3131.0    4320.0
    3222.6    4500.0
    3301.0    4680.0
    3373.8    4860.0
    3428.2    5040.0
    3482.5    5220.0
    3522.7    5400.0
    3561.1    5580.0
    3589.7    5760.0
    3611.1    5940.0
    3630.6    6120.0
    3646.2    6300.0
    3659.3    6480.0
    3672.5    6660.0
    3685.6    6840.0
    3697.5    7020.0
    3704.9    7200.0
    3718.7    7380.0
    3732.5    7560.0
    3746.4    7740.0
    3760.2    7920.0
    3774.0    8100.0
    3787.8    8280.0
    3799.6    8460.0
    3810.1    8640.0
    3820.6    8820.0
    3831.1    9000.0
    3838.0    9180.0
    3848.7    9360.0
    3861.1    9540.0
    3873.6    9720.0
    3886.1    9900.0
    3899.9   10080.0
    3921.8   10260.0
    3943.7   10440.0
    3965.6   10620.0
    3987.4   10800.0
 1.0    5.82104e+04
     112.1     180.0
     191.9     360.0
     327.4     540.0
     422.2     720.0
     615.9     900.0
     791.8    1080.0
     935.7    1260.0
    1063.9    1440.0
    1259.5    1620.0
    1367.0    1800.0
    1572.4    1980.0
    1659.7    2160.0
    1823.7    2340.0
    2021.5    2520.0
    2090.7    2700.0
    2281.9    2880.0
    2319.1    3060.0
    2502.1    3240.0
    2607.2    3420.0
    2728.0    3600.0
    2806.0    3780.0
    2946.5    3960.0
    3056.6    4140.0
    3146.9    4320.0
    3239.0    4500.0
    3317.4    4680.0
    3390.9    4860.0
    3445.8    5040.0
    3500.1    5220.0
    3539.9    5400.0
    3579.6    5580.0
    3608.2    5760.0
    3629.7    5940.0
    3649.2    6120.0
    3665.6    6300.0
    3678.7    6480.0
    3691.9    6660.0
    3705.0    6840.0
    3713.2    7020.0
    3723.6    7200.0
    3737.4    7380.0
    3751.2    7560.0
    3765.0    7740.0
    3778.8    7920.0
    3792.6    8100.0
    3806.4    8280.0
    3820.2    8460.0
    3830.7    8640.0
    3841.2    8820.0
    3851.7    9000.0
    3859.0    9180.0
    3870.0    9360.0
    3882.4    9540.0
    3894.9    9720.0
    3907.4    9900.0
    3927.2   10080.0
    3949.1   10260.0
    3970.9   10440.0
    3992.8   10620.0
 1.0    6.30958e+04
     113.0     180.0
     193.3     360.0
     330.9     540.0
     426.8     720.0
     625.6     900.0
     805.6    1080.0
     947.4    1260.0
    1095.7    1440.0
    1275.7    1620.0
    1388.7    1800.0
    1598.7    1980.0
    1689.0    2160.0
    1852.7    2340.0
    2049.2    2520.0
    2114.5    2700.0
    2308.9    2880.0
    2347.7    3060.0
    2524.6    3240.0
    2624.0    3420.0
    2744.2    3600.0
    2826.5    3780.0
    2962.2    3960.0
    3072.7    4140.0
    3162.8    4320.0
    3255.5    4500.0
    3333.9    4680.0
    3408.0    4860.0
    3463.3    5040.0
    3517.8    5220.0
    3557.0    5400.0
    3598.0    5580.0
    3626.6    5760.0
    3648.3    5940.0
    3667.8    6120.0
    3685.0    6300.0
    3698.1    6480.0
    3711.2    6660.0
    3723.8    6840.0
    3728.9    7020.0
    3742.2    7200.0
    3756.0    7380.0
    3769.8    7560.0
    3783.6    7740.0
    3797.4    7920.0
    3811.2    8100.0
    3825.0    8280.0
    3838.8    8460.0
    3851.3    8640.0
    3861.8    8820.0
    3872.3    9000.0
    3880.0    9180.0
    3891.3    9360.0
    3903.7    9540.0
    3916.2    9720.0
    3932.6    9900.0
    3954.4   10080.0
    3976.3   10260.0
    3998.2   10440.0
 1.0    6.83912e+04
     114.0     180.0
     194.8     360.0
     334.4     540.0
     431.5     720.0
     635.3     900.0
     819.4    1080.0
     959.1    1260.0
    1127.4    1440.0
    1291.9    1620.0
    1410.4    1800.0
    1625.0    1980.0
    1718.4    2160.0
    1881.6    2340.0
    2076.8    2520.0
    2138.3    2700.0
    2335.8    2880.0
    2376.3    3060.0
    2542.0    3240.0
    2640.7    3420.0
    2760.3    3600.0
    2847.1    3780.0
    2977.9    3960.0
    3088.5    4140.0
    3178.8    4320.0
    3271.9    4500.0
    3350.3    4680.0
    3425.0    4860.0
    3480.9    5040.0
    3535.5    5220.0
    3574.2    5400.0
    3616.5    5580.0
    3645.1    5760.0
    3666.9    5940.0
    3686.4    6120.0
    3704.4    6300.0
    3717.5    6480.0
    3730.6    6660.0
    3739.5    6840.0
    3747.0    7020.0
    3760.8    7200.0
    3774.6    7380.0
    3788.4    7560.0
    3802.2    7740.0
    3816.0    7920.0
    3829.8    8100.0
    3843.7    8280.0
    3857.5    8460.0
    3871.3    8640.0
    3882.4    8820.0
    3892.8    9000.0
    3901.0    9180.0
    3912.5    9360.0
    3925.0    9540.0
    3937.9    9720.0
    3959.8    9900.0
    3981.7   10080.0
 1.0    7.41310e+04
     115.0     180.0
     196.3     360.0
     337.9     540.0
     436.1     720.0
     645.0     900.0
     833.2    1080.0
     970.7    1260.0
    1159.2    1440.0
    1308.2    1620.0
    1432.2    1800.0
    1651.4    1980.0
    1747.7    2160.0
    1910.6    2340.0
    2104.4    2520.0
    2162.0    2700.0
    2354.9    2880.0
    2404.9    3060.0
    2559.4    3240.0
    2657.5    3420.0
    2776.5    3600.0
    2867.6    3780.0
    2993.6    3960.0
    3103.7    4140.0
    3194.7    4320.0
    3288.3    4500.0
    3366.7    4680.0
    3442.1    4860.0
    3498.4    5040.0
    3551.9    5220.0
    3591.4    5400.0
    3634.5    5580.0
    3663.5    5760.0
    3685.5    5940.0
    3705.1    6120.0
    3723.7    6300.0
    3736.9    6480.0
    3750.0    6660.0
    3755.2    6840.0
    3765.6    7020.0
    3779.4    7200.0
    3793.2    7380.0
    3807.1    7560.0
    3820.9    7740.0
    3834.7    7920.0
    3848.5    8100.0
    3862.3    8280.0
    3876.1    8460.0
    3889.9    8640.0
    3902.9    8820.0
    3913.4    9000.0
    3922.0    9180.0
    3933.8    9360.0
    3946.3    9540.0
    3965.2    9720.0
    3987.1    9900.0
 1.0    8.03526e+04
     116.0     180.0
     197.8     360.0
     341.4     540.0
     440.7     720.0
     654.6     900.0
     847.0    1080.0
     982.4    1260.0
    1184.7    1440.0
    1331.7    1620.0
    1453.9    1800.0
    1677.7    1980.0
    1777.1    2160.0
    1939.5    2340.0
    2132.0    2520.0
    2185.8    2700.0
    2373.3    2880.0
    2433.4    3060.0
    2576.9    3240.0
    2674.3    3420.0
    2792.6    3600.0
    2888.1    3780.0
    3009.3    3960.0
    3118.8    4140.0
    3210.6    4320.0
    3304.8    4500.0
    3383.2    4680.0
    3459.2    4860.0
    3516.0    5040.0
    3567.8    5220.0
    3608.5    5400.0
    3651.7    5580.0
    3682.0    5760.0
    3704.1    5940.0
    3723.7    6120.0
    3743.1    6300.0
    3756.3    6480.0
    3765.9    6660.0
    3770.9    6840.0
    3784.3    7020.0
    3798.1    7200.0
    3811.9    7380.0
    3825.7    7560.0
    3839.5    7740.0
    3853.3    7920.0
    3867.1    8100.0
    3880.9    8280.0
    3894.7    8460.0
    3908.5    8640.0
    3922.3    8820.0
    3934.0    9000.0
    3943.0    9180.0
    3955.1    9360.0
    3970.6    9540.0
    3992.4    9720.0
 1.0    8.70963e+04
     116.9     180.0
     199.3     360.0
     344.9     540.0
     445.7     720.0
     664.3     900.0
     860.8    1080.0
     994.0    1260.0
    1202.3    1440.0
    1355.1    1620.0
    1475.6    1800.0
    1704.0    1980.0
    1806.5    2160.0
    1968.4    2340.0
    2159.7    2520.0
    2209.5    2700.0
    2391.7    2880.0
    2462.0    3060.0
    2594.3    3240.0
    2691.1    3420.0
    2808.7    3600.0
    2908.6    3780.0
    3025.0    3960.0
    3133.9    4140.0
    3226.6    4320.0
    3321.2    4500.0
    3399.6    4680.0
    3476.0    4860.0
    3533.6    5040.0
    3583.6    5220.0
    3625.7    5400.0
    3668.8    5580.0
    3700.4    5760.0
    3722.7    5940.0
    3742.3    6120.0
    3761.8    6300.0
    3775.7    6480.0
    3781.6    6660.0
    3789.1    6840.0
    3802.9    7020.0
    3816.7    7200.0
    3830.5    7380.0
    3844.3    7560.0
    3858.1    7740.0
    3871.9    7920.0
    3885.7    8100.0
    3899.5    8280.0
    3913.3    8460.0
    3927.1    8640.0
    3941.0    8820.0
    3954.6    9000.0
    3964.0    9180.0
    3976.4    9360.0
    3997.8    9540.0
 1.0    9.44062e+04
     117.9     180.0
     201.0     360.0
     348.4     540.0
     455.8     720.0
     674.0     900.0
     874.6    1080.0
    1005.7    1260.0
    1219.8    1440.0
    1378.5    1620.0
    1497.3    1800.0
    1730.4    1980.0
    1835.8    2160.0
    1997.4    2340.0
    2187.3    2520.0
    2233.3    2700.0
    2410.1    2880.0
    2490.6    3060.0
    2611.8    3240.0
    2707.9    3420.0
    2824.9    3600.0
    2926.4    3780.0
    3040.7    3960.0
    3149.1    4140.0
    3242.5    4320.0
    3337.7    4500.0
    3416.0    4680.0
    3492.5    4860.0
    3551.1    5040.0
    3599.7    5220.0
    3642.8    5400.0
    3686.0    5580.0
    3718.9    5760.0
    3741.3    5940.0
    3760.9    6120.0
    3780.4    6300.0
    3792.2    6480.0
    3797.2    6660.0
    3807.7    6840.0
    3821.5    7020.0
    3835.3    7200.0
    3849.1    7380.0
    3862.9    7560.0
    3876.7    7740.0
    3890.5    7920.0
    3904.4    8100.0
    3918.2    8280.0
    3932.0    8460.0
    3945.8    8640.0
    3959.6    8820.0
    3973.4    9000.0
    3985.2    9180.0
 1.0    1.02329e+05
     118.9     180.0
     202.9     360.0
     351.8     540.0
     465.8     720.0
     683.7     900.0
     888.4    1080.0
    1018.8    1260.0
    1237.4    1440.0
    1401.9    1620.0
    1519.1    1800.0
    1756.7    1980.0
    1865.2    2160.0
    2026.3    2340.0
    2214.9    2520.0
    2257.0    2700.0
    2428.6    2880.0
    2519.2    3060.0
    2629.2    3240.0
    2724.6    3420.0
    2841.0    3600.0
    2943.0    3780.0
    3056.4    3960.0
    3164.2    4140.0
    3258.4    4320.0
    3354.1    4500.0
    3432.5    4680.0
    3508.9    4860.0
    3568.7    5040.0
    3616.8    5220.0
    3660.0    5400.0
    3703.1    5580.0
    3737.3    5760.0
    3760.0    5940.0
    3779.5    6120.0
    3799.0    6300.0
    3807.9    6480.0
    3812.9    6660.0
    3826.3    6840.0
    3840.1    7020.0
    3853.9    7200.0
    3867.8    7380.0
    3881.6    7560.0
    3895.4    7740.0
    3909.2    7920.0
    3923.0    8100.0
    3936.8    8280.0
    3950.6    8460.0
    3964.4    8640.0
    3978.2    8820.0
    3992.0    9000.0
 1.0    1.10918e+05
     119.9     180.0
     205.9     360.0
     355.3     540.0
     475.9     720.0
     693.4     900.0
     902.2    1080.0
    1035.5    1260.0
    1255.0    1440.0
    1423.9    1620.0
    1540.8    1800.0
    1783.0    1980.0
    1894.5    2160.0
    2060.9    2340.0
    2242.5    2520.0
    2280.8    2700.0
    2447.0    2880.0
    2538.3    3060.0
    2646.7    3240.0
    2741.4    3420.0
    2857.2    3600.0
    2959.5    3780.0
    3072.0    3960.0
    3179.4    4140.0
    3274.4    4320.0
    3370.6    4500.0
    3448.9    4680.0
    3525.3    4860.0
    3586.2    5040.0
    3634.0    5220.0
    3677.1    5400.0
    3720.3    5580.0
    3755.8    5760.0
    3778.6    5940.0
    3798.1    6120.0
    3817.7    6300.0
    3823.6    6480.0
    3831.2    6660.0
    3845.0    6840.0
    3858.8    7020.0
    3872.6    7200.0
    3886.4    7380.0
    3900.2    7560.0
    3914.0    7740.0
    3927.8    7920.0
    3941.6    8100.0
    3955.4    8280.0
    3969.2    8460.0
    3983.0    8640.0
    3996.8    8820.0
 1.0    1.20226e+05
     120.8     180.0
     209.0     360.0
     358.8     540.0
     485.9     720.0
     703.1     900.0
     916.0    1080.0
    1052.2    1260.0
    1272.5    1440.0
    1445.3    1620.0
    1566.0    1800.0
    1809.4    1980.0
    1923.9    2160.0
    2095.5    2340.0
    2270.2    2520.0
    2304.6    2700.0
    2465.5    2880.0
    2556.7    3060.0
    2664.1    3240.0
    2758.7    3420.0
    2873.3    3600.0
    2976.1    3780.0
    3087.7    3960.0
    3194.5    4140.0
    3290.3    4320.0
    3387.0    4500.0
    3465.4    4680.0
    3541.8    4860.0
    3603.8    5040.0
    3651.1    5220.0
    3694.3    5400.0
    3737.5    5580.0
    3774.3    5760.0
    3797.2    5940.0
    3816.7    6120.0
    3834.2    6300.0
    3839.3    6480.0
    3849.8    6660.0
    3863.6    6840.0
    3877.4    7020.0
    3891.2    7200.0
    3905.0    7380.0
    3918.8    7560.0
    3932.6    7740.0
    3946.4    7920.0
    3960.2    8100.0
    3974.0    8280.0
    3987.8    8460.0
 1.0    1.30317e+05
     121.8     180.0
     212.2     360.0
     362.3     540.0
     496.0     720.0
     712.8     900.0
     929.8    1080.0
    1069.0    1260.0
    1290.1    1440.0
    1466.7    1620.0
    1594.5    1800.0
    1835.7    1980.0
    1953.2    2160.0
    2130.1    2340.0
    2297.8    2520.0
    2328.3    2700.0
    2484.4    2880.0
    2575.1    3060.0
    2681.3    3240.0
    2776.2    3420.0
    2889.5    3600.0
    2992.7    3780.0
    3103.4    3960.0
    3209.6    4140.0
    3306.2    4320.0
    3403.4    4500.0
    3481.8    4680.0
    3558.2    4860.0
    3621.3    5040.0
    3668.3    5220.0
    3711.5    5400.0
    3754.6    5580.0
    3792.7    5760.0
    3815.8    5940.0
    3835.3    6120.0
    3849.9    6300.0
    3855.0    6480.0
    3868.4    6660.0
    3882.2    6840.0
    3896.0    7020.0
    3909.8    7200.0
    3923.6    7380.0
    3937.4    7560.0
    3951.2    7740.0
    3965.1    7920.0
    3978.9    8100.0
    3992.7    8280.0
 1.0    1.41254e+05
     122.8     180.0
     215.3     360.0
     365.8     540.0
     506.0     720.0
     722.5     900.0
     943.6    1080.0
    1085.7    1260.0
    1307.6    1440.0
    1488.2    1620.0
    1622.9    1800.0
    1862.0    1980.0
    1984.7    2160.0
    2164.7    2340.0
    2323.8    2520.0
    2352.1    2700.0
    2503.3    2880.0
    2593.6    3060.0
    2698.6    3240.0
    2793.6    3420.0
    2905.6    3600.0
    3009.2    3780.0
    3119.1    3960.0
    3224.8    4140.0
    3322.2    4320.0
    3419.4    4500.0
    3498.2    4680.0
    3574.6    4860.0
    3638.9    5040.0
    3685.4    5220.0
    3728.6    5400.0
    3771.8    5580.0
    3811.2    5760.0
    3834.4    5940.0
    3853.9    6120.0
    3865.6    6300.0
    3873.2    6480.0
    3887.0    6660.0
    3900.8    6840.0
    3914.6    7020.0
    3928.5    7200.0
    3942.3    7380.0
    3956.1    7560.0
    3969.9    7740.0
    3983.7    7920.0
    3997.5    8100.0
 1.0    1.53109e+05
     123.8     180.0
     218.5     360.0
     369.3     540.0
     516.1     720.0
     732.2     900.0
     957.4    1080.0
    1102.4    1260.0
    1325.2    1440.0
    1509.6    1620.0
    1651.4    1800.0
    1888.4    1980.0
    2019.3    2160.0
    2199.3    2340.0
    2343.5    2520.0
    2375.8    2700.0
    2522.2    2880.0
    2612.0    3060.0
    2715.9    3240.0
    2811.1    3420.0
    2921.7    3600.0
    3025.8    3780.0
    3134.8    3960.0
    3240.2    4140.0
    3338.1    4320.0
    3435.4    4500.0
    3514.7    4680.0
    3591.1    4860.0
    3656.5    5040.0
    3702.6    5220.0
    3745.8    5400.0
    3788.9    5580.0
    3829.6    5760.0
    3853.0    5940.0
    3872.6    6120.0
    3881.3    6300.0
    3891.9    6480.0
    3905.7    6660.0
    3919.5    6840.0
    3933.3    7020.0
    3947.1    7200.0
    3960.9    7380.0
    3974.7    7560.0
    3988.5    7740.0
 1.0    1.65959e+05
     124.8     180.0
     221.6     360.0
     372.8     540.0
     526.1     720.0
     741.9     900.0
     971.2    1080.0
    1119.1    1260.0
    1342.7    1440.0
    1531.0    1620.0
    1679.8    1800.0
    1914.7    1980.0
    2053.9    2160.0
    2233.9    2340.0
    2363.2    2520.0
    2399.6    2700.0
    2541.2    2880.0
    2630.4    3060.0
    2733.1    3240.0
    2828.5    3420.0
    2937.9    3600.0
    3042.1    3780.0
    3150.5    3960.0
    3256.0    4140.0
    3354.1    4320.0
    3451.5    4500.0
    3531.1    4680.0
    3607.5    4860.0
    3674.0    5040.0
    3719.8    5220.0
    3762.9    5400.0
    3806.1    5580.0
    3848.1    5760.0
    3871.6    5940.0
    3891.2    6120.0
    3897.0    6300.0
    3910.5    6480.0
    3924.3    6660.0
    3938.1    6840.0
    3951.9    7020.0
    3965.7    7200.0
    3979.5    7380.0
    3993.3    7560.0
 1.0    1.79887e+05
     125.8     180.0
     224.7     360.0
     376.3     540.0
     536.1     720.0
     751.6     900.0
     985.0    1080.0
    1135.8    1260.0
    1360.3    1440.0
    1552.5    1620.0
    1708.2    1800.0
    1941.1    1980.0
    2088.4    2160.0
    2268.5    2340.0
    2382.8    2520.0
    2423.3    2700.0
    2560.1    2880.0
    2648.8    3060.0
    2750.4    3240.0
    2846.0    3420.0
    2954.0    3600.0
    3058.2    3780.0
    3166.2    3960.0
    3271.8    4140.0
    3370.0    4320.0
    3467.5    4500.0
    3547.5    4680.0
    3623.9    4860.0
    3691.6    5040.0
    3736.9    5220.0
    3780.1    5400.0
    3823.2    5580.0
    3866.4    5760.0
    3890.2    5940.0
    3907.6    6120.0
    3915.3    6300.0
    3929.1    6480.0
    3942.9    6660.0
    3956.7    6840.0
    3970.5    7020.0
    3984.3    7200.0
    3998.1    7380.0
 1.0    1.94984e+05
     126.9     180.0
     227.9     360.0
     379.8     540.0
     546.2     720.0
     764.1     900.0
     998.8    1080.0
    1153.9    1260.0
    1380.5    1440.0
    1573.9    1620.0
    1736.7    1800.0
    1967.4    1980.0
    2123.0    2160.0
    2303.1    2340.0
    2402.5    2520.0
    2448.1    2700.0
    2579.0    2880.0
    2667.2    3060.0
    2767.6    3240.0
    2863.4    3420.0
    2970.2    3600.0
    3074.3    3780.0
    3181.9    3960.0
    3287.5    4140.0
    3385.9    4320.0
    3483.4    4500.0
    3564.0    4680.0
    3640.4    4860.0
    3709.1    5040.0
    3754.1    5220.0
    3797.2    5400.0
    3840.4    5580.0
    3883.6    5760.0
    3908.8    5940.0
    3923.3    6120.0
    3933.9    6300.0
    3947.7    6480.0
    3961.5    6660.0
    3975.3    6840.0
    3989.2    7020.0
 1.0    2.11349e+05
     128.0     180.0
     231.0     360.0
     383.3     540.0
     556.2     720.0
     779.7     900.0
    1012.5    1080.0
    1175.2    1260.0
    1401.8    1440.0
    1595.3    1620.0
    1765.1    1800.0
    2002.7    1980.0
    2157.6    2160.0
    2336.6    2340.0
    2422.2    2520.0
    2477.1    2700.0
    2598.0    2880.0
    2685.6    3060.0
    2784.9    3240.0
    2880.9    3420.0
    2986.3    3600.0
    3090.5    3780.0
    3197.6    3960.0
    3303.2    4140.0
    3401.9    4320.0
    3499.4    4500.0
    3580.4    4680.0
    3656.8    4860.0
    3726.8    5040.0
    3771.2    5220.0
    3814.4    5400.0
    3857.6    5580.0
    3900.7    5760.0
    3927.5    5940.0
    3939.0    6120.0
    3952.6    6300.0
    3966.4    6480.0
    3980.2    6660.0
    3994.0    6840.0
 1.0    2.29087e+05
     129.2     180.0
     234.2     360.0
     386.8     540.0
     566.3     720.0
     795.2     900.0
    1026.3    1080.0
    1196.5    1260.0
    1423.1    1440.0
    1616.8    1620.0
    1793.6    1800.0
    2039.6    1980.0
    2192.1    2160.0
    2356.3    2340.0
    2441.9    2520.0
    2506.1    2700.0
    2616.9    2880.0
    2704.0    3060.0
    2802.2    3240.0
    2898.2    3420.0
    3002.5    3600.0
    3106.6    3780.0
    3213.2    3960.0
    3318.9    4140.0
    3417.8    4320.0
    3515.3    4500.0
    3596.8    4680.0
    3673.3    4860.0
    3744.6    5040.0
    3788.4    5220.0
    3831.5    5400.0
    3874.7    5580.0
    3917.9    5760.0
    3946.1    5940.0
    3957.4    6120.0
    3971.2    6300.0
    3985.0    6480.0
    3998.8    6660.0
 1.0    2.48313e+05
     130.3     180.0
     237.3     360.0
     390.2     540.0
     576.3     720.0
     810.8     900.0
    1039.9    1080.0
    1217.8    1260.0
    1444.3    1440.0
    1638.2    1620.0
    1822.0    1800.0
    2076.5    1980.0
    2226.7    2160.0
    2375.9    2340.0
    2461.5    2520.0
    2534.0    2700.0
    2635.8    2880.0
    2722.9    3060.0
    2819.4    3240.0
    2915.5    3420.0
    3018.6    3600.0
    3122.8    3780.0
    3228.9    3960.0
    3334.6    4140.0
    3433.7    4320.0
    3531.2    4500.0
    3613.3    4680.0
    3689.7    4860.0
    3762.4    5040.0
    3805.5    5220.0
    3848.7    5400.0
    3891.9    5580.0
    3935.0    5760.0
    3964.7    5940.0
    3976.0    6120.0
    3989.8    6300.0
 1.0    2.69154e+05
     131.4     180.0
     240.5     360.0
     393.7     540.0
     586.4     720.0
     826.4     900.0
    1052.8    1080.0
    1239.1    1260.0
    1465.6    1440.0
    1659.6    1620.0
    1850.4    1800.0
    2113.4    1980.0
    2261.2    2160.0
    2395.6    2340.0
    2481.2    2520.0
    2561.6    2700.0
    2654.7    2880.0
    2741.8    3060.0
    2836.7    3240.0
    2932.8    3420.0
    3034.7    3600.0
    3138.9    3780.0
    3244.6    3960.0
    3350.3    4140.0
    3449.7    4320.0
    3547.2    4500.0
    3629.7    4680.0
    3706.1    4860.0
    3780.2    5040.0
    3822.7    5220.0
    3865.9    5400.0
    3909.0    5580.0
    3952.2    5760.0
    3981.0    5940.0
    3994.6    6120.0
 1.0    2.91743e+05
     132.5     180.0
     243.6     360.0
     397.2     540.0
     596.4     720.0
     842.0     900.0
    1065.7    1080.0
    1260.3    1260.0
    1486.9    1440.0
    1681.1    1620.0
    1878.9    1800.0
    2150.3    1980.0
    2295.8    2160.0
    2415.3    2340.0
    2500.9    2520.0
    2586.5    2700.0
    2673.7    2880.0
    2760.7    3060.0
    2854.0    3240.0
    2950.0    3420.0
    3050.9    3600.0
    3155.1    3780.0
    3260.3    3960.0
    3366.0    4140.0
    3465.6    4320.0
    3563.1    4500.0
    3646.1    4680.0
    3722.6    4860.0
    3796.7    5040.0
    3839.9    5220.0
    3883.0    5400.0
    3926.2    5580.0
    3969.3    5760.0
    3999.4    5940.0
 0.0    0.0

